ISO-10303-21;
HEADER;
FILE_DESCRIPTION(('KiCad electronic assembly'),'2;1');
FILE_NAME('B-TPP60308-BRK_R1.0_Step.step','2026-09-04T05:18:12',(
    'Pcbnew'),('Kicad'),'Open CASCADE STEP processor 7.8',
  'KiCad to STEP converter','Unknown');
FILE_SCHEMA(('AUTOMOTIVE_DESIGN { 1 0 10303 214 1 1 1 1 }'));
ENDSEC;
DATA;
#1 = APPLICATION_PROTOCOL_DEFINITION('international standard',
  'automotive_design',2000,#2);
#2 = APPLICATION_CONTEXT(
  'core data for automotive mechanical design processes');
#3 = SHAPE_DEFINITION_REPRESENTATION(#4,#10);
#4 = PRODUCT_DEFINITION_SHAPE('','',#5);
#5 = PRODUCT_DEFINITION('design','',#6,#9);
#6 = PRODUCT_DEFINITION_FORMATION('','',#7);
#7 = PRODUCT('B-TPP60308-BRK_R1.0_Step 1','B-TPP60308-BRK_R1.0_Step 1',
  '',(#8));
#8 = PRODUCT_CONTEXT('',#2,'mechanical');
#9 = PRODUCT_DEFINITION_CONTEXT('part definition',#2,'design');
#10 = SHAPE_REPRESENTATION('',(#11,#15,#19,#23,#27,#31,#35,#39,#43,#47,
    #51,#55,#59,#63,#67,#71,#75,#79,#83,#87),#91);
#11 = AXIS2_PLACEMENT_3D('',#12,#13,#14);
#12 = CARTESIAN_POINT('',(0.,0.,0.));
#13 = DIRECTION('',(0.,0.,1.));
#14 = DIRECTION('',(1.,0.,-0.));
#15 = AXIS2_PLACEMENT_3D('',#16,#17,#18);
#16 = CARTESIAN_POINT('',(0.74,-4.21,1.595));
#17 = DIRECTION('',(0.,-0.,1.));
#18 = DIRECTION('',(1.110223024625E-16,1.,0.));
#19 = AXIS2_PLACEMENT_3D('',#20,#21,#22);
#20 = CARTESIAN_POINT('',(3.87,2.8,1.595));
#21 = DIRECTION('',(0.,0.,1.));
#22 = DIRECTION('',(1.,0.,0.));
#23 = AXIS2_PLACEMENT_3D('',#24,#25,#26);
#24 = CARTESIAN_POINT('',(-10.16,3.09,1.595));
#25 = DIRECTION('',(-0.,0.,1.));
#26 = DIRECTION('',(1.110223024625E-16,-1.,0.));
#27 = AXIS2_PLACEMENT_3D('',#28,#29,#30);
#28 = CARTESIAN_POINT('',(-4.632,1.685,1.595));
#29 = DIRECTION('',(0.,0.,1.));
#30 = DIRECTION('',(1.,0.,0.));
#31 = AXIS2_PLACEMENT_3D('',#32,#33,#34);
#32 = CARTESIAN_POINT('',(3.13,-8.17,1.595));
#33 = DIRECTION('',(0.,-0.,1.));
#34 = DIRECTION('',(1.110223024625E-16,1.,0.));
#35 = AXIS2_PLACEMENT_3D('',#36,#37,#38);
#36 = CARTESIAN_POINT('',(1.21,-8.17,1.595));
#37 = DIRECTION('',(-0.,0.,1.));
#38 = DIRECTION('',(1.110223024625E-16,-1.,0.));
#39 = AXIS2_PLACEMENT_3D('',#40,#41,#42);
#40 = CARTESIAN_POINT('',(-3.68,-3.855,1.595));
#41 = DIRECTION('',(0.,-0.,1.));
#42 = DIRECTION('',(1.110223024625E-16,1.,0.));
#43 = AXIS2_PLACEMENT_3D('',#44,#45,#46);
#44 = CARTESIAN_POINT('',(-4.632,5.465,1.595));
#45 = DIRECTION('',(0.,0.,1.));
#46 = DIRECTION('',(-1.,1.224646799147E-16,0.));
#47 = AXIS2_PLACEMENT_3D('',#48,#49,#50);
#48 = CARTESIAN_POINT('',(7.23,-7.08,1.595));
#49 = DIRECTION('',(-0.,0.,1.));
#50 = DIRECTION('',(1.110223024625E-16,-1.,0.));
#51 = AXIS2_PLACEMENT_3D('',#52,#53,#54);
#52 = CARTESIAN_POINT('',(9.79,-7.08,1.595));
#53 = DIRECTION('',(-0.,0.,1.));
#54 = DIRECTION('',(1.110223024625E-16,-1.,0.));
#55 = AXIS2_PLACEMENT_3D('',#56,#57,#58);
#56 = CARTESIAN_POINT('',(15.73,-7.08,1.595));
#57 = DIRECTION('',(-0.,0.,1.));
#58 = DIRECTION('',(1.110223024625E-16,-1.,0.));
#59 = AXIS2_PLACEMENT_3D('',#60,#61,#62);
#60 = CARTESIAN_POINT('',(4.93,-4.21,1.595));
#61 = DIRECTION('',(-0.,0.,1.));
#62 = DIRECTION('',(1.110223024625E-16,-1.,0.));
#63 = AXIS2_PLACEMENT_3D('',#64,#65,#66);
#64 = CARTESIAN_POINT('',(13.13,-7.08,1.595));
#65 = DIRECTION('',(-0.,0.,1.));
#66 = DIRECTION('',(1.110223024625E-16,-1.,0.));
#67 = AXIS2_PLACEMENT_3D('',#68,#69,#70);
#68 = CARTESIAN_POINT('',(17.65,-7.08,1.595));
#69 = DIRECTION('',(-0.,0.,1.));
#70 = DIRECTION('',(1.110223024625E-16,-1.,0.));
#71 = AXIS2_PLACEMENT_3D('',#72,#73,#74);
#72 = CARTESIAN_POINT('',(13.0725,0.9525,1.595));
#73 = DIRECTION('',(0.,0.,1.));
#74 = DIRECTION('',(1.,0.,0.));
#75 = AXIS2_PLACEMENT_3D('',#76,#77,#78);
#76 = CARTESIAN_POINT('',(-12.593333,3.09,1.595));
#77 = DIRECTION('',(-0.,0.,1.));
#78 = DIRECTION('',(1.110223024625E-16,-1.,0.));
#79 = AXIS2_PLACEMENT_3D('',#80,#81,#82);
#80 = CARTESIAN_POINT('',(-2.01,-3.855,1.595));
#81 = DIRECTION('',(-0.,0.,1.));
#82 = DIRECTION('',(1.110223024625E-16,-1.,0.));
#83 = AXIS2_PLACEMENT_3D('',#84,#85,#86);
#84 = CARTESIAN_POINT('',(2.695,-4.0725,1.595));
#85 = DIRECTION('',(-0.,0.,1.));
#86 = DIRECTION('',(1.110223024625E-16,-1.,0.));
#87 = AXIS2_PLACEMENT_3D('',#88,#89,#90);
#88 = CARTESIAN_POINT('',(0.,0.,0.));
#89 = DIRECTION('',(0.,0.,1.));
#90 = DIRECTION('',(1.,0.,-0.));
#91 = ( GEOMETRIC_REPRESENTATION_CONTEXT(3) 
GLOBAL_UNCERTAINTY_ASSIGNED_CONTEXT((#95)) GLOBAL_UNIT_ASSIGNED_CONTEXT(
(#92,#93,#94)) REPRESENTATION_CONTEXT('Context #1',
  '3D Context with UNIT and UNCERTAINTY') );
#92 = ( LENGTH_UNIT() NAMED_UNIT(*) SI_UNIT(.MILLI.,.METRE.) );
#93 = ( NAMED_UNIT(*) PLANE_ANGLE_UNIT() SI_UNIT($,.RADIAN.) );
#94 = ( NAMED_UNIT(*) SI_UNIT($,.STERADIAN.) SOLID_ANGLE_UNIT() );
#95 = UNCERTAINTY_MEASURE_WITH_UNIT(LENGTH_MEASURE(1.E-07),#92,
  'distance_accuracy_value','confusion accuracy');
#96 = PRODUCT_RELATED_PRODUCT_CATEGORY('part',$,(#7));
#97 = SHAPE_DEFINITION_REPRESENTATION(#98,#104);
#98 = PRODUCT_DEFINITION_SHAPE('','',#99);
#99 = PRODUCT_DEFINITION('design','',#100,#103);
#100 = PRODUCT_DEFINITION_FORMATION('','',#101);
#101 = PRODUCT('C_0603_1608Metric','C_0603_1608Metric','',(#102));
#102 = PRODUCT_CONTEXT('',#2,'mechanical');
#103 = PRODUCT_DEFINITION_CONTEXT('part definition',#2,'design');
#104 = SHAPE_REPRESENTATION('',(#11,#105),#109);
#105 = AXIS2_PLACEMENT_3D('',#106,#107,#108);
#106 = CARTESIAN_POINT('',(0.,0.,0.));
#107 = DIRECTION('',(0.,0.,1.));
#108 = DIRECTION('',(1.,0.,-0.));
#109 = ( GEOMETRIC_REPRESENTATION_CONTEXT(3) 
GLOBAL_UNCERTAINTY_ASSIGNED_CONTEXT((#113)) GLOBAL_UNIT_ASSIGNED_CONTEXT
((#110,#111,#112)) REPRESENTATION_CONTEXT('Context #1',
  '3D Context with UNIT and UNCERTAINTY') );
#110 = ( LENGTH_UNIT() NAMED_UNIT(*) SI_UNIT(.MILLI.,.METRE.) );
#111 = ( NAMED_UNIT(*) PLANE_ANGLE_UNIT() SI_UNIT($,.RADIAN.) );
#112 = ( NAMED_UNIT(*) SI_UNIT($,.STERADIAN.) SOLID_ANGLE_UNIT() );
#113 = UNCERTAINTY_MEASURE_WITH_UNIT(LENGTH_MEASURE(1.E-07),#110,
  'distance_accuracy_value','confusion accuracy');
#114 = CONTEXT_DEPENDENT_SHAPE_REPRESENTATION(#115,#117);
#115 = ( REPRESENTATION_RELATIONSHIP('','',#104,#10) 
REPRESENTATION_RELATIONSHIP_WITH_TRANSFORMATION(#116) 
SHAPE_REPRESENTATION_RELATIONSHIP() );
#116 = ITEM_DEFINED_TRANSFORMATION('','',#11,#15);
#117 = PRODUCT_DEFINITION_SHAPE('Placement','Placement of an item',#118
  );
#118 = NEXT_ASSEMBLY_USAGE_OCCURRENCE('2','C7','',#5,#99,$);
#119 = PRODUCT_RELATED_PRODUCT_CATEGORY('part',$,(#101));
#120 = SHAPE_DEFINITION_REPRESENTATION(#121,#127);
#121 = PRODUCT_DEFINITION_SHAPE('','',#122);
#122 = PRODUCT_DEFINITION('design','',#123,#126);
#123 = PRODUCT_DEFINITION_FORMATION('','',#124);
#124 = PRODUCT('C_0603_1608Metric','C_0603_1608Metric','',(#125));
#125 = PRODUCT_CONTEXT('',#2,'mechanical');
#126 = PRODUCT_DEFINITION_CONTEXT('part definition',#2,'design');
#127 = ADVANCED_BREP_SHAPE_REPRESENTATION('',(#11,#128),#982);
#128 = MANIFOLD_SOLID_BREP('',#129);
#129 = CLOSED_SHELL('',(#130,#206,#237,#262,#287,#311,#335,#360,#385,
    #402,#488,#520,#544,#569,#593,#618,#642,#667,#684,#770,#801,#826,
    #851,#875,#899,#924,#949,#966));
#130 = ADVANCED_FACE('',(#131),#201,.F.);
#131 = FACE_BOUND('',#132,.F.);
#132 = EDGE_LOOP('',(#133,#143,#152,#160,#169,#177,#186,#194));
#133 = ORIENTED_EDGE('',*,*,#134,.F.);
#134 = EDGE_CURVE('',#135,#137,#139,.T.);
#135 = VERTEX_POINT('',#136);
#136 = CARTESIAN_POINT('',(-0.8,-0.4,3.E-02));
#137 = VERTEX_POINT('',#138);
#138 = CARTESIAN_POINT('',(-0.8,-0.4,0.77));
#139 = LINE('',#140,#141);
#140 = CARTESIAN_POINT('',(-0.8,-0.4,0.));
#141 = VECTOR('',#142,1.);
#142 = DIRECTION('',(0.,0.,1.));
#143 = ORIENTED_EDGE('',*,*,#144,.T.);
#144 = EDGE_CURVE('',#135,#145,#147,.T.);
#145 = VERTEX_POINT('',#146);
#146 = CARTESIAN_POINT('',(-0.8,-0.37,0.));
#147 = CIRCLE('',#148,3.E-02);
#148 = AXIS2_PLACEMENT_3D('',#149,#150,#151);
#149 = CARTESIAN_POINT('',(-0.8,-0.37,3.E-02));
#150 = DIRECTION('',(1.,0.,-0.));
#151 = DIRECTION('',(0.,0.,1.));
#152 = ORIENTED_EDGE('',*,*,#153,.T.);
#153 = EDGE_CURVE('',#145,#154,#156,.T.);
#154 = VERTEX_POINT('',#155);
#155 = CARTESIAN_POINT('',(-0.8,0.37,0.));
#156 = LINE('',#157,#158);
#157 = CARTESIAN_POINT('',(-0.8,-0.4,0.));
#158 = VECTOR('',#159,1.);
#159 = DIRECTION('',(0.,1.,0.));
#160 = ORIENTED_EDGE('',*,*,#161,.F.);
#161 = EDGE_CURVE('',#162,#154,#164,.T.);
#162 = VERTEX_POINT('',#163);
#163 = CARTESIAN_POINT('',(-0.8,0.4,3.E-02));
#164 = CIRCLE('',#165,3.E-02);
#165 = AXIS2_PLACEMENT_3D('',#166,#167,#168);
#166 = CARTESIAN_POINT('',(-0.8,0.37,3.E-02));
#167 = DIRECTION('',(-1.,0.,0.));
#168 = DIRECTION('',(0.,0.,1.));
#169 = ORIENTED_EDGE('',*,*,#170,.T.);
#170 = EDGE_CURVE('',#162,#171,#173,.T.);
#171 = VERTEX_POINT('',#172);
#172 = CARTESIAN_POINT('',(-0.8,0.4,0.77));
#173 = LINE('',#174,#175);
#174 = CARTESIAN_POINT('',(-0.8,0.4,0.));
#175 = VECTOR('',#176,1.);
#176 = DIRECTION('',(0.,0.,1.));
#177 = ORIENTED_EDGE('',*,*,#178,.T.);
#178 = EDGE_CURVE('',#171,#179,#181,.T.);
#179 = VERTEX_POINT('',#180);
#180 = CARTESIAN_POINT('',(-0.8,0.37,0.8));
#181 = CIRCLE('',#182,3.E-02);
#182 = AXIS2_PLACEMENT_3D('',#183,#184,#185);
#183 = CARTESIAN_POINT('',(-0.8,0.37,0.77));
#184 = DIRECTION('',(1.,0.,-0.));
#185 = DIRECTION('',(0.,0.,1.));
#186 = ORIENTED_EDGE('',*,*,#187,.F.);
#187 = EDGE_CURVE('',#188,#179,#190,.T.);
#188 = VERTEX_POINT('',#189);
#189 = CARTESIAN_POINT('',(-0.8,-0.37,0.8));
#190 = LINE('',#191,#192);
#191 = CARTESIAN_POINT('',(-0.8,-0.4,0.8));
#192 = VECTOR('',#193,1.);
#193 = DIRECTION('',(0.,1.,0.));
#194 = ORIENTED_EDGE('',*,*,#195,.F.);
#195 = EDGE_CURVE('',#137,#188,#196,.T.);
#196 = CIRCLE('',#197,3.E-02);
#197 = AXIS2_PLACEMENT_3D('',#198,#199,#200);
#198 = CARTESIAN_POINT('',(-0.8,-0.37,0.77));
#199 = DIRECTION('',(-1.,0.,0.));
#200 = DIRECTION('',(0.,0.,1.));
#201 = PLANE('',#202);
#202 = AXIS2_PLACEMENT_3D('',#203,#204,#205);
#203 = CARTESIAN_POINT('',(-0.8,-0.4,0.));
#204 = DIRECTION('',(1.,0.,0.));
#205 = DIRECTION('',(0.,0.,1.));
#206 = ADVANCED_FACE('',(#207),#232,.F.);
#207 = FACE_BOUND('',#208,.F.);
#208 = EDGE_LOOP('',(#209,#219,#225,#226));
#209 = ORIENTED_EDGE('',*,*,#210,.F.);
#210 = EDGE_CURVE('',#211,#213,#215,.T.);
#211 = VERTEX_POINT('',#212);
#212 = CARTESIAN_POINT('',(-0.5,-0.4,3.E-02));
#213 = VERTEX_POINT('',#214);
#214 = CARTESIAN_POINT('',(-0.5,-0.4,0.77));
#215 = LINE('',#216,#217);
#216 = CARTESIAN_POINT('',(-0.5,-0.4,0.));
#217 = VECTOR('',#218,1.);
#218 = DIRECTION('',(0.,0.,1.));
#219 = ORIENTED_EDGE('',*,*,#220,.F.);
#220 = EDGE_CURVE('',#135,#211,#221,.T.);
#221 = LINE('',#222,#223);
#222 = CARTESIAN_POINT('',(-0.8,-0.4,3.E-02));
#223 = VECTOR('',#224,1.);
#224 = DIRECTION('',(1.,0.,0.));
#225 = ORIENTED_EDGE('',*,*,#134,.T.);
#226 = ORIENTED_EDGE('',*,*,#227,.T.);
#227 = EDGE_CURVE('',#137,#213,#228,.T.);
#228 = LINE('',#229,#230);
#229 = CARTESIAN_POINT('',(-0.8,-0.4,0.77));
#230 = VECTOR('',#231,1.);
#231 = DIRECTION('',(1.,0.,0.));
#232 = PLANE('',#233);
#233 = AXIS2_PLACEMENT_3D('',#234,#235,#236);
#234 = CARTESIAN_POINT('',(-0.8,-0.4,0.));
#235 = DIRECTION('',(0.,1.,0.));
#236 = DIRECTION('',(0.,-0.,1.));
#237 = ADVANCED_FACE('',(#238),#257,.T.);
#238 = FACE_BOUND('',#239,.T.);
#239 = EDGE_LOOP('',(#240,#241,#249,#256));
#240 = ORIENTED_EDGE('',*,*,#144,.T.);
#241 = ORIENTED_EDGE('',*,*,#242,.T.);
#242 = EDGE_CURVE('',#145,#243,#245,.T.);
#243 = VERTEX_POINT('',#244);
#244 = CARTESIAN_POINT('',(-0.5,-0.37,0.));
#245 = LINE('',#246,#247);
#246 = CARTESIAN_POINT('',(-0.8,-0.37,0.));
#247 = VECTOR('',#248,1.);
#248 = DIRECTION('',(1.,0.,0.));
#249 = ORIENTED_EDGE('',*,*,#250,.F.);
#250 = EDGE_CURVE('',#211,#243,#251,.T.);
#251 = CIRCLE('',#252,3.E-02);
#252 = AXIS2_PLACEMENT_3D('',#253,#254,#255);
#253 = CARTESIAN_POINT('',(-0.5,-0.37,3.E-02));
#254 = DIRECTION('',(1.,0.,-0.));
#255 = DIRECTION('',(0.,0.,1.));
#256 = ORIENTED_EDGE('',*,*,#220,.F.);
#257 = CYLINDRICAL_SURFACE('',#258,3.E-02);
#258 = AXIS2_PLACEMENT_3D('',#259,#260,#261);
#259 = CARTESIAN_POINT('',(-0.8,-0.37,3.E-02));
#260 = DIRECTION('',(1.,0.,0.));
#261 = DIRECTION('',(0.,-1.,0.));
#262 = ADVANCED_FACE('',(#263),#282,.T.);
#263 = FACE_BOUND('',#264,.T.);
#264 = EDGE_LOOP('',(#265,#266,#275,#281));
#265 = ORIENTED_EDGE('',*,*,#227,.T.);
#266 = ORIENTED_EDGE('',*,*,#267,.T.);
#267 = EDGE_CURVE('',#213,#268,#270,.T.);
#268 = VERTEX_POINT('',#269);
#269 = CARTESIAN_POINT('',(-0.5,-0.37,0.8));
#270 = CIRCLE('',#271,3.E-02);
#271 = AXIS2_PLACEMENT_3D('',#272,#273,#274);
#272 = CARTESIAN_POINT('',(-0.5,-0.37,0.77));
#273 = DIRECTION('',(-1.,0.,0.));
#274 = DIRECTION('',(0.,0.,1.));
#275 = ORIENTED_EDGE('',*,*,#276,.F.);
#276 = EDGE_CURVE('',#188,#268,#277,.T.);
#277 = LINE('',#278,#279);
#278 = CARTESIAN_POINT('',(-0.8,-0.37,0.8));
#279 = VECTOR('',#280,1.);
#280 = DIRECTION('',(1.,0.,0.));
#281 = ORIENTED_EDGE('',*,*,#195,.F.);
#282 = CYLINDRICAL_SURFACE('',#283,3.E-02);
#283 = AXIS2_PLACEMENT_3D('',#284,#285,#286);
#284 = CARTESIAN_POINT('',(-0.8,-0.37,0.77));
#285 = DIRECTION('',(1.,0.,0.));
#286 = DIRECTION('',(0.,-1.,0.));
#287 = ADVANCED_FACE('',(#288),#306,.F.);
#288 = FACE_BOUND('',#289,.F.);
#289 = EDGE_LOOP('',(#290,#291,#292,#300));
#290 = ORIENTED_EDGE('',*,*,#153,.F.);
#291 = ORIENTED_EDGE('',*,*,#242,.T.);
#292 = ORIENTED_EDGE('',*,*,#293,.T.);
#293 = EDGE_CURVE('',#243,#294,#296,.T.);
#294 = VERTEX_POINT('',#295);
#295 = CARTESIAN_POINT('',(-0.5,0.37,0.));
#296 = LINE('',#297,#298);
#297 = CARTESIAN_POINT('',(-0.5,-0.4,0.));
#298 = VECTOR('',#299,1.);
#299 = DIRECTION('',(0.,1.,0.));
#300 = ORIENTED_EDGE('',*,*,#301,.F.);
#301 = EDGE_CURVE('',#154,#294,#302,.T.);
#302 = LINE('',#303,#304);
#303 = CARTESIAN_POINT('',(-0.8,0.37,0.));
#304 = VECTOR('',#305,1.);
#305 = DIRECTION('',(1.,0.,0.));
#306 = PLANE('',#307);
#307 = AXIS2_PLACEMENT_3D('',#308,#309,#310);
#308 = CARTESIAN_POINT('',(-0.8,-0.4,0.));
#309 = DIRECTION('',(0.,0.,1.));
#310 = DIRECTION('',(1.,0.,-0.));
#311 = ADVANCED_FACE('',(#312),#330,.T.);
#312 = FACE_BOUND('',#313,.T.);
#313 = EDGE_LOOP('',(#314,#315,#316,#324));
#314 = ORIENTED_EDGE('',*,*,#187,.F.);
#315 = ORIENTED_EDGE('',*,*,#276,.T.);
#316 = ORIENTED_EDGE('',*,*,#317,.T.);
#317 = EDGE_CURVE('',#268,#318,#320,.T.);
#318 = VERTEX_POINT('',#319);
#319 = CARTESIAN_POINT('',(-0.5,0.37,0.8));
#320 = LINE('',#321,#322);
#321 = CARTESIAN_POINT('',(-0.5,-0.4,0.8));
#322 = VECTOR('',#323,1.);
#323 = DIRECTION('',(0.,1.,0.));
#324 = ORIENTED_EDGE('',*,*,#325,.F.);
#325 = EDGE_CURVE('',#179,#318,#326,.T.);
#326 = LINE('',#327,#328);
#327 = CARTESIAN_POINT('',(-0.8,0.37,0.8));
#328 = VECTOR('',#329,1.);
#329 = DIRECTION('',(1.,0.,0.));
#330 = PLANE('',#331);
#331 = AXIS2_PLACEMENT_3D('',#332,#333,#334);
#332 = CARTESIAN_POINT('',(-0.8,-0.4,0.8));
#333 = DIRECTION('',(0.,0.,1.));
#334 = DIRECTION('',(1.,0.,-0.));
#335 = ADVANCED_FACE('',(#336),#355,.T.);
#336 = FACE_BOUND('',#337,.T.);
#337 = EDGE_LOOP('',(#338,#346,#353,#354));
#338 = ORIENTED_EDGE('',*,*,#339,.T.);
#339 = EDGE_CURVE('',#162,#340,#342,.T.);
#340 = VERTEX_POINT('',#341);
#341 = CARTESIAN_POINT('',(-0.5,0.4,3.E-02));
#342 = LINE('',#343,#344);
#343 = CARTESIAN_POINT('',(-0.8,0.4,3.E-02));
#344 = VECTOR('',#345,1.);
#345 = DIRECTION('',(1.,0.,0.));
#346 = ORIENTED_EDGE('',*,*,#347,.T.);
#347 = EDGE_CURVE('',#340,#294,#348,.T.);
#348 = CIRCLE('',#349,3.E-02);
#349 = AXIS2_PLACEMENT_3D('',#350,#351,#352);
#350 = CARTESIAN_POINT('',(-0.5,0.37,3.E-02));
#351 = DIRECTION('',(-1.,0.,0.));
#352 = DIRECTION('',(0.,0.,1.));
#353 = ORIENTED_EDGE('',*,*,#301,.F.);
#354 = ORIENTED_EDGE('',*,*,#161,.F.);
#355 = CYLINDRICAL_SURFACE('',#356,3.E-02);
#356 = AXIS2_PLACEMENT_3D('',#357,#358,#359);
#357 = CARTESIAN_POINT('',(-0.8,0.37,3.E-02));
#358 = DIRECTION('',(1.,0.,0.));
#359 = DIRECTION('',(-0.,1.,0.));
#360 = ADVANCED_FACE('',(#361),#380,.T.);
#361 = FACE_BOUND('',#362,.T.);
#362 = EDGE_LOOP('',(#363,#364,#365,#374));
#363 = ORIENTED_EDGE('',*,*,#178,.T.);
#364 = ORIENTED_EDGE('',*,*,#325,.T.);
#365 = ORIENTED_EDGE('',*,*,#366,.F.);
#366 = EDGE_CURVE('',#367,#318,#369,.T.);
#367 = VERTEX_POINT('',#368);
#368 = CARTESIAN_POINT('',(-0.5,0.4,0.77));
#369 = CIRCLE('',#370,3.E-02);
#370 = AXIS2_PLACEMENT_3D('',#371,#372,#373);
#371 = CARTESIAN_POINT('',(-0.5,0.37,0.77));
#372 = DIRECTION('',(1.,0.,-0.));
#373 = DIRECTION('',(0.,0.,1.));
#374 = ORIENTED_EDGE('',*,*,#375,.F.);
#375 = EDGE_CURVE('',#171,#367,#376,.T.);
#376 = LINE('',#377,#378);
#377 = CARTESIAN_POINT('',(-0.8,0.4,0.77));
#378 = VECTOR('',#379,1.);
#379 = DIRECTION('',(1.,0.,0.));
#380 = CYLINDRICAL_SURFACE('',#381,3.E-02);
#381 = AXIS2_PLACEMENT_3D('',#382,#383,#384);
#382 = CARTESIAN_POINT('',(-0.8,0.37,0.77));
#383 = DIRECTION('',(1.,0.,0.));
#384 = DIRECTION('',(-0.,1.,0.));
#385 = ADVANCED_FACE('',(#386),#397,.T.);
#386 = FACE_BOUND('',#387,.T.);
#387 = EDGE_LOOP('',(#388,#394,#395,#396));
#388 = ORIENTED_EDGE('',*,*,#389,.F.);
#389 = EDGE_CURVE('',#340,#367,#390,.T.);
#390 = LINE('',#391,#392);
#391 = CARTESIAN_POINT('',(-0.5,0.4,0.));
#392 = VECTOR('',#393,1.);
#393 = DIRECTION('',(0.,0.,1.));
#394 = ORIENTED_EDGE('',*,*,#339,.F.);
#395 = ORIENTED_EDGE('',*,*,#170,.T.);
#396 = ORIENTED_EDGE('',*,*,#375,.T.);
#397 = PLANE('',#398);
#398 = AXIS2_PLACEMENT_3D('',#399,#400,#401);
#399 = CARTESIAN_POINT('',(-0.8,0.4,0.));
#400 = DIRECTION('',(0.,1.,0.));
#401 = DIRECTION('',(0.,-0.,1.));
#402 = ADVANCED_FACE('',(#403,#413),#483,.T.);
#403 = FACE_BOUND('',#404,.T.);
#404 = EDGE_LOOP('',(#405,#406,#407,#408,#409,#410,#411,#412));
#405 = ORIENTED_EDGE('',*,*,#210,.F.);
#406 = ORIENTED_EDGE('',*,*,#250,.T.);
#407 = ORIENTED_EDGE('',*,*,#293,.T.);
#408 = ORIENTED_EDGE('',*,*,#347,.F.);
#409 = ORIENTED_EDGE('',*,*,#389,.T.);
#410 = ORIENTED_EDGE('',*,*,#366,.T.);
#411 = ORIENTED_EDGE('',*,*,#317,.F.);
#412 = ORIENTED_EDGE('',*,*,#267,.F.);
#413 = FACE_BOUND('',#414,.T.);
#414 = EDGE_LOOP('',(#415,#426,#434,#443,#451,#460,#468,#477));
#415 = ORIENTED_EDGE('',*,*,#416,.F.);
#416 = EDGE_CURVE('',#417,#419,#421,.T.);
#417 = VERTEX_POINT('',#418);
#418 = CARTESIAN_POINT('',(-0.5,-0.37,6.E-02));
#419 = VERTEX_POINT('',#420);
#420 = CARTESIAN_POINT('',(-0.5,-0.34,3.E-02));
#421 = CIRCLE('',#422,3.E-02);
#422 = AXIS2_PLACEMENT_3D('',#423,#424,#425);
#423 = CARTESIAN_POINT('',(-0.5,-0.34,6.E-02));
#424 = DIRECTION('',(1.,0.,-0.));
#425 = DIRECTION('',(0.,0.,1.));
#426 = ORIENTED_EDGE('',*,*,#427,.T.);
#427 = EDGE_CURVE('',#417,#428,#430,.T.);
#428 = VERTEX_POINT('',#429);
#429 = CARTESIAN_POINT('',(-0.5,-0.37,0.74));
#430 = LINE('',#431,#432);
#431 = CARTESIAN_POINT('',(-0.5,-0.37,3.E-02));
#432 = VECTOR('',#433,1.);
#433 = DIRECTION('',(0.,0.,1.));
#434 = ORIENTED_EDGE('',*,*,#435,.T.);
#435 = EDGE_CURVE('',#428,#436,#438,.T.);
#436 = VERTEX_POINT('',#437);
#437 = CARTESIAN_POINT('',(-0.5,-0.34,0.77));
#438 = CIRCLE('',#439,3.E-02);
#439 = AXIS2_PLACEMENT_3D('',#440,#441,#442);
#440 = CARTESIAN_POINT('',(-0.5,-0.34,0.74));
#441 = DIRECTION('',(-1.,0.,0.));
#442 = DIRECTION('',(0.,0.,1.));
#443 = ORIENTED_EDGE('',*,*,#444,.T.);
#444 = EDGE_CURVE('',#436,#445,#447,.T.);
#445 = VERTEX_POINT('',#446);
#446 = CARTESIAN_POINT('',(-0.5,0.34,0.77));
#447 = LINE('',#448,#449);
#448 = CARTESIAN_POINT('',(-0.5,-0.37,0.77));
#449 = VECTOR('',#450,1.);
#450 = DIRECTION('',(0.,1.,0.));
#451 = ORIENTED_EDGE('',*,*,#452,.F.);
#452 = EDGE_CURVE('',#453,#445,#455,.T.);
#453 = VERTEX_POINT('',#454);
#454 = CARTESIAN_POINT('',(-0.5,0.37,0.74));
#455 = CIRCLE('',#456,3.E-02);
#456 = AXIS2_PLACEMENT_3D('',#457,#458,#459);
#457 = CARTESIAN_POINT('',(-0.5,0.34,0.74));
#458 = DIRECTION('',(1.,0.,-0.));
#459 = DIRECTION('',(0.,0.,1.));
#460 = ORIENTED_EDGE('',*,*,#461,.F.);
#461 = EDGE_CURVE('',#462,#453,#464,.T.);
#462 = VERTEX_POINT('',#463);
#463 = CARTESIAN_POINT('',(-0.5,0.37,6.E-02));
#464 = LINE('',#465,#466);
#465 = CARTESIAN_POINT('',(-0.5,0.37,3.E-02));
#466 = VECTOR('',#467,1.);
#467 = DIRECTION('',(0.,0.,1.));
#468 = ORIENTED_EDGE('',*,*,#469,.T.);
#469 = EDGE_CURVE('',#462,#470,#472,.T.);
#470 = VERTEX_POINT('',#471);
#471 = CARTESIAN_POINT('',(-0.5,0.34,3.E-02));
#472 = CIRCLE('',#473,3.E-02);
#473 = AXIS2_PLACEMENT_3D('',#474,#475,#476);
#474 = CARTESIAN_POINT('',(-0.5,0.34,6.E-02));
#475 = DIRECTION('',(-1.,0.,0.));
#476 = DIRECTION('',(0.,0.,1.));
#477 = ORIENTED_EDGE('',*,*,#478,.F.);
#478 = EDGE_CURVE('',#419,#470,#479,.T.);
#479 = LINE('',#480,#481);
#480 = CARTESIAN_POINT('',(-0.5,-0.37,3.E-02));
#481 = VECTOR('',#482,1.);
#482 = DIRECTION('',(0.,1.,0.));
#483 = PLANE('',#484);
#484 = AXIS2_PLACEMENT_3D('',#485,#486,#487);
#485 = CARTESIAN_POINT('',(-0.5,-0.4,0.));
#486 = DIRECTION('',(1.,0.,0.));
#487 = DIRECTION('',(0.,0.,1.));
#488 = ADVANCED_FACE('',(#489),#515,.T.);
#489 = FACE_BOUND('',#490,.T.);
#490 = EDGE_LOOP('',(#491,#492,#500,#509));
#491 = ORIENTED_EDGE('',*,*,#416,.T.);
#492 = ORIENTED_EDGE('',*,*,#493,.T.);
#493 = EDGE_CURVE('',#419,#494,#496,.T.);
#494 = VERTEX_POINT('',#495);
#495 = CARTESIAN_POINT('',(0.5,-0.34,3.E-02));
#496 = LINE('',#497,#498);
#497 = CARTESIAN_POINT('',(-0.5,-0.34,3.E-02));
#498 = VECTOR('',#499,1.);
#499 = DIRECTION('',(1.,0.,0.));
#500 = ORIENTED_EDGE('',*,*,#501,.F.);
#501 = EDGE_CURVE('',#502,#494,#504,.T.);
#502 = VERTEX_POINT('',#503);
#503 = CARTESIAN_POINT('',(0.5,-0.37,6.E-02));
#504 = CIRCLE('',#505,3.E-02);
#505 = AXIS2_PLACEMENT_3D('',#506,#507,#508);
#506 = CARTESIAN_POINT('',(0.5,-0.34,6.E-02));
#507 = DIRECTION('',(1.,0.,-0.));
#508 = DIRECTION('',(0.,0.,1.));
#509 = ORIENTED_EDGE('',*,*,#510,.F.);
#510 = EDGE_CURVE('',#417,#502,#511,.T.);
#511 = LINE('',#512,#513);
#512 = CARTESIAN_POINT('',(-0.5,-0.37,6.E-02));
#513 = VECTOR('',#514,1.);
#514 = DIRECTION('',(1.,0.,0.));
#515 = CYLINDRICAL_SURFACE('',#516,3.E-02);
#516 = AXIS2_PLACEMENT_3D('',#517,#518,#519);
#517 = CARTESIAN_POINT('',(-0.5,-0.34,6.E-02));
#518 = DIRECTION('',(1.,0.,0.));
#519 = DIRECTION('',(0.,-1.,0.));
#520 = ADVANCED_FACE('',(#521),#539,.F.);
#521 = FACE_BOUND('',#522,.F.);
#522 = EDGE_LOOP('',(#523,#524,#525,#533));
#523 = ORIENTED_EDGE('',*,*,#478,.F.);
#524 = ORIENTED_EDGE('',*,*,#493,.T.);
#525 = ORIENTED_EDGE('',*,*,#526,.T.);
#526 = EDGE_CURVE('',#494,#527,#529,.T.);
#527 = VERTEX_POINT('',#528);
#528 = CARTESIAN_POINT('',(0.5,0.34,3.E-02));
#529 = LINE('',#530,#531);
#530 = CARTESIAN_POINT('',(0.5,-0.37,3.E-02));
#531 = VECTOR('',#532,1.);
#532 = DIRECTION('',(0.,1.,0.));
#533 = ORIENTED_EDGE('',*,*,#534,.F.);
#534 = EDGE_CURVE('',#470,#527,#535,.T.);
#535 = LINE('',#536,#537);
#536 = CARTESIAN_POINT('',(-0.5,0.34,3.E-02));
#537 = VECTOR('',#538,1.);
#538 = DIRECTION('',(1.,0.,0.));
#539 = PLANE('',#540);
#540 = AXIS2_PLACEMENT_3D('',#541,#542,#543);
#541 = CARTESIAN_POINT('',(-0.5,-0.37,3.E-02));
#542 = DIRECTION('',(0.,0.,1.));
#543 = DIRECTION('',(1.,0.,-0.));
#544 = ADVANCED_FACE('',(#545),#564,.T.);
#545 = FACE_BOUND('',#546,.T.);
#546 = EDGE_LOOP('',(#547,#555,#562,#563));
#547 = ORIENTED_EDGE('',*,*,#548,.T.);
#548 = EDGE_CURVE('',#462,#549,#551,.T.);
#549 = VERTEX_POINT('',#550);
#550 = CARTESIAN_POINT('',(0.5,0.37,6.E-02));
#551 = LINE('',#552,#553);
#552 = CARTESIAN_POINT('',(-0.5,0.37,6.E-02));
#553 = VECTOR('',#554,1.);
#554 = DIRECTION('',(1.,0.,0.));
#555 = ORIENTED_EDGE('',*,*,#556,.T.);
#556 = EDGE_CURVE('',#549,#527,#557,.T.);
#557 = CIRCLE('',#558,3.E-02);
#558 = AXIS2_PLACEMENT_3D('',#559,#560,#561);
#559 = CARTESIAN_POINT('',(0.5,0.34,6.E-02));
#560 = DIRECTION('',(-1.,0.,0.));
#561 = DIRECTION('',(0.,0.,1.));
#562 = ORIENTED_EDGE('',*,*,#534,.F.);
#563 = ORIENTED_EDGE('',*,*,#469,.F.);
#564 = CYLINDRICAL_SURFACE('',#565,3.E-02);
#565 = AXIS2_PLACEMENT_3D('',#566,#567,#568);
#566 = CARTESIAN_POINT('',(-0.5,0.34,6.E-02));
#567 = DIRECTION('',(1.,0.,0.));
#568 = DIRECTION('',(-0.,1.,0.));
#569 = ADVANCED_FACE('',(#570),#588,.T.);
#570 = FACE_BOUND('',#571,.T.);
#571 = EDGE_LOOP('',(#572,#580,#581,#582));
#572 = ORIENTED_EDGE('',*,*,#573,.F.);
#573 = EDGE_CURVE('',#549,#574,#576,.T.);
#574 = VERTEX_POINT('',#575);
#575 = CARTESIAN_POINT('',(0.5,0.37,0.74));
#576 = LINE('',#577,#578);
#577 = CARTESIAN_POINT('',(0.5,0.37,3.E-02));
#578 = VECTOR('',#579,1.);
#579 = DIRECTION('',(0.,0.,1.));
#580 = ORIENTED_EDGE('',*,*,#548,.F.);
#581 = ORIENTED_EDGE('',*,*,#461,.T.);
#582 = ORIENTED_EDGE('',*,*,#583,.T.);
#583 = EDGE_CURVE('',#453,#574,#584,.T.);
#584 = LINE('',#585,#586);
#585 = CARTESIAN_POINT('',(-0.5,0.37,0.74));
#586 = VECTOR('',#587,1.);
#587 = DIRECTION('',(1.,0.,0.));
#588 = PLANE('',#589);
#589 = AXIS2_PLACEMENT_3D('',#590,#591,#592);
#590 = CARTESIAN_POINT('',(-0.5,0.37,3.E-02));
#591 = DIRECTION('',(0.,1.,0.));
#592 = DIRECTION('',(0.,-0.,1.));
#593 = ADVANCED_FACE('',(#594),#613,.T.);
#594 = FACE_BOUND('',#595,.T.);
#595 = EDGE_LOOP('',(#596,#597,#605,#612));
#596 = ORIENTED_EDGE('',*,*,#452,.T.);
#597 = ORIENTED_EDGE('',*,*,#598,.T.);
#598 = EDGE_CURVE('',#445,#599,#601,.T.);
#599 = VERTEX_POINT('',#600);
#600 = CARTESIAN_POINT('',(0.5,0.34,0.77));
#601 = LINE('',#602,#603);
#602 = CARTESIAN_POINT('',(-0.5,0.34,0.77));
#603 = VECTOR('',#604,1.);
#604 = DIRECTION('',(1.,0.,0.));
#605 = ORIENTED_EDGE('',*,*,#606,.F.);
#606 = EDGE_CURVE('',#574,#599,#607,.T.);
#607 = CIRCLE('',#608,3.E-02);
#608 = AXIS2_PLACEMENT_3D('',#609,#610,#611);
#609 = CARTESIAN_POINT('',(0.5,0.34,0.74));
#610 = DIRECTION('',(1.,0.,-0.));
#611 = DIRECTION('',(0.,0.,1.));
#612 = ORIENTED_EDGE('',*,*,#583,.F.);
#613 = CYLINDRICAL_SURFACE('',#614,3.E-02);
#614 = AXIS2_PLACEMENT_3D('',#615,#616,#617);
#615 = CARTESIAN_POINT('',(-0.5,0.34,0.74));
#616 = DIRECTION('',(1.,0.,0.));
#617 = DIRECTION('',(-0.,1.,0.));
#618 = ADVANCED_FACE('',(#619),#637,.T.);
#619 = FACE_BOUND('',#620,.T.);
#620 = EDGE_LOOP('',(#621,#622,#630,#636));
#621 = ORIENTED_EDGE('',*,*,#444,.F.);
#622 = ORIENTED_EDGE('',*,*,#623,.T.);
#623 = EDGE_CURVE('',#436,#624,#626,.T.);
#624 = VERTEX_POINT('',#625);
#625 = CARTESIAN_POINT('',(0.5,-0.34,0.77));
#626 = LINE('',#627,#628);
#627 = CARTESIAN_POINT('',(-0.5,-0.34,0.77));
#628 = VECTOR('',#629,1.);
#629 = DIRECTION('',(1.,0.,0.));
#630 = ORIENTED_EDGE('',*,*,#631,.T.);
#631 = EDGE_CURVE('',#624,#599,#632,.T.);
#632 = LINE('',#633,#634);
#633 = CARTESIAN_POINT('',(0.5,-0.37,0.77));
#634 = VECTOR('',#635,1.);
#635 = DIRECTION('',(0.,1.,0.));
#636 = ORIENTED_EDGE('',*,*,#598,.F.);
#637 = PLANE('',#638);
#638 = AXIS2_PLACEMENT_3D('',#639,#640,#641);
#639 = CARTESIAN_POINT('',(-0.5,-0.37,0.77));
#640 = DIRECTION('',(0.,0.,1.));
#641 = DIRECTION('',(1.,0.,-0.));
#642 = ADVANCED_FACE('',(#643),#662,.T.);
#643 = FACE_BOUND('',#644,.T.);
#644 = EDGE_LOOP('',(#645,#653,#660,#661));
#645 = ORIENTED_EDGE('',*,*,#646,.T.);
#646 = EDGE_CURVE('',#428,#647,#649,.T.);
#647 = VERTEX_POINT('',#648);
#648 = CARTESIAN_POINT('',(0.5,-0.37,0.74));
#649 = LINE('',#650,#651);
#650 = CARTESIAN_POINT('',(-0.5,-0.37,0.74));
#651 = VECTOR('',#652,1.);
#652 = DIRECTION('',(1.,0.,0.));
#653 = ORIENTED_EDGE('',*,*,#654,.T.);
#654 = EDGE_CURVE('',#647,#624,#655,.T.);
#655 = CIRCLE('',#656,3.E-02);
#656 = AXIS2_PLACEMENT_3D('',#657,#658,#659);
#657 = CARTESIAN_POINT('',(0.5,-0.34,0.74));
#658 = DIRECTION('',(-1.,0.,0.));
#659 = DIRECTION('',(0.,0.,1.));
#660 = ORIENTED_EDGE('',*,*,#623,.F.);
#661 = ORIENTED_EDGE('',*,*,#435,.F.);
#662 = CYLINDRICAL_SURFACE('',#663,3.E-02);
#663 = AXIS2_PLACEMENT_3D('',#664,#665,#666);
#664 = CARTESIAN_POINT('',(-0.5,-0.34,0.74));
#665 = DIRECTION('',(1.,0.,0.));
#666 = DIRECTION('',(0.,-1.,0.));
#667 = ADVANCED_FACE('',(#668),#679,.F.);
#668 = FACE_BOUND('',#669,.F.);
#669 = EDGE_LOOP('',(#670,#676,#677,#678));
#670 = ORIENTED_EDGE('',*,*,#671,.F.);
#671 = EDGE_CURVE('',#502,#647,#672,.T.);
#672 = LINE('',#673,#674);
#673 = CARTESIAN_POINT('',(0.5,-0.37,3.E-02));
#674 = VECTOR('',#675,1.);
#675 = DIRECTION('',(0.,0.,1.));
#676 = ORIENTED_EDGE('',*,*,#510,.F.);
#677 = ORIENTED_EDGE('',*,*,#427,.T.);
#678 = ORIENTED_EDGE('',*,*,#646,.T.);
#679 = PLANE('',#680);
#680 = AXIS2_PLACEMENT_3D('',#681,#682,#683);
#681 = CARTESIAN_POINT('',(-0.5,-0.37,3.E-02));
#682 = DIRECTION('',(0.,1.,0.));
#683 = DIRECTION('',(0.,-0.,1.));
#684 = ADVANCED_FACE('',(#685,#755),#765,.F.);
#685 = FACE_BOUND('',#686,.F.);
#686 = EDGE_LOOP('',(#687,#697,#706,#714,#723,#731,#740,#748));
#687 = ORIENTED_EDGE('',*,*,#688,.F.);
#688 = EDGE_CURVE('',#689,#691,#693,.T.);
#689 = VERTEX_POINT('',#690);
#690 = CARTESIAN_POINT('',(0.5,-0.4,3.E-02));
#691 = VERTEX_POINT('',#692);
#692 = CARTESIAN_POINT('',(0.5,-0.4,0.77));
#693 = LINE('',#694,#695);
#694 = CARTESIAN_POINT('',(0.5,-0.4,0.));
#695 = VECTOR('',#696,1.);
#696 = DIRECTION('',(0.,0.,1.));
#697 = ORIENTED_EDGE('',*,*,#698,.T.);
#698 = EDGE_CURVE('',#689,#699,#701,.T.);
#699 = VERTEX_POINT('',#700);
#700 = CARTESIAN_POINT('',(0.5,-0.37,0.));
#701 = CIRCLE('',#702,3.E-02);
#702 = AXIS2_PLACEMENT_3D('',#703,#704,#705);
#703 = CARTESIAN_POINT('',(0.5,-0.37,3.E-02));
#704 = DIRECTION('',(1.,0.,-0.));
#705 = DIRECTION('',(0.,0.,1.));
#706 = ORIENTED_EDGE('',*,*,#707,.T.);
#707 = EDGE_CURVE('',#699,#708,#710,.T.);
#708 = VERTEX_POINT('',#709);
#709 = CARTESIAN_POINT('',(0.5,0.37,0.));
#710 = LINE('',#711,#712);
#711 = CARTESIAN_POINT('',(0.5,-0.4,0.));
#712 = VECTOR('',#713,1.);
#713 = DIRECTION('',(0.,1.,0.));
#714 = ORIENTED_EDGE('',*,*,#715,.F.);
#715 = EDGE_CURVE('',#716,#708,#718,.T.);
#716 = VERTEX_POINT('',#717);
#717 = CARTESIAN_POINT('',(0.5,0.4,3.E-02));
#718 = CIRCLE('',#719,3.E-02);
#719 = AXIS2_PLACEMENT_3D('',#720,#721,#722);
#720 = CARTESIAN_POINT('',(0.5,0.37,3.E-02));
#721 = DIRECTION('',(-1.,0.,0.));
#722 = DIRECTION('',(0.,0.,1.));
#723 = ORIENTED_EDGE('',*,*,#724,.T.);
#724 = EDGE_CURVE('',#716,#725,#727,.T.);
#725 = VERTEX_POINT('',#726);
#726 = CARTESIAN_POINT('',(0.5,0.4,0.77));
#727 = LINE('',#728,#729);
#728 = CARTESIAN_POINT('',(0.5,0.4,0.));
#729 = VECTOR('',#730,1.);
#730 = DIRECTION('',(0.,0.,1.));
#731 = ORIENTED_EDGE('',*,*,#732,.T.);
#732 = EDGE_CURVE('',#725,#733,#735,.T.);
#733 = VERTEX_POINT('',#734);
#734 = CARTESIAN_POINT('',(0.5,0.37,0.8));
#735 = CIRCLE('',#736,3.E-02);
#736 = AXIS2_PLACEMENT_3D('',#737,#738,#739);
#737 = CARTESIAN_POINT('',(0.5,0.37,0.77));
#738 = DIRECTION('',(1.,0.,-0.));
#739 = DIRECTION('',(0.,0.,1.));
#740 = ORIENTED_EDGE('',*,*,#741,.F.);
#741 = EDGE_CURVE('',#742,#733,#744,.T.);
#742 = VERTEX_POINT('',#743);
#743 = CARTESIAN_POINT('',(0.5,-0.37,0.8));
#744 = LINE('',#745,#746);
#745 = CARTESIAN_POINT('',(0.5,-0.4,0.8));
#746 = VECTOR('',#747,1.);
#747 = DIRECTION('',(0.,1.,0.));
#748 = ORIENTED_EDGE('',*,*,#749,.F.);
#749 = EDGE_CURVE('',#691,#742,#750,.T.);
#750 = CIRCLE('',#751,3.E-02);
#751 = AXIS2_PLACEMENT_3D('',#752,#753,#754);
#752 = CARTESIAN_POINT('',(0.5,-0.37,0.77));
#753 = DIRECTION('',(-1.,0.,0.));
#754 = DIRECTION('',(0.,0.,1.));
#755 = FACE_BOUND('',#756,.F.);
#756 = EDGE_LOOP('',(#757,#758,#759,#760,#761,#762,#763,#764));
#757 = ORIENTED_EDGE('',*,*,#501,.F.);
#758 = ORIENTED_EDGE('',*,*,#671,.T.);
#759 = ORIENTED_EDGE('',*,*,#654,.T.);
#760 = ORIENTED_EDGE('',*,*,#631,.T.);
#761 = ORIENTED_EDGE('',*,*,#606,.F.);
#762 = ORIENTED_EDGE('',*,*,#573,.F.);
#763 = ORIENTED_EDGE('',*,*,#556,.T.);
#764 = ORIENTED_EDGE('',*,*,#526,.F.);
#765 = PLANE('',#766);
#766 = AXIS2_PLACEMENT_3D('',#767,#768,#769);
#767 = CARTESIAN_POINT('',(0.5,-0.4,0.));
#768 = DIRECTION('',(1.,0.,0.));
#769 = DIRECTION('',(0.,0.,1.));
#770 = ADVANCED_FACE('',(#771),#796,.F.);
#771 = FACE_BOUND('',#772,.F.);
#772 = EDGE_LOOP('',(#773,#783,#789,#790));
#773 = ORIENTED_EDGE('',*,*,#774,.F.);
#774 = EDGE_CURVE('',#775,#777,#779,.T.);
#775 = VERTEX_POINT('',#776);
#776 = CARTESIAN_POINT('',(0.8,-0.4,3.E-02));
#777 = VERTEX_POINT('',#778);
#778 = CARTESIAN_POINT('',(0.8,-0.4,0.77));
#779 = LINE('',#780,#781);
#780 = CARTESIAN_POINT('',(0.8,-0.4,0.));
#781 = VECTOR('',#782,1.);
#782 = DIRECTION('',(0.,0.,1.));
#783 = ORIENTED_EDGE('',*,*,#784,.F.);
#784 = EDGE_CURVE('',#689,#775,#785,.T.);
#785 = LINE('',#786,#787);
#786 = CARTESIAN_POINT('',(0.5,-0.4,3.E-02));
#787 = VECTOR('',#788,1.);
#788 = DIRECTION('',(1.,0.,0.));
#789 = ORIENTED_EDGE('',*,*,#688,.T.);
#790 = ORIENTED_EDGE('',*,*,#791,.T.);
#791 = EDGE_CURVE('',#691,#777,#792,.T.);
#792 = LINE('',#793,#794);
#793 = CARTESIAN_POINT('',(0.5,-0.4,0.77));
#794 = VECTOR('',#795,1.);
#795 = DIRECTION('',(1.,0.,0.));
#796 = PLANE('',#797);
#797 = AXIS2_PLACEMENT_3D('',#798,#799,#800);
#798 = CARTESIAN_POINT('',(0.5,-0.4,0.));
#799 = DIRECTION('',(0.,1.,0.));
#800 = DIRECTION('',(0.,-0.,1.));
#801 = ADVANCED_FACE('',(#802),#821,.T.);
#802 = FACE_BOUND('',#803,.T.);
#803 = EDGE_LOOP('',(#804,#805,#813,#820));
#804 = ORIENTED_EDGE('',*,*,#698,.T.);
#805 = ORIENTED_EDGE('',*,*,#806,.T.);
#806 = EDGE_CURVE('',#699,#807,#809,.T.);
#807 = VERTEX_POINT('',#808);
#808 = CARTESIAN_POINT('',(0.8,-0.37,0.));
#809 = LINE('',#810,#811);
#810 = CARTESIAN_POINT('',(0.5,-0.37,0.));
#811 = VECTOR('',#812,1.);
#812 = DIRECTION('',(1.,0.,0.));
#813 = ORIENTED_EDGE('',*,*,#814,.F.);
#814 = EDGE_CURVE('',#775,#807,#815,.T.);
#815 = CIRCLE('',#816,3.E-02);
#816 = AXIS2_PLACEMENT_3D('',#817,#818,#819);
#817 = CARTESIAN_POINT('',(0.8,-0.37,3.E-02));
#818 = DIRECTION('',(1.,0.,-0.));
#819 = DIRECTION('',(0.,0.,1.));
#820 = ORIENTED_EDGE('',*,*,#784,.F.);
#821 = CYLINDRICAL_SURFACE('',#822,3.E-02);
#822 = AXIS2_PLACEMENT_3D('',#823,#824,#825);
#823 = CARTESIAN_POINT('',(0.5,-0.37,3.E-02));
#824 = DIRECTION('',(1.,0.,0.));
#825 = DIRECTION('',(0.,-1.,0.));
#826 = ADVANCED_FACE('',(#827),#846,.T.);
#827 = FACE_BOUND('',#828,.T.);
#828 = EDGE_LOOP('',(#829,#830,#839,#845));
#829 = ORIENTED_EDGE('',*,*,#791,.T.);
#830 = ORIENTED_EDGE('',*,*,#831,.T.);
#831 = EDGE_CURVE('',#777,#832,#834,.T.);
#832 = VERTEX_POINT('',#833);
#833 = CARTESIAN_POINT('',(0.8,-0.37,0.8));
#834 = CIRCLE('',#835,3.E-02);
#835 = AXIS2_PLACEMENT_3D('',#836,#837,#838);
#836 = CARTESIAN_POINT('',(0.8,-0.37,0.77));
#837 = DIRECTION('',(-1.,0.,0.));
#838 = DIRECTION('',(0.,0.,1.));
#839 = ORIENTED_EDGE('',*,*,#840,.F.);
#840 = EDGE_CURVE('',#742,#832,#841,.T.);
#841 = LINE('',#842,#843);
#842 = CARTESIAN_POINT('',(0.5,-0.37,0.8));
#843 = VECTOR('',#844,1.);
#844 = DIRECTION('',(1.,0.,0.));
#845 = ORIENTED_EDGE('',*,*,#749,.F.);
#846 = CYLINDRICAL_SURFACE('',#847,3.E-02);
#847 = AXIS2_PLACEMENT_3D('',#848,#849,#850);
#848 = CARTESIAN_POINT('',(0.5,-0.37,0.77));
#849 = DIRECTION('',(1.,0.,0.));
#850 = DIRECTION('',(0.,-1.,0.));
#851 = ADVANCED_FACE('',(#852),#870,.F.);
#852 = FACE_BOUND('',#853,.F.);
#853 = EDGE_LOOP('',(#854,#855,#856,#864));
#854 = ORIENTED_EDGE('',*,*,#707,.F.);
#855 = ORIENTED_EDGE('',*,*,#806,.T.);
#856 = ORIENTED_EDGE('',*,*,#857,.T.);
#857 = EDGE_CURVE('',#807,#858,#860,.T.);
#858 = VERTEX_POINT('',#859);
#859 = CARTESIAN_POINT('',(0.8,0.37,0.));
#860 = LINE('',#861,#862);
#861 = CARTESIAN_POINT('',(0.8,-0.4,0.));
#862 = VECTOR('',#863,1.);
#863 = DIRECTION('',(0.,1.,0.));
#864 = ORIENTED_EDGE('',*,*,#865,.F.);
#865 = EDGE_CURVE('',#708,#858,#866,.T.);
#866 = LINE('',#867,#868);
#867 = CARTESIAN_POINT('',(0.5,0.37,0.));
#868 = VECTOR('',#869,1.);
#869 = DIRECTION('',(1.,0.,0.));
#870 = PLANE('',#871);
#871 = AXIS2_PLACEMENT_3D('',#872,#873,#874);
#872 = CARTESIAN_POINT('',(0.5,-0.4,0.));
#873 = DIRECTION('',(0.,0.,1.));
#874 = DIRECTION('',(1.,0.,-0.));
#875 = ADVANCED_FACE('',(#876),#894,.T.);
#876 = FACE_BOUND('',#877,.T.);
#877 = EDGE_LOOP('',(#878,#879,#880,#888));
#878 = ORIENTED_EDGE('',*,*,#741,.F.);
#879 = ORIENTED_EDGE('',*,*,#840,.T.);
#880 = ORIENTED_EDGE('',*,*,#881,.T.);
#881 = EDGE_CURVE('',#832,#882,#884,.T.);
#882 = VERTEX_POINT('',#883);
#883 = CARTESIAN_POINT('',(0.8,0.37,0.8));
#884 = LINE('',#885,#886);
#885 = CARTESIAN_POINT('',(0.8,-0.4,0.8));
#886 = VECTOR('',#887,1.);
#887 = DIRECTION('',(0.,1.,0.));
#888 = ORIENTED_EDGE('',*,*,#889,.F.);
#889 = EDGE_CURVE('',#733,#882,#890,.T.);
#890 = LINE('',#891,#892);
#891 = CARTESIAN_POINT('',(0.5,0.37,0.8));
#892 = VECTOR('',#893,1.);
#893 = DIRECTION('',(1.,0.,0.));
#894 = PLANE('',#895);
#895 = AXIS2_PLACEMENT_3D('',#896,#897,#898);
#896 = CARTESIAN_POINT('',(0.5,-0.4,0.8));
#897 = DIRECTION('',(0.,0.,1.));
#898 = DIRECTION('',(1.,0.,-0.));
#899 = ADVANCED_FACE('',(#900),#919,.T.);
#900 = FACE_BOUND('',#901,.T.);
#901 = EDGE_LOOP('',(#902,#910,#917,#918));
#902 = ORIENTED_EDGE('',*,*,#903,.T.);
#903 = EDGE_CURVE('',#716,#904,#906,.T.);
#904 = VERTEX_POINT('',#905);
#905 = CARTESIAN_POINT('',(0.8,0.4,3.E-02));
#906 = LINE('',#907,#908);
#907 = CARTESIAN_POINT('',(0.5,0.4,3.E-02));
#908 = VECTOR('',#909,1.);
#909 = DIRECTION('',(1.,0.,0.));
#910 = ORIENTED_EDGE('',*,*,#911,.T.);
#911 = EDGE_CURVE('',#904,#858,#912,.T.);
#912 = CIRCLE('',#913,3.E-02);
#913 = AXIS2_PLACEMENT_3D('',#914,#915,#916);
#914 = CARTESIAN_POINT('',(0.8,0.37,3.E-02));
#915 = DIRECTION('',(-1.,0.,0.));
#916 = DIRECTION('',(0.,0.,1.));
#917 = ORIENTED_EDGE('',*,*,#865,.F.);
#918 = ORIENTED_EDGE('',*,*,#715,.F.);
#919 = CYLINDRICAL_SURFACE('',#920,3.E-02);
#920 = AXIS2_PLACEMENT_3D('',#921,#922,#923);
#921 = CARTESIAN_POINT('',(0.5,0.37,3.E-02));
#922 = DIRECTION('',(1.,0.,0.));
#923 = DIRECTION('',(-0.,1.,0.));
#924 = ADVANCED_FACE('',(#925),#944,.T.);
#925 = FACE_BOUND('',#926,.T.);
#926 = EDGE_LOOP('',(#927,#928,#929,#938));
#927 = ORIENTED_EDGE('',*,*,#732,.T.);
#928 = ORIENTED_EDGE('',*,*,#889,.T.);
#929 = ORIENTED_EDGE('',*,*,#930,.F.);
#930 = EDGE_CURVE('',#931,#882,#933,.T.);
#931 = VERTEX_POINT('',#932);
#932 = CARTESIAN_POINT('',(0.8,0.4,0.77));
#933 = CIRCLE('',#934,3.E-02);
#934 = AXIS2_PLACEMENT_3D('',#935,#936,#937);
#935 = CARTESIAN_POINT('',(0.8,0.37,0.77));
#936 = DIRECTION('',(1.,0.,-0.));
#937 = DIRECTION('',(0.,0.,1.));
#938 = ORIENTED_EDGE('',*,*,#939,.F.);
#939 = EDGE_CURVE('',#725,#931,#940,.T.);
#940 = LINE('',#941,#942);
#941 = CARTESIAN_POINT('',(0.5,0.4,0.77));
#942 = VECTOR('',#943,1.);
#943 = DIRECTION('',(1.,0.,0.));
#944 = CYLINDRICAL_SURFACE('',#945,3.E-02);
#945 = AXIS2_PLACEMENT_3D('',#946,#947,#948);
#946 = CARTESIAN_POINT('',(0.5,0.37,0.77));
#947 = DIRECTION('',(1.,0.,0.));
#948 = DIRECTION('',(-0.,1.,0.));
#949 = ADVANCED_FACE('',(#950),#961,.T.);
#950 = FACE_BOUND('',#951,.T.);
#951 = EDGE_LOOP('',(#952,#958,#959,#960));
#952 = ORIENTED_EDGE('',*,*,#953,.F.);
#953 = EDGE_CURVE('',#904,#931,#954,.T.);
#954 = LINE('',#955,#956);
#955 = CARTESIAN_POINT('',(0.8,0.4,0.));
#956 = VECTOR('',#957,1.);
#957 = DIRECTION('',(0.,0.,1.));
#958 = ORIENTED_EDGE('',*,*,#903,.F.);
#959 = ORIENTED_EDGE('',*,*,#724,.T.);
#960 = ORIENTED_EDGE('',*,*,#939,.T.);
#961 = PLANE('',#962);
#962 = AXIS2_PLACEMENT_3D('',#963,#964,#965);
#963 = CARTESIAN_POINT('',(0.5,0.4,0.));
#964 = DIRECTION('',(0.,1.,0.));
#965 = DIRECTION('',(0.,-0.,1.));
#966 = ADVANCED_FACE('',(#967),#977,.T.);
#967 = FACE_BOUND('',#968,.T.);
#968 = EDGE_LOOP('',(#969,#970,#971,#972,#973,#974,#975,#976));
#969 = ORIENTED_EDGE('',*,*,#774,.F.);
#970 = ORIENTED_EDGE('',*,*,#814,.T.);
#971 = ORIENTED_EDGE('',*,*,#857,.T.);
#972 = ORIENTED_EDGE('',*,*,#911,.F.);
#973 = ORIENTED_EDGE('',*,*,#953,.T.);
#974 = ORIENTED_EDGE('',*,*,#930,.T.);
#975 = ORIENTED_EDGE('',*,*,#881,.F.);
#976 = ORIENTED_EDGE('',*,*,#831,.F.);
#977 = PLANE('',#978);
#978 = AXIS2_PLACEMENT_3D('',#979,#980,#981);
#979 = CARTESIAN_POINT('',(0.8,-0.4,0.));
#980 = DIRECTION('',(1.,0.,0.));
#981 = DIRECTION('',(0.,0.,1.));
#982 = ( GEOMETRIC_REPRESENTATION_CONTEXT(3) 
GLOBAL_UNCERTAINTY_ASSIGNED_CONTEXT((#986)) GLOBAL_UNIT_ASSIGNED_CONTEXT
((#983,#984,#985)) REPRESENTATION_CONTEXT('Context #1',
  '3D Context with UNIT and UNCERTAINTY') );
#983 = ( LENGTH_UNIT() NAMED_UNIT(*) SI_UNIT(.MILLI.,.METRE.) );
#984 = ( NAMED_UNIT(*) PLANE_ANGLE_UNIT() SI_UNIT($,.RADIAN.) );
#985 = ( NAMED_UNIT(*) SI_UNIT($,.STERADIAN.) SOLID_ANGLE_UNIT() );
#986 = UNCERTAINTY_MEASURE_WITH_UNIT(LENGTH_MEASURE(1.E-07),#983,
  'distance_accuracy_value','confusion accuracy');
#987 = CONTEXT_DEPENDENT_SHAPE_REPRESENTATION(#988,#990);
#988 = ( REPRESENTATION_RELATIONSHIP('','',#127,#104) 
REPRESENTATION_RELATIONSHIP_WITH_TRANSFORMATION(#989) 
SHAPE_REPRESENTATION_RELATIONSHIP() );
#989 = ITEM_DEFINED_TRANSFORMATION('','',#11,#105);
#990 = PRODUCT_DEFINITION_SHAPE('Placement','Placement of an item',#991
  );
#991 = NEXT_ASSEMBLY_USAGE_OCCURRENCE('1','=>[0:1:1:3]','',#99,#122,$);
#992 = PRODUCT_RELATED_PRODUCT_CATEGORY('part',$,(#124));
#993 = SHAPE_DEFINITION_REPRESENTATION(#994,#1000);
#994 = PRODUCT_DEFINITION_SHAPE('','',#995);
#995 = PRODUCT_DEFINITION('design','',#996,#999);
#996 = PRODUCT_DEFINITION_FORMATION('','',#997);
#997 = PRODUCT('SS8PH10HM3_A_H','SS8PH10HM3_A_H','',(#998));
#998 = PRODUCT_CONTEXT('',#2,'mechanical');
#999 = PRODUCT_DEFINITION_CONTEXT('part definition',#2,'design');
#1000 = SHAPE_REPRESENTATION('',(#11,#1001),#1005);
#1001 = AXIS2_PLACEMENT_3D('',#1002,#1003,#1004);
#1002 = CARTESIAN_POINT('',(0.,0.,0.));
#1003 = DIRECTION('',(0.,0.,1.));
#1004 = DIRECTION('',(1.,0.,-0.));
#1005 = ( GEOMETRIC_REPRESENTATION_CONTEXT(3) 
GLOBAL_UNCERTAINTY_ASSIGNED_CONTEXT((#1009)) 
GLOBAL_UNIT_ASSIGNED_CONTEXT((#1006,#1007,#1008)) REPRESENTATION_CONTEXT
('Context #1','3D Context with UNIT and UNCERTAINTY') );
#1006 = ( LENGTH_UNIT() NAMED_UNIT(*) SI_UNIT(.MILLI.,.METRE.) );
#1007 = ( NAMED_UNIT(*) PLANE_ANGLE_UNIT() SI_UNIT($,.RADIAN.) );
#1008 = ( NAMED_UNIT(*) SI_UNIT($,.STERADIAN.) SOLID_ANGLE_UNIT() );
#1009 = UNCERTAINTY_MEASURE_WITH_UNIT(LENGTH_MEASURE(1.E-07),#1006,
  'distance_accuracy_value','confusion accuracy');
#1010 = CONTEXT_DEPENDENT_SHAPE_REPRESENTATION(#1011,#1013);
#1011 = ( REPRESENTATION_RELATIONSHIP('','',#1000,#10) 
REPRESENTATION_RELATIONSHIP_WITH_TRANSFORMATION(#1012) 
SHAPE_REPRESENTATION_RELATIONSHIP() );
#1012 = ITEM_DEFINED_TRANSFORMATION('','',#11,#19);
#1013 = PRODUCT_DEFINITION_SHAPE('Placement','Placement of an item',
  #1014);
#1014 = NEXT_ASSEMBLY_USAGE_OCCURRENCE('6','D1','',#5,#995,$);
#1015 = PRODUCT_RELATED_PRODUCT_CATEGORY('part',$,(#997));
#1016 = SHAPE_DEFINITION_REPRESENTATION(#1017,#1023);
#1017 = PRODUCT_DEFINITION_SHAPE('','',#1018);
#1018 = PRODUCT_DEFINITION('design','',#1019,#1022);
#1019 = PRODUCT_DEFINITION_FORMATION('','',#1020);
#1020 = PRODUCT('ASSEMBLY','ASSEMBLY','',(#1021));
#1021 = PRODUCT_CONTEXT('',#2,'mechanical');
#1022 = PRODUCT_DEFINITION_CONTEXT('part definition',#2,'design');
#1023 = SHAPE_REPRESENTATION('',(#11,#1024,#1028),#1032);
#1024 = AXIS2_PLACEMENT_3D('',#1025,#1026,#1027);
#1025 = CARTESIAN_POINT('',(0.,0.,0.1));
#1026 = DIRECTION('',(0.,0.,1.));
#1027 = DIRECTION('',(1.,0.,0.));
#1028 = AXIS2_PLACEMENT_3D('',#1029,#1030,#1031);
#1029 = CARTESIAN_POINT('',(0.,0.,0.));
#1030 = DIRECTION('',(0.,0.,1.));
#1031 = DIRECTION('',(1.,0.,0.));
#1032 = ( GEOMETRIC_REPRESENTATION_CONTEXT(3) 
GLOBAL_UNCERTAINTY_ASSIGNED_CONTEXT((#1036)) 
GLOBAL_UNIT_ASSIGNED_CONTEXT((#1033,#1034,#1035)) REPRESENTATION_CONTEXT
('Context #1','3D Context with UNIT and UNCERTAINTY') );
#1033 = ( LENGTH_UNIT() NAMED_UNIT(*) SI_UNIT(.MILLI.,.METRE.) );
#1034 = ( NAMED_UNIT(*) PLANE_ANGLE_UNIT() SI_UNIT($,.RADIAN.) );
#1035 = ( NAMED_UNIT(*) SI_UNIT($,.STERADIAN.) SOLID_ANGLE_UNIT() );
#1036 = UNCERTAINTY_MEASURE_WITH_UNIT(LENGTH_MEASURE(1.E-07),#1033,
  'distance_accuracy_value','confusion accuracy');
#1037 = CONTEXT_DEPENDENT_SHAPE_REPRESENTATION(#1038,#1040);
#1038 = ( REPRESENTATION_RELATIONSHIP('','',#1023,#1000) 
REPRESENTATION_RELATIONSHIP_WITH_TRANSFORMATION(#1039) 
SHAPE_REPRESENTATION_RELATIONSHIP() );
#1039 = ITEM_DEFINED_TRANSFORMATION('','',#11,#1001);
#1040 = PRODUCT_DEFINITION_SHAPE('Placement','Placement of an item',
  #1041);
#1041 = NEXT_ASSEMBLY_USAGE_OCCURRENCE('5','=>[0:1:1:5]','',#995,#1018,$
  );
#1042 = PRODUCT_RELATED_PRODUCT_CATEGORY('part',$,(#1020));
#1043 = SHAPE_DEFINITION_REPRESENTATION(#1044,#1050);
#1044 = PRODUCT_DEFINITION_SHAPE('','',#1045);
#1045 = PRODUCT_DEFINITION('design','',#1046,#1049);
#1046 = PRODUCT_DEFINITION_FORMATION('','',#1047);
#1047 = PRODUCT('Body','Body','',(#1048));
#1048 = PRODUCT_CONTEXT('',#2,'mechanical');
#1049 = PRODUCT_DEFINITION_CONTEXT('part definition',#2,'design');
#1050 = ADVANCED_BREP_SHAPE_REPRESENTATION('',(#11,#1051),#1201);
#1051 = MANIFOLD_SOLID_BREP('',#1052);
#1052 = CLOSED_SHELL('',(#1053,#1093,#1124,#1155,#1177,#1189));
#1053 = ADVANCED_FACE('',(#1054),#1088,.F.);
#1054 = FACE_BOUND('',#1055,.F.);
#1055 = EDGE_LOOP('',(#1056,#1066,#1074,#1082));
#1056 = ORIENTED_EDGE('',*,*,#1057,.T.);
#1057 = EDGE_CURVE('',#1058,#1060,#1062,.T.);
#1058 = VERTEX_POINT('',#1059);
#1059 = CARTESIAN_POINT('',(-2.15,-3.05,0.));
#1060 = VERTEX_POINT('',#1061);
#1061 = CARTESIAN_POINT('',(-2.15,-3.05,1.2));
#1062 = LINE('',#1063,#1064);
#1063 = CARTESIAN_POINT('',(-2.15,-3.05,0.));
#1064 = VECTOR('',#1065,1.);
#1065 = DIRECTION('',(0.,0.,1.));
#1066 = ORIENTED_EDGE('',*,*,#1067,.T.);
#1067 = EDGE_CURVE('',#1060,#1068,#1070,.T.);
#1068 = VERTEX_POINT('',#1069);
#1069 = CARTESIAN_POINT('',(2.15,-3.05,1.2));
#1070 = LINE('',#1071,#1072);
#1071 = CARTESIAN_POINT('',(-2.15,-3.05,1.2));
#1072 = VECTOR('',#1073,1.);
#1073 = DIRECTION('',(1.,0.,0.));
#1074 = ORIENTED_EDGE('',*,*,#1075,.F.);
#1075 = EDGE_CURVE('',#1076,#1068,#1078,.T.);
#1076 = VERTEX_POINT('',#1077);
#1077 = CARTESIAN_POINT('',(2.15,-3.05,0.));
#1078 = LINE('',#1079,#1080);
#1079 = CARTESIAN_POINT('',(2.15,-3.05,0.));
#1080 = VECTOR('',#1081,1.);
#1081 = DIRECTION('',(0.,0.,1.));
#1082 = ORIENTED_EDGE('',*,*,#1083,.F.);
#1083 = EDGE_CURVE('',#1058,#1076,#1084,.T.);
#1084 = LINE('',#1085,#1086);
#1085 = CARTESIAN_POINT('',(-2.15,-3.05,0.));
#1086 = VECTOR('',#1087,1.);
#1087 = DIRECTION('',(1.,0.,0.));
#1088 = PLANE('',#1089);
#1089 = AXIS2_PLACEMENT_3D('',#1090,#1091,#1092);
#1090 = CARTESIAN_POINT('',(-2.15,-3.05,0.));
#1091 = DIRECTION('',(0.,1.,0.));
#1092 = DIRECTION('',(1.,0.,0.));
#1093 = ADVANCED_FACE('',(#1094),#1119,.F.);
#1094 = FACE_BOUND('',#1095,.F.);
#1095 = EDGE_LOOP('',(#1096,#1097,#1105,#1113));
#1096 = ORIENTED_EDGE('',*,*,#1075,.T.);
#1097 = ORIENTED_EDGE('',*,*,#1098,.T.);
#1098 = EDGE_CURVE('',#1068,#1099,#1101,.T.);
#1099 = VERTEX_POINT('',#1100);
#1100 = CARTESIAN_POINT('',(2.15,3.05,1.2));
#1101 = LINE('',#1102,#1103);
#1102 = CARTESIAN_POINT('',(2.15,-3.05,1.2));
#1103 = VECTOR('',#1104,1.);
#1104 = DIRECTION('',(0.,1.,0.));
#1105 = ORIENTED_EDGE('',*,*,#1106,.F.);
#1106 = EDGE_CURVE('',#1107,#1099,#1109,.T.);
#1107 = VERTEX_POINT('',#1108);
#1108 = CARTESIAN_POINT('',(2.15,3.05,0.));
#1109 = LINE('',#1110,#1111);
#1110 = CARTESIAN_POINT('',(2.15,3.05,0.));
#1111 = VECTOR('',#1112,1.);
#1112 = DIRECTION('',(0.,0.,1.));
#1113 = ORIENTED_EDGE('',*,*,#1114,.F.);
#1114 = EDGE_CURVE('',#1076,#1107,#1115,.T.);
#1115 = LINE('',#1116,#1117);
#1116 = CARTESIAN_POINT('',(2.15,-3.05,0.));
#1117 = VECTOR('',#1118,1.);
#1118 = DIRECTION('',(0.,1.,0.));
#1119 = PLANE('',#1120);
#1120 = AXIS2_PLACEMENT_3D('',#1121,#1122,#1123);
#1121 = CARTESIAN_POINT('',(2.15,-3.05,0.));
#1122 = DIRECTION('',(-1.,0.,0.));
#1123 = DIRECTION('',(0.,1.,0.));
#1124 = ADVANCED_FACE('',(#1125),#1150,.F.);
#1125 = FACE_BOUND('',#1126,.F.);
#1126 = EDGE_LOOP('',(#1127,#1128,#1136,#1144));
#1127 = ORIENTED_EDGE('',*,*,#1106,.T.);
#1128 = ORIENTED_EDGE('',*,*,#1129,.T.);
#1129 = EDGE_CURVE('',#1099,#1130,#1132,.T.);
#1130 = VERTEX_POINT('',#1131);
#1131 = CARTESIAN_POINT('',(-2.15,3.05,1.2));
#1132 = LINE('',#1133,#1134);
#1133 = CARTESIAN_POINT('',(2.15,3.05,1.2));
#1134 = VECTOR('',#1135,1.);
#1135 = DIRECTION('',(-1.,0.,0.));
#1136 = ORIENTED_EDGE('',*,*,#1137,.F.);
#1137 = EDGE_CURVE('',#1138,#1130,#1140,.T.);
#1138 = VERTEX_POINT('',#1139);
#1139 = CARTESIAN_POINT('',(-2.15,3.05,0.));
#1140 = LINE('',#1141,#1142);
#1141 = CARTESIAN_POINT('',(-2.15,3.05,0.));
#1142 = VECTOR('',#1143,1.);
#1143 = DIRECTION('',(0.,0.,1.));
#1144 = ORIENTED_EDGE('',*,*,#1145,.F.);
#1145 = EDGE_CURVE('',#1107,#1138,#1146,.T.);
#1146 = LINE('',#1147,#1148);
#1147 = CARTESIAN_POINT('',(2.15,3.05,0.));
#1148 = VECTOR('',#1149,1.);
#1149 = DIRECTION('',(-1.,0.,0.));
#1150 = PLANE('',#1151);
#1151 = AXIS2_PLACEMENT_3D('',#1152,#1153,#1154);
#1152 = CARTESIAN_POINT('',(2.15,3.05,0.));
#1153 = DIRECTION('',(0.,-1.,0.));
#1154 = DIRECTION('',(-1.,0.,0.));
#1155 = ADVANCED_FACE('',(#1156),#1172,.F.);
#1156 = FACE_BOUND('',#1157,.F.);
#1157 = EDGE_LOOP('',(#1158,#1159,#1165,#1166));
#1158 = ORIENTED_EDGE('',*,*,#1137,.T.);
#1159 = ORIENTED_EDGE('',*,*,#1160,.T.);
#1160 = EDGE_CURVE('',#1130,#1060,#1161,.T.);
#1161 = LINE('',#1162,#1163);
#1162 = CARTESIAN_POINT('',(-2.15,3.05,1.2));
#1163 = VECTOR('',#1164,1.);
#1164 = DIRECTION('',(0.,-1.,0.));
#1165 = ORIENTED_EDGE('',*,*,#1057,.F.);
#1166 = ORIENTED_EDGE('',*,*,#1167,.F.);
#1167 = EDGE_CURVE('',#1138,#1058,#1168,.T.);
#1168 = LINE('',#1169,#1170);
#1169 = CARTESIAN_POINT('',(-2.15,3.05,0.));
#1170 = VECTOR('',#1171,1.);
#1171 = DIRECTION('',(0.,-1.,0.));
#1172 = PLANE('',#1173);
#1173 = AXIS2_PLACEMENT_3D('',#1174,#1175,#1176);
#1174 = CARTESIAN_POINT('',(-2.15,3.05,0.));
#1175 = DIRECTION('',(1.,0.,-0.));
#1176 = DIRECTION('',(0.,-1.,0.));
#1177 = ADVANCED_FACE('',(#1178),#1184,.F.);
#1178 = FACE_BOUND('',#1179,.F.);
#1179 = EDGE_LOOP('',(#1180,#1181,#1182,#1183));
#1180 = ORIENTED_EDGE('',*,*,#1083,.T.);
#1181 = ORIENTED_EDGE('',*,*,#1114,.T.);
#1182 = ORIENTED_EDGE('',*,*,#1145,.T.);
#1183 = ORIENTED_EDGE('',*,*,#1167,.T.);
#1184 = PLANE('',#1185);
#1185 = AXIS2_PLACEMENT_3D('',#1186,#1187,#1188);
#1186 = CARTESIAN_POINT('',(0.,0.,0.));
#1187 = DIRECTION('',(0.,0.,1.));
#1188 = DIRECTION('',(1.,0.,-0.));
#1189 = ADVANCED_FACE('',(#1190),#1196,.T.);
#1190 = FACE_BOUND('',#1191,.T.);
#1191 = EDGE_LOOP('',(#1192,#1193,#1194,#1195));
#1192 = ORIENTED_EDGE('',*,*,#1067,.T.);
#1193 = ORIENTED_EDGE('',*,*,#1098,.T.);
#1194 = ORIENTED_EDGE('',*,*,#1129,.T.);
#1195 = ORIENTED_EDGE('',*,*,#1160,.T.);
#1196 = PLANE('',#1197);
#1197 = AXIS2_PLACEMENT_3D('',#1198,#1199,#1200);
#1198 = CARTESIAN_POINT('',(0.,0.,1.2));
#1199 = DIRECTION('',(0.,0.,1.));
#1200 = DIRECTION('',(1.,0.,-0.));
#1201 = ( GEOMETRIC_REPRESENTATION_CONTEXT(3) 
GLOBAL_UNCERTAINTY_ASSIGNED_CONTEXT((#1205)) 
GLOBAL_UNIT_ASSIGNED_CONTEXT((#1202,#1203,#1204)) REPRESENTATION_CONTEXT
('Context #1','3D Context with UNIT and UNCERTAINTY') );
#1202 = ( LENGTH_UNIT() NAMED_UNIT(*) SI_UNIT(.MILLI.,.METRE.) );
#1203 = ( NAMED_UNIT(*) PLANE_ANGLE_UNIT() SI_UNIT($,.RADIAN.) );
#1204 = ( NAMED_UNIT(*) SI_UNIT($,.STERADIAN.) SOLID_ANGLE_UNIT() );
#1205 = UNCERTAINTY_MEASURE_WITH_UNIT(LENGTH_MEASURE(1.E-07),#1202,
  'distance_accuracy_value','confusion accuracy');
#1206 = CONTEXT_DEPENDENT_SHAPE_REPRESENTATION(#1207,#1209);
#1207 = ( REPRESENTATION_RELATIONSHIP('','',#1050,#1023) 
REPRESENTATION_RELATIONSHIP_WITH_TRANSFORMATION(#1208) 
SHAPE_REPRESENTATION_RELATIONSHIP() );
#1208 = ITEM_DEFINED_TRANSFORMATION('','',#11,#1024);
#1209 = PRODUCT_DEFINITION_SHAPE('Placement','Placement of an item',
  #1210);
#1210 = NEXT_ASSEMBLY_USAGE_OCCURRENCE('3','=>0:1:1:6','',#1018,#1045,$
  );
#1211 = PRODUCT_RELATED_PRODUCT_CATEGORY('part',$,(#1047));
#1212 = SHAPE_DEFINITION_REPRESENTATION(#1213,#1219);
#1213 = PRODUCT_DEFINITION_SHAPE('','',#1214);
#1214 = PRODUCT_DEFINITION('design','',#1215,#1218);
#1215 = PRODUCT_DEFINITION_FORMATION('','',#1216);
#1216 = PRODUCT('Pins','Pins','',(#1217));
#1217 = PRODUCT_CONTEXT('',#2,'mechanical');
#1218 = PRODUCT_DEFINITION_CONTEXT('part definition',#2,'design');
#1219 = SHAPE_REPRESENTATION('',(#11,#1220,#1370,#1520),#1670);
#1220 = MANIFOLD_SOLID_BREP('',#1221);
#1221 = CLOSED_SHELL('',(#1222,#1262,#1302,#1324,#1346,#1358));
#1222 = ADVANCED_FACE('',(#1223),#1257,.F.);
#1223 = FACE_BOUND('',#1224,.F.);
#1224 = EDGE_LOOP('',(#1225,#1235,#1243,#1251));
#1225 = ORIENTED_EDGE('',*,*,#1226,.F.);
#1226 = EDGE_CURVE('',#1227,#1229,#1231,.T.);
#1227 = VERTEX_POINT('',#1228);
#1228 = CARTESIAN_POINT('',(0.467,-3.273,0.));
#1229 = VERTEX_POINT('',#1230);
#1230 = CARTESIAN_POINT('',(0.467,-3.273,0.1));
#1231 = LINE('',#1232,#1233);
#1232 = CARTESIAN_POINT('',(0.467,-3.273,0.));
#1233 = VECTOR('',#1234,1.);
#1234 = DIRECTION('',(0.,0.,1.));
#1235 = ORIENTED_EDGE('',*,*,#1236,.T.);
#1236 = EDGE_CURVE('',#1227,#1237,#1239,.T.);
#1237 = VERTEX_POINT('',#1238);
#1238 = CARTESIAN_POINT('',(0.467,-2.257,0.));
#1239 = LINE('',#1240,#1241);
#1240 = CARTESIAN_POINT('',(0.467,-3.273,0.));
#1241 = VECTOR('',#1242,1.);
#1242 = DIRECTION('',(0.,1.,0.));
#1243 = ORIENTED_EDGE('',*,*,#1244,.T.);
#1244 = EDGE_CURVE('',#1237,#1245,#1247,.T.);
#1245 = VERTEX_POINT('',#1246);
#1246 = CARTESIAN_POINT('',(0.467,-2.257,0.1));
#1247 = LINE('',#1248,#1249);
#1248 = CARTESIAN_POINT('',(0.467,-2.257,0.));
#1249 = VECTOR('',#1250,1.);
#1250 = DIRECTION('',(0.,0.,1.));
#1251 = ORIENTED_EDGE('',*,*,#1252,.F.);
#1252 = EDGE_CURVE('',#1229,#1245,#1253,.T.);
#1253 = LINE('',#1254,#1255);
#1254 = CARTESIAN_POINT('',(0.467,-3.273,0.1));
#1255 = VECTOR('',#1256,1.);
#1256 = DIRECTION('',(0.,1.,0.));
#1257 = PLANE('',#1258);
#1258 = AXIS2_PLACEMENT_3D('',#1259,#1260,#1261);
#1259 = CARTESIAN_POINT('',(0.467,-3.273,0.));
#1260 = DIRECTION('',(1.,0.,0.));
#1261 = DIRECTION('',(0.,0.,1.));
#1262 = ADVANCED_FACE('',(#1263),#1297,.T.);
#1263 = FACE_BOUND('',#1264,.T.);
#1264 = EDGE_LOOP('',(#1265,#1275,#1283,#1291));
#1265 = ORIENTED_EDGE('',*,*,#1266,.F.);
#1266 = EDGE_CURVE('',#1267,#1269,#1271,.T.);
#1267 = VERTEX_POINT('',#1268);
#1268 = CARTESIAN_POINT('',(1.613,-3.273,0.));
#1269 = VERTEX_POINT('',#1270);
#1270 = CARTESIAN_POINT('',(1.613,-3.273,0.1));
#1271 = LINE('',#1272,#1273);
#1272 = CARTESIAN_POINT('',(1.613,-3.273,0.));
#1273 = VECTOR('',#1274,1.);
#1274 = DIRECTION('',(0.,0.,1.));
#1275 = ORIENTED_EDGE('',*,*,#1276,.T.);
#1276 = EDGE_CURVE('',#1267,#1277,#1279,.T.);
#1277 = VERTEX_POINT('',#1278);
#1278 = CARTESIAN_POINT('',(1.613,-2.257,0.));
#1279 = LINE('',#1280,#1281);
#1280 = CARTESIAN_POINT('',(1.613,-3.273,0.));
#1281 = VECTOR('',#1282,1.);
#1282 = DIRECTION('',(0.,1.,0.));
#1283 = ORIENTED_EDGE('',*,*,#1284,.T.);
#1284 = EDGE_CURVE('',#1277,#1285,#1287,.T.);
#1285 = VERTEX_POINT('',#1286);
#1286 = CARTESIAN_POINT('',(1.613,-2.257,0.1));
#1287 = LINE('',#1288,#1289);
#1288 = CARTESIAN_POINT('',(1.613,-2.257,0.));
#1289 = VECTOR('',#1290,1.);
#1290 = DIRECTION('',(0.,0.,1.));
#1291 = ORIENTED_EDGE('',*,*,#1292,.F.);
#1292 = EDGE_CURVE('',#1269,#1285,#1293,.T.);
#1293 = LINE('',#1294,#1295);
#1294 = CARTESIAN_POINT('',(1.613,-3.273,0.1));
#1295 = VECTOR('',#1296,1.);
#1296 = DIRECTION('',(0.,1.,0.));
#1297 = PLANE('',#1298);
#1298 = AXIS2_PLACEMENT_3D('',#1299,#1300,#1301);
#1299 = CARTESIAN_POINT('',(1.613,-3.273,0.));
#1300 = DIRECTION('',(1.,0.,0.));
#1301 = DIRECTION('',(0.,0.,1.));
#1302 = ADVANCED_FACE('',(#1303),#1319,.F.);
#1303 = FACE_BOUND('',#1304,.F.);
#1304 = EDGE_LOOP('',(#1305,#1311,#1312,#1318));
#1305 = ORIENTED_EDGE('',*,*,#1306,.F.);
#1306 = EDGE_CURVE('',#1227,#1267,#1307,.T.);
#1307 = LINE('',#1308,#1309);
#1308 = CARTESIAN_POINT('',(0.467,-3.273,0.));
#1309 = VECTOR('',#1310,1.);
#1310 = DIRECTION('',(1.,0.,0.));
#1311 = ORIENTED_EDGE('',*,*,#1226,.T.);
#1312 = ORIENTED_EDGE('',*,*,#1313,.T.);
#1313 = EDGE_CURVE('',#1229,#1269,#1314,.T.);
#1314 = LINE('',#1315,#1316);
#1315 = CARTESIAN_POINT('',(0.467,-3.273,0.1));
#1316 = VECTOR('',#1317,1.);
#1317 = DIRECTION('',(1.,0.,0.));
#1318 = ORIENTED_EDGE('',*,*,#1266,.F.);
#1319 = PLANE('',#1320);
#1320 = AXIS2_PLACEMENT_3D('',#1321,#1322,#1323);
#1321 = CARTESIAN_POINT('',(0.467,-3.273,0.));
#1322 = DIRECTION('',(0.,1.,0.));
#1323 = DIRECTION('',(0.,-0.,1.));
#1324 = ADVANCED_FACE('',(#1325),#1341,.T.);
#1325 = FACE_BOUND('',#1326,.T.);
#1326 = EDGE_LOOP('',(#1327,#1333,#1334,#1340));
#1327 = ORIENTED_EDGE('',*,*,#1328,.F.);
#1328 = EDGE_CURVE('',#1237,#1277,#1329,.T.);
#1329 = LINE('',#1330,#1331);
#1330 = CARTESIAN_POINT('',(0.467,-2.257,0.));
#1331 = VECTOR('',#1332,1.);
#1332 = DIRECTION('',(1.,0.,0.));
#1333 = ORIENTED_EDGE('',*,*,#1244,.T.);
#1334 = ORIENTED_EDGE('',*,*,#1335,.T.);
#1335 = EDGE_CURVE('',#1245,#1285,#1336,.T.);
#1336 = LINE('',#1337,#1338);
#1337 = CARTESIAN_POINT('',(0.467,-2.257,0.1));
#1338 = VECTOR('',#1339,1.);
#1339 = DIRECTION('',(1.,0.,0.));
#1340 = ORIENTED_EDGE('',*,*,#1284,.F.);
#1341 = PLANE('',#1342);
#1342 = AXIS2_PLACEMENT_3D('',#1343,#1344,#1345);
#1343 = CARTESIAN_POINT('',(0.467,-2.257,0.));
#1344 = DIRECTION('',(0.,1.,0.));
#1345 = DIRECTION('',(0.,-0.,1.));
#1346 = ADVANCED_FACE('',(#1347),#1353,.F.);
#1347 = FACE_BOUND('',#1348,.F.);
#1348 = EDGE_LOOP('',(#1349,#1350,#1351,#1352));
#1349 = ORIENTED_EDGE('',*,*,#1236,.F.);
#1350 = ORIENTED_EDGE('',*,*,#1306,.T.);
#1351 = ORIENTED_EDGE('',*,*,#1276,.T.);
#1352 = ORIENTED_EDGE('',*,*,#1328,.F.);
#1353 = PLANE('',#1354);
#1354 = AXIS2_PLACEMENT_3D('',#1355,#1356,#1357);
#1355 = CARTESIAN_POINT('',(0.467,-3.273,0.));
#1356 = DIRECTION('',(0.,0.,1.));
#1357 = DIRECTION('',(1.,0.,-0.));
#1358 = ADVANCED_FACE('',(#1359),#1365,.T.);
#1359 = FACE_BOUND('',#1360,.T.);
#1360 = EDGE_LOOP('',(#1361,#1362,#1363,#1364));
#1361 = ORIENTED_EDGE('',*,*,#1252,.F.);
#1362 = ORIENTED_EDGE('',*,*,#1313,.T.);
#1363 = ORIENTED_EDGE('',*,*,#1292,.T.);
#1364 = ORIENTED_EDGE('',*,*,#1335,.F.);
#1365 = PLANE('',#1366);
#1366 = AXIS2_PLACEMENT_3D('',#1367,#1368,#1369);
#1367 = CARTESIAN_POINT('',(0.467,-3.273,0.1));
#1368 = DIRECTION('',(0.,0.,1.));
#1369 = DIRECTION('',(1.,0.,-0.));
#1370 = MANIFOLD_SOLID_BREP('',#1371);
#1371 = CLOSED_SHELL('',(#1372,#1412,#1452,#1474,#1496,#1508));
#1372 = ADVANCED_FACE('',(#1373),#1407,.F.);
#1373 = FACE_BOUND('',#1374,.F.);
#1374 = EDGE_LOOP('',(#1375,#1385,#1393,#1401));
#1375 = ORIENTED_EDGE('',*,*,#1376,.F.);
#1376 = EDGE_CURVE('',#1377,#1379,#1381,.T.);
#1377 = VERTEX_POINT('',#1378);
#1378 = CARTESIAN_POINT('',(-1.613,-3.273,0.));
#1379 = VERTEX_POINT('',#1380);
#1380 = CARTESIAN_POINT('',(-1.613,-3.273,0.1));
#1381 = LINE('',#1382,#1383);
#1382 = CARTESIAN_POINT('',(-1.613,-3.273,0.));
#1383 = VECTOR('',#1384,1.);
#1384 = DIRECTION('',(0.,0.,1.));
#1385 = ORIENTED_EDGE('',*,*,#1386,.T.);
#1386 = EDGE_CURVE('',#1377,#1387,#1389,.T.);
#1387 = VERTEX_POINT('',#1388);
#1388 = CARTESIAN_POINT('',(-1.613,-2.257,0.));
#1389 = LINE('',#1390,#1391);
#1390 = CARTESIAN_POINT('',(-1.613,-3.273,0.));
#1391 = VECTOR('',#1392,1.);
#1392 = DIRECTION('',(0.,1.,0.));
#1393 = ORIENTED_EDGE('',*,*,#1394,.T.);
#1394 = EDGE_CURVE('',#1387,#1395,#1397,.T.);
#1395 = VERTEX_POINT('',#1396);
#1396 = CARTESIAN_POINT('',(-1.613,-2.257,0.1));
#1397 = LINE('',#1398,#1399);
#1398 = CARTESIAN_POINT('',(-1.613,-2.257,0.));
#1399 = VECTOR('',#1400,1.);
#1400 = DIRECTION('',(0.,0.,1.));
#1401 = ORIENTED_EDGE('',*,*,#1402,.F.);
#1402 = EDGE_CURVE('',#1379,#1395,#1403,.T.);
#1403 = LINE('',#1404,#1405);
#1404 = CARTESIAN_POINT('',(-1.613,-3.273,0.1));
#1405 = VECTOR('',#1406,1.);
#1406 = DIRECTION('',(0.,1.,0.));
#1407 = PLANE('',#1408);
#1408 = AXIS2_PLACEMENT_3D('',#1409,#1410,#1411);
#1409 = CARTESIAN_POINT('',(-1.613,-3.273,0.));
#1410 = DIRECTION('',(1.,0.,0.));
#1411 = DIRECTION('',(0.,0.,1.));
#1412 = ADVANCED_FACE('',(#1413),#1447,.T.);
#1413 = FACE_BOUND('',#1414,.T.);
#1414 = EDGE_LOOP('',(#1415,#1425,#1433,#1441));
#1415 = ORIENTED_EDGE('',*,*,#1416,.F.);
#1416 = EDGE_CURVE('',#1417,#1419,#1421,.T.);
#1417 = VERTEX_POINT('',#1418);
#1418 = CARTESIAN_POINT('',(-0.467,-3.273,0.));
#1419 = VERTEX_POINT('',#1420);
#1420 = CARTESIAN_POINT('',(-0.467,-3.273,0.1));
#1421 = LINE('',#1422,#1423);
#1422 = CARTESIAN_POINT('',(-0.467,-3.273,0.));
#1423 = VECTOR('',#1424,1.);
#1424 = DIRECTION('',(0.,0.,1.));
#1425 = ORIENTED_EDGE('',*,*,#1426,.T.);
#1426 = EDGE_CURVE('',#1417,#1427,#1429,.T.);
#1427 = VERTEX_POINT('',#1428);
#1428 = CARTESIAN_POINT('',(-0.467,-2.257,0.));
#1429 = LINE('',#1430,#1431);
#1430 = CARTESIAN_POINT('',(-0.467,-3.273,0.));
#1431 = VECTOR('',#1432,1.);
#1432 = DIRECTION('',(0.,1.,0.));
#1433 = ORIENTED_EDGE('',*,*,#1434,.T.);
#1434 = EDGE_CURVE('',#1427,#1435,#1437,.T.);
#1435 = VERTEX_POINT('',#1436);
#1436 = CARTESIAN_POINT('',(-0.467,-2.257,0.1));
#1437 = LINE('',#1438,#1439);
#1438 = CARTESIAN_POINT('',(-0.467,-2.257,0.));
#1439 = VECTOR('',#1440,1.);
#1440 = DIRECTION('',(0.,0.,1.));
#1441 = ORIENTED_EDGE('',*,*,#1442,.F.);
#1442 = EDGE_CURVE('',#1419,#1435,#1443,.T.);
#1443 = LINE('',#1444,#1445);
#1444 = CARTESIAN_POINT('',(-0.467,-3.273,0.1));
#1445 = VECTOR('',#1446,1.);
#1446 = DIRECTION('',(0.,1.,0.));
#1447 = PLANE('',#1448);
#1448 = AXIS2_PLACEMENT_3D('',#1449,#1450,#1451);
#1449 = CARTESIAN_POINT('',(-0.467,-3.273,0.));
#1450 = DIRECTION('',(1.,0.,0.));
#1451 = DIRECTION('',(0.,0.,1.));
#1452 = ADVANCED_FACE('',(#1453),#1469,.F.);
#1453 = FACE_BOUND('',#1454,.F.);
#1454 = EDGE_LOOP('',(#1455,#1461,#1462,#1468));
#1455 = ORIENTED_EDGE('',*,*,#1456,.F.);
#1456 = EDGE_CURVE('',#1377,#1417,#1457,.T.);
#1457 = LINE('',#1458,#1459);
#1458 = CARTESIAN_POINT('',(-1.613,-3.273,0.));
#1459 = VECTOR('',#1460,1.);
#1460 = DIRECTION('',(1.,0.,0.));
#1461 = ORIENTED_EDGE('',*,*,#1376,.T.);
#1462 = ORIENTED_EDGE('',*,*,#1463,.T.);
#1463 = EDGE_CURVE('',#1379,#1419,#1464,.T.);
#1464 = LINE('',#1465,#1466);
#1465 = CARTESIAN_POINT('',(-1.613,-3.273,0.1));
#1466 = VECTOR('',#1467,1.);
#1467 = DIRECTION('',(1.,0.,0.));
#1468 = ORIENTED_EDGE('',*,*,#1416,.F.);
#1469 = PLANE('',#1470);
#1470 = AXIS2_PLACEMENT_3D('',#1471,#1472,#1473);
#1471 = CARTESIAN_POINT('',(-1.613,-3.273,0.));
#1472 = DIRECTION('',(0.,1.,0.));
#1473 = DIRECTION('',(0.,-0.,1.));
#1474 = ADVANCED_FACE('',(#1475),#1491,.T.);
#1475 = FACE_BOUND('',#1476,.T.);
#1476 = EDGE_LOOP('',(#1477,#1483,#1484,#1490));
#1477 = ORIENTED_EDGE('',*,*,#1478,.F.);
#1478 = EDGE_CURVE('',#1387,#1427,#1479,.T.);
#1479 = LINE('',#1480,#1481);
#1480 = CARTESIAN_POINT('',(-1.613,-2.257,0.));
#1481 = VECTOR('',#1482,1.);
#1482 = DIRECTION('',(1.,0.,0.));
#1483 = ORIENTED_EDGE('',*,*,#1394,.T.);
#1484 = ORIENTED_EDGE('',*,*,#1485,.T.);
#1485 = EDGE_CURVE('',#1395,#1435,#1486,.T.);
#1486 = LINE('',#1487,#1488);
#1487 = CARTESIAN_POINT('',(-1.613,-2.257,0.1));
#1488 = VECTOR('',#1489,1.);
#1489 = DIRECTION('',(1.,0.,0.));
#1490 = ORIENTED_EDGE('',*,*,#1434,.F.);
#1491 = PLANE('',#1492);
#1492 = AXIS2_PLACEMENT_3D('',#1493,#1494,#1495);
#1493 = CARTESIAN_POINT('',(-1.613,-2.257,0.));
#1494 = DIRECTION('',(0.,1.,0.));
#1495 = DIRECTION('',(0.,-0.,1.));
#1496 = ADVANCED_FACE('',(#1497),#1503,.F.);
#1497 = FACE_BOUND('',#1498,.F.);
#1498 = EDGE_LOOP('',(#1499,#1500,#1501,#1502));
#1499 = ORIENTED_EDGE('',*,*,#1386,.F.);
#1500 = ORIENTED_EDGE('',*,*,#1456,.T.);
#1501 = ORIENTED_EDGE('',*,*,#1426,.T.);
#1502 = ORIENTED_EDGE('',*,*,#1478,.F.);
#1503 = PLANE('',#1504);
#1504 = AXIS2_PLACEMENT_3D('',#1505,#1506,#1507);
#1505 = CARTESIAN_POINT('',(-1.613,-3.273,0.));
#1506 = DIRECTION('',(0.,0.,1.));
#1507 = DIRECTION('',(1.,0.,-0.));
#1508 = ADVANCED_FACE('',(#1509),#1515,.T.);
#1509 = FACE_BOUND('',#1510,.T.);
#1510 = EDGE_LOOP('',(#1511,#1512,#1513,#1514));
#1511 = ORIENTED_EDGE('',*,*,#1402,.F.);
#1512 = ORIENTED_EDGE('',*,*,#1463,.T.);
#1513 = ORIENTED_EDGE('',*,*,#1442,.T.);
#1514 = ORIENTED_EDGE('',*,*,#1485,.F.);
#1515 = PLANE('',#1516);
#1516 = AXIS2_PLACEMENT_3D('',#1517,#1518,#1519);
#1517 = CARTESIAN_POINT('',(-1.613,-3.273,0.1));
#1518 = DIRECTION('',(0.,0.,1.));
#1519 = DIRECTION('',(1.,0.,-0.));
#1520 = MANIFOLD_SOLID_BREP('',#1521);
#1521 = CLOSED_SHELL('',(#1522,#1562,#1602,#1624,#1646,#1658));
#1522 = ADVANCED_FACE('',(#1523),#1557,.F.);
#1523 = FACE_BOUND('',#1524,.F.);
#1524 = EDGE_LOOP('',(#1525,#1535,#1543,#1551));
#1525 = ORIENTED_EDGE('',*,*,#1526,.F.);
#1526 = EDGE_CURVE('',#1527,#1529,#1531,.T.);
#1527 = VERTEX_POINT('',#1528);
#1528 = CARTESIAN_POINT('',(-1.928,-0.848,0.));
#1529 = VERTEX_POINT('',#1530);
#1530 = CARTESIAN_POINT('',(-1.928,-0.848,0.1));
#1531 = LINE('',#1532,#1533);
#1532 = CARTESIAN_POINT('',(-1.928,-0.848,0.));
#1533 = VECTOR('',#1534,1.);
#1534 = DIRECTION('',(0.,0.,1.));
#1535 = ORIENTED_EDGE('',*,*,#1536,.T.);
#1536 = EDGE_CURVE('',#1527,#1537,#1539,.T.);
#1537 = VERTEX_POINT('',#1538);
#1538 = CARTESIAN_POINT('',(-1.928,2.928,0.));
#1539 = LINE('',#1540,#1541);
#1540 = CARTESIAN_POINT('',(-1.928,-0.848,0.));
#1541 = VECTOR('',#1542,1.);
#1542 = DIRECTION('',(0.,1.,0.));
#1543 = ORIENTED_EDGE('',*,*,#1544,.T.);
#1544 = EDGE_CURVE('',#1537,#1545,#1547,.T.);
#1545 = VERTEX_POINT('',#1546);
#1546 = CARTESIAN_POINT('',(-1.928,2.928,0.1));
#1547 = LINE('',#1548,#1549);
#1548 = CARTESIAN_POINT('',(-1.928,2.928,0.));
#1549 = VECTOR('',#1550,1.);
#1550 = DIRECTION('',(0.,0.,1.));
#1551 = ORIENTED_EDGE('',*,*,#1552,.F.);
#1552 = EDGE_CURVE('',#1529,#1545,#1553,.T.);
#1553 = LINE('',#1554,#1555);
#1554 = CARTESIAN_POINT('',(-1.928,-0.848,0.1));
#1555 = VECTOR('',#1556,1.);
#1556 = DIRECTION('',(0.,1.,0.));
#1557 = PLANE('',#1558);
#1558 = AXIS2_PLACEMENT_3D('',#1559,#1560,#1561);
#1559 = CARTESIAN_POINT('',(-1.928,-0.848,0.));
#1560 = DIRECTION('',(1.,0.,0.));
#1561 = DIRECTION('',(0.,0.,1.));
#1562 = ADVANCED_FACE('',(#1563),#1597,.T.);
#1563 = FACE_BOUND('',#1564,.T.);
#1564 = EDGE_LOOP('',(#1565,#1575,#1583,#1591));
#1565 = ORIENTED_EDGE('',*,*,#1566,.F.);
#1566 = EDGE_CURVE('',#1567,#1569,#1571,.T.);
#1567 = VERTEX_POINT('',#1568);
#1568 = CARTESIAN_POINT('',(1.928,-0.848,0.));
#1569 = VERTEX_POINT('',#1570);
#1570 = CARTESIAN_POINT('',(1.928,-0.848,0.1));
#1571 = LINE('',#1572,#1573);
#1572 = CARTESIAN_POINT('',(1.928,-0.848,0.));
#1573 = VECTOR('',#1574,1.);
#1574 = DIRECTION('',(0.,0.,1.));
#1575 = ORIENTED_EDGE('',*,*,#1576,.T.);
#1576 = EDGE_CURVE('',#1567,#1577,#1579,.T.);
#1577 = VERTEX_POINT('',#1578);
#1578 = CARTESIAN_POINT('',(1.928,2.928,0.));
#1579 = LINE('',#1580,#1581);
#1580 = CARTESIAN_POINT('',(1.928,-0.848,0.));
#1581 = VECTOR('',#1582,1.);
#1582 = DIRECTION('',(0.,1.,0.));
#1583 = ORIENTED_EDGE('',*,*,#1584,.T.);
#1584 = EDGE_CURVE('',#1577,#1585,#1587,.T.);
#1585 = VERTEX_POINT('',#1586);
#1586 = CARTESIAN_POINT('',(1.928,2.928,0.1));
#1587 = LINE('',#1588,#1589);
#1588 = CARTESIAN_POINT('',(1.928,2.928,0.));
#1589 = VECTOR('',#1590,1.);
#1590 = DIRECTION('',(0.,0.,1.));
#1591 = ORIENTED_EDGE('',*,*,#1592,.F.);
#1592 = EDGE_CURVE('',#1569,#1585,#1593,.T.);
#1593 = LINE('',#1594,#1595);
#1594 = CARTESIAN_POINT('',(1.928,-0.848,0.1));
#1595 = VECTOR('',#1596,1.);
#1596 = DIRECTION('',(0.,1.,0.));
#1597 = PLANE('',#1598);
#1598 = AXIS2_PLACEMENT_3D('',#1599,#1600,#1601);
#1599 = CARTESIAN_POINT('',(1.928,-0.848,0.));
#1600 = DIRECTION('',(1.,0.,0.));
#1601 = DIRECTION('',(0.,0.,1.));
#1602 = ADVANCED_FACE('',(#1603),#1619,.F.);
#1603 = FACE_BOUND('',#1604,.F.);
#1604 = EDGE_LOOP('',(#1605,#1611,#1612,#1618));
#1605 = ORIENTED_EDGE('',*,*,#1606,.F.);
#1606 = EDGE_CURVE('',#1527,#1567,#1607,.T.);
#1607 = LINE('',#1608,#1609);
#1608 = CARTESIAN_POINT('',(-1.928,-0.848,0.));
#1609 = VECTOR('',#1610,1.);
#1610 = DIRECTION('',(1.,0.,0.));
#1611 = ORIENTED_EDGE('',*,*,#1526,.T.);
#1612 = ORIENTED_EDGE('',*,*,#1613,.T.);
#1613 = EDGE_CURVE('',#1529,#1569,#1614,.T.);
#1614 = LINE('',#1615,#1616);
#1615 = CARTESIAN_POINT('',(-1.928,-0.848,0.1));
#1616 = VECTOR('',#1617,1.);
#1617 = DIRECTION('',(1.,0.,0.));
#1618 = ORIENTED_EDGE('',*,*,#1566,.F.);
#1619 = PLANE('',#1620);
#1620 = AXIS2_PLACEMENT_3D('',#1621,#1622,#1623);
#1621 = CARTESIAN_POINT('',(-1.928,-0.848,0.));
#1622 = DIRECTION('',(0.,1.,0.));
#1623 = DIRECTION('',(0.,-0.,1.));
#1624 = ADVANCED_FACE('',(#1625),#1641,.T.);
#1625 = FACE_BOUND('',#1626,.T.);
#1626 = EDGE_LOOP('',(#1627,#1633,#1634,#1640));
#1627 = ORIENTED_EDGE('',*,*,#1628,.F.);
#1628 = EDGE_CURVE('',#1537,#1577,#1629,.T.);
#1629 = LINE('',#1630,#1631);
#1630 = CARTESIAN_POINT('',(-1.928,2.928,0.));
#1631 = VECTOR('',#1632,1.);
#1632 = DIRECTION('',(1.,0.,0.));
#1633 = ORIENTED_EDGE('',*,*,#1544,.T.);
#1634 = ORIENTED_EDGE('',*,*,#1635,.T.);
#1635 = EDGE_CURVE('',#1545,#1585,#1636,.T.);
#1636 = LINE('',#1637,#1638);
#1637 = CARTESIAN_POINT('',(-1.928,2.928,0.1));
#1638 = VECTOR('',#1639,1.);
#1639 = DIRECTION('',(1.,0.,0.));
#1640 = ORIENTED_EDGE('',*,*,#1584,.F.);
#1641 = PLANE('',#1642);
#1642 = AXIS2_PLACEMENT_3D('',#1643,#1644,#1645);
#1643 = CARTESIAN_POINT('',(-1.928,2.928,0.));
#1644 = DIRECTION('',(0.,1.,0.));
#1645 = DIRECTION('',(0.,-0.,1.));
#1646 = ADVANCED_FACE('',(#1647),#1653,.F.);
#1647 = FACE_BOUND('',#1648,.F.);
#1648 = EDGE_LOOP('',(#1649,#1650,#1651,#1652));
#1649 = ORIENTED_EDGE('',*,*,#1536,.F.);
#1650 = ORIENTED_EDGE('',*,*,#1606,.T.);
#1651 = ORIENTED_EDGE('',*,*,#1576,.T.);
#1652 = ORIENTED_EDGE('',*,*,#1628,.F.);
#1653 = PLANE('',#1654);
#1654 = AXIS2_PLACEMENT_3D('',#1655,#1656,#1657);
#1655 = CARTESIAN_POINT('',(-1.928,-0.848,0.));
#1656 = DIRECTION('',(0.,0.,1.));
#1657 = DIRECTION('',(1.,0.,-0.));
#1658 = ADVANCED_FACE('',(#1659),#1665,.T.);
#1659 = FACE_BOUND('',#1660,.T.);
#1660 = EDGE_LOOP('',(#1661,#1662,#1663,#1664));
#1661 = ORIENTED_EDGE('',*,*,#1552,.F.);
#1662 = ORIENTED_EDGE('',*,*,#1613,.T.);
#1663 = ORIENTED_EDGE('',*,*,#1592,.T.);
#1664 = ORIENTED_EDGE('',*,*,#1635,.F.);
#1665 = PLANE('',#1666);
#1666 = AXIS2_PLACEMENT_3D('',#1667,#1668,#1669);
#1667 = CARTESIAN_POINT('',(-1.928,-0.848,0.1));
#1668 = DIRECTION('',(0.,0.,1.));
#1669 = DIRECTION('',(1.,0.,-0.));
#1670 = ( GEOMETRIC_REPRESENTATION_CONTEXT(3) 
GLOBAL_UNCERTAINTY_ASSIGNED_CONTEXT((#1674)) 
GLOBAL_UNIT_ASSIGNED_CONTEXT((#1671,#1672,#1673)) REPRESENTATION_CONTEXT
('Context #1','3D Context with UNIT and UNCERTAINTY') );
#1671 = ( LENGTH_UNIT() NAMED_UNIT(*) SI_UNIT(.MILLI.,.METRE.) );
#1672 = ( NAMED_UNIT(*) PLANE_ANGLE_UNIT() SI_UNIT($,.RADIAN.) );
#1673 = ( NAMED_UNIT(*) SI_UNIT($,.STERADIAN.) SOLID_ANGLE_UNIT() );
#1674 = UNCERTAINTY_MEASURE_WITH_UNIT(LENGTH_MEASURE(1.E-07),#1671,
  'distance_accuracy_value','confusion accuracy');
#1675 = CONTEXT_DEPENDENT_SHAPE_REPRESENTATION(#1676,#1678);
#1676 = ( REPRESENTATION_RELATIONSHIP('','',#1219,#1023) 
REPRESENTATION_RELATIONSHIP_WITH_TRANSFORMATION(#1677) 
SHAPE_REPRESENTATION_RELATIONSHIP() );
#1677 = ITEM_DEFINED_TRANSFORMATION('','',#11,#1028);
#1678 = PRODUCT_DEFINITION_SHAPE('Placement','Placement of an item',
  #1679);
#1679 = NEXT_ASSEMBLY_USAGE_OCCURRENCE('4','=>0:1:1:7','',#1018,#1214,$
  );
#1680 = PRODUCT_RELATED_PRODUCT_CATEGORY('part',$,(#1216));
#1681 = SHAPE_DEFINITION_REPRESENTATION(#1682,#1688);
#1682 = PRODUCT_DEFINITION_SHAPE('','',#1683);
#1683 = PRODUCT_DEFINITION('design','',#1684,#1687);
#1684 = PRODUCT_DEFINITION_FORMATION('','',#1685);
#1685 = PRODUCT('C_1206_3216Metric','C_1206_3216Metric','',(#1686));
#1686 = PRODUCT_CONTEXT('',#2,'mechanical');
#1687 = PRODUCT_DEFINITION_CONTEXT('part definition',#2,'design');
#1688 = SHAPE_REPRESENTATION('',(#11,#1689),#1693);
#1689 = AXIS2_PLACEMENT_3D('',#1690,#1691,#1692);
#1690 = CARTESIAN_POINT('',(0.,0.,0.));
#1691 = DIRECTION('',(0.,0.,1.));
#1692 = DIRECTION('',(1.,0.,-0.));
#1693 = ( GEOMETRIC_REPRESENTATION_CONTEXT(3) 
GLOBAL_UNCERTAINTY_ASSIGNED_CONTEXT((#1697)) 
GLOBAL_UNIT_ASSIGNED_CONTEXT((#1694,#1695,#1696)) REPRESENTATION_CONTEXT
('Context #1','3D Context with UNIT and UNCERTAINTY') );
#1694 = ( LENGTH_UNIT() NAMED_UNIT(*) SI_UNIT(.MILLI.,.METRE.) );
#1695 = ( NAMED_UNIT(*) PLANE_ANGLE_UNIT() SI_UNIT($,.RADIAN.) );
#1696 = ( NAMED_UNIT(*) SI_UNIT($,.STERADIAN.) SOLID_ANGLE_UNIT() );
#1697 = UNCERTAINTY_MEASURE_WITH_UNIT(LENGTH_MEASURE(1.E-07),#1694,
  'distance_accuracy_value','confusion accuracy');
#1698 = CONTEXT_DEPENDENT_SHAPE_REPRESENTATION(#1699,#1701);
#1699 = ( REPRESENTATION_RELATIONSHIP('','',#1688,#10) 
REPRESENTATION_RELATIONSHIP_WITH_TRANSFORMATION(#1700) 
SHAPE_REPRESENTATION_RELATIONSHIP() );
#1700 = ITEM_DEFINED_TRANSFORMATION('','',#11,#23);
#1701 = PRODUCT_DEFINITION_SHAPE('Placement','Placement of an item',
  #1702);
#1702 = NEXT_ASSEMBLY_USAGE_OCCURRENCE('8','C1','',#5,#1683,$);
#1703 = PRODUCT_RELATED_PRODUCT_CATEGORY('part',$,(#1685));
#1704 = SHAPE_DEFINITION_REPRESENTATION(#1705,#1711);
#1705 = PRODUCT_DEFINITION_SHAPE('','',#1706);
#1706 = PRODUCT_DEFINITION('design','',#1707,#1710);
#1707 = PRODUCT_DEFINITION_FORMATION('','',#1708);
#1708 = PRODUCT('C_1206_3216Metric','C_1206_3216Metric','',(#1709));
#1709 = PRODUCT_CONTEXT('',#2,'mechanical');
#1710 = PRODUCT_DEFINITION_CONTEXT('part definition',#2,'design');
#1711 = ADVANCED_BREP_SHAPE_REPRESENTATION('',(#11,#1712),#2566);
#1712 = MANIFOLD_SOLID_BREP('',#1713);
#1713 = CLOSED_SHELL('',(#1714,#1790,#1821,#1846,#1871,#1895,#1919,#1944
    ,#1969,#1986,#2072,#2104,#2128,#2153,#2177,#2202,#2226,#2251,#2268,
    #2354,#2385,#2410,#2435,#2459,#2483,#2508,#2533,#2550));
#1714 = ADVANCED_FACE('',(#1715),#1785,.F.);
#1715 = FACE_BOUND('',#1716,.F.);
#1716 = EDGE_LOOP('',(#1717,#1727,#1736,#1744,#1753,#1761,#1770,#1778));
#1717 = ORIENTED_EDGE('',*,*,#1718,.F.);
#1718 = EDGE_CURVE('',#1719,#1721,#1723,.T.);
#1719 = VERTEX_POINT('',#1720);
#1720 = CARTESIAN_POINT('',(-1.6,-0.8,4.E-02));
#1721 = VERTEX_POINT('',#1722);
#1722 = CARTESIAN_POINT('',(-1.6,-0.8,1.56));
#1723 = LINE('',#1724,#1725);
#1724 = CARTESIAN_POINT('',(-1.6,-0.8,0.));
#1725 = VECTOR('',#1726,1.);
#1726 = DIRECTION('',(0.,0.,1.));
#1727 = ORIENTED_EDGE('',*,*,#1728,.T.);
#1728 = EDGE_CURVE('',#1719,#1729,#1731,.T.);
#1729 = VERTEX_POINT('',#1730);
#1730 = CARTESIAN_POINT('',(-1.6,-0.76,0.));
#1731 = CIRCLE('',#1732,4.E-02);
#1732 = AXIS2_PLACEMENT_3D('',#1733,#1734,#1735);
#1733 = CARTESIAN_POINT('',(-1.6,-0.76,4.E-02));
#1734 = DIRECTION('',(1.,0.,-0.));
#1735 = DIRECTION('',(0.,0.,1.));
#1736 = ORIENTED_EDGE('',*,*,#1737,.T.);
#1737 = EDGE_CURVE('',#1729,#1738,#1740,.T.);
#1738 = VERTEX_POINT('',#1739);
#1739 = CARTESIAN_POINT('',(-1.6,0.76,0.));
#1740 = LINE('',#1741,#1742);
#1741 = CARTESIAN_POINT('',(-1.6,-0.8,0.));
#1742 = VECTOR('',#1743,1.);
#1743 = DIRECTION('',(0.,1.,0.));
#1744 = ORIENTED_EDGE('',*,*,#1745,.F.);
#1745 = EDGE_CURVE('',#1746,#1738,#1748,.T.);
#1746 = VERTEX_POINT('',#1747);
#1747 = CARTESIAN_POINT('',(-1.6,0.8,4.E-02));
#1748 = CIRCLE('',#1749,4.E-02);
#1749 = AXIS2_PLACEMENT_3D('',#1750,#1751,#1752);
#1750 = CARTESIAN_POINT('',(-1.6,0.76,4.E-02));
#1751 = DIRECTION('',(-1.,0.,0.));
#1752 = DIRECTION('',(0.,0.,1.));
#1753 = ORIENTED_EDGE('',*,*,#1754,.T.);
#1754 = EDGE_CURVE('',#1746,#1755,#1757,.T.);
#1755 = VERTEX_POINT('',#1756);
#1756 = CARTESIAN_POINT('',(-1.6,0.8,1.56));
#1757 = LINE('',#1758,#1759);
#1758 = CARTESIAN_POINT('',(-1.6,0.8,0.));
#1759 = VECTOR('',#1760,1.);
#1760 = DIRECTION('',(0.,0.,1.));
#1761 = ORIENTED_EDGE('',*,*,#1762,.T.);
#1762 = EDGE_CURVE('',#1755,#1763,#1765,.T.);
#1763 = VERTEX_POINT('',#1764);
#1764 = CARTESIAN_POINT('',(-1.6,0.76,1.6));
#1765 = CIRCLE('',#1766,4.E-02);
#1766 = AXIS2_PLACEMENT_3D('',#1767,#1768,#1769);
#1767 = CARTESIAN_POINT('',(-1.6,0.76,1.56));
#1768 = DIRECTION('',(1.,0.,-0.));
#1769 = DIRECTION('',(0.,0.,1.));
#1770 = ORIENTED_EDGE('',*,*,#1771,.F.);
#1771 = EDGE_CURVE('',#1772,#1763,#1774,.T.);
#1772 = VERTEX_POINT('',#1773);
#1773 = CARTESIAN_POINT('',(-1.6,-0.76,1.6));
#1774 = LINE('',#1775,#1776);
#1775 = CARTESIAN_POINT('',(-1.6,-0.8,1.6));
#1776 = VECTOR('',#1777,1.);
#1777 = DIRECTION('',(0.,1.,0.));
#1778 = ORIENTED_EDGE('',*,*,#1779,.F.);
#1779 = EDGE_CURVE('',#1721,#1772,#1780,.T.);
#1780 = CIRCLE('',#1781,4.E-02);
#1781 = AXIS2_PLACEMENT_3D('',#1782,#1783,#1784);
#1782 = CARTESIAN_POINT('',(-1.6,-0.76,1.56));
#1783 = DIRECTION('',(-1.,0.,0.));
#1784 = DIRECTION('',(0.,0.,1.));
#1785 = PLANE('',#1786);
#1786 = AXIS2_PLACEMENT_3D('',#1787,#1788,#1789);
#1787 = CARTESIAN_POINT('',(-1.6,-0.8,0.));
#1788 = DIRECTION('',(1.,0.,0.));
#1789 = DIRECTION('',(0.,0.,1.));
#1790 = ADVANCED_FACE('',(#1791),#1816,.F.);
#1791 = FACE_BOUND('',#1792,.F.);
#1792 = EDGE_LOOP('',(#1793,#1803,#1809,#1810));
#1793 = ORIENTED_EDGE('',*,*,#1794,.F.);
#1794 = EDGE_CURVE('',#1795,#1797,#1799,.T.);
#1795 = VERTEX_POINT('',#1796);
#1796 = CARTESIAN_POINT('',(-1.2,-0.8,4.E-02));
#1797 = VERTEX_POINT('',#1798);
#1798 = CARTESIAN_POINT('',(-1.2,-0.8,1.56));
#1799 = LINE('',#1800,#1801);
#1800 = CARTESIAN_POINT('',(-1.2,-0.8,0.));
#1801 = VECTOR('',#1802,1.);
#1802 = DIRECTION('',(0.,0.,1.));
#1803 = ORIENTED_EDGE('',*,*,#1804,.F.);
#1804 = EDGE_CURVE('',#1719,#1795,#1805,.T.);
#1805 = LINE('',#1806,#1807);
#1806 = CARTESIAN_POINT('',(-1.6,-0.8,4.E-02));
#1807 = VECTOR('',#1808,1.);
#1808 = DIRECTION('',(1.,0.,0.));
#1809 = ORIENTED_EDGE('',*,*,#1718,.T.);
#1810 = ORIENTED_EDGE('',*,*,#1811,.T.);
#1811 = EDGE_CURVE('',#1721,#1797,#1812,.T.);
#1812 = LINE('',#1813,#1814);
#1813 = CARTESIAN_POINT('',(-1.6,-0.8,1.56));
#1814 = VECTOR('',#1815,1.);
#1815 = DIRECTION('',(1.,0.,0.));
#1816 = PLANE('',#1817);
#1817 = AXIS2_PLACEMENT_3D('',#1818,#1819,#1820);
#1818 = CARTESIAN_POINT('',(-1.6,-0.8,0.));
#1819 = DIRECTION('',(0.,1.,0.));
#1820 = DIRECTION('',(0.,-0.,1.));
#1821 = ADVANCED_FACE('',(#1822),#1841,.T.);
#1822 = FACE_BOUND('',#1823,.T.);
#1823 = EDGE_LOOP('',(#1824,#1825,#1833,#1840));
#1824 = ORIENTED_EDGE('',*,*,#1728,.T.);
#1825 = ORIENTED_EDGE('',*,*,#1826,.T.);
#1826 = EDGE_CURVE('',#1729,#1827,#1829,.T.);
#1827 = VERTEX_POINT('',#1828);
#1828 = CARTESIAN_POINT('',(-1.2,-0.76,0.));
#1829 = LINE('',#1830,#1831);
#1830 = CARTESIAN_POINT('',(-1.6,-0.76,0.));
#1831 = VECTOR('',#1832,1.);
#1832 = DIRECTION('',(1.,0.,0.));
#1833 = ORIENTED_EDGE('',*,*,#1834,.F.);
#1834 = EDGE_CURVE('',#1795,#1827,#1835,.T.);
#1835 = CIRCLE('',#1836,4.E-02);
#1836 = AXIS2_PLACEMENT_3D('',#1837,#1838,#1839);
#1837 = CARTESIAN_POINT('',(-1.2,-0.76,4.E-02));
#1838 = DIRECTION('',(1.,0.,-0.));
#1839 = DIRECTION('',(0.,0.,1.));
#1840 = ORIENTED_EDGE('',*,*,#1804,.F.);
#1841 = CYLINDRICAL_SURFACE('',#1842,4.E-02);
#1842 = AXIS2_PLACEMENT_3D('',#1843,#1844,#1845);
#1843 = CARTESIAN_POINT('',(-1.6,-0.76,4.E-02));
#1844 = DIRECTION('',(1.,0.,0.));
#1845 = DIRECTION('',(0.,-1.,0.));
#1846 = ADVANCED_FACE('',(#1847),#1866,.T.);
#1847 = FACE_BOUND('',#1848,.T.);
#1848 = EDGE_LOOP('',(#1849,#1850,#1859,#1865));
#1849 = ORIENTED_EDGE('',*,*,#1811,.T.);
#1850 = ORIENTED_EDGE('',*,*,#1851,.T.);
#1851 = EDGE_CURVE('',#1797,#1852,#1854,.T.);
#1852 = VERTEX_POINT('',#1853);
#1853 = CARTESIAN_POINT('',(-1.2,-0.76,1.6));
#1854 = CIRCLE('',#1855,4.E-02);
#1855 = AXIS2_PLACEMENT_3D('',#1856,#1857,#1858);
#1856 = CARTESIAN_POINT('',(-1.2,-0.76,1.56));
#1857 = DIRECTION('',(-1.,0.,0.));
#1858 = DIRECTION('',(0.,0.,1.));
#1859 = ORIENTED_EDGE('',*,*,#1860,.F.);
#1860 = EDGE_CURVE('',#1772,#1852,#1861,.T.);
#1861 = LINE('',#1862,#1863);
#1862 = CARTESIAN_POINT('',(-1.6,-0.76,1.6));
#1863 = VECTOR('',#1864,1.);
#1864 = DIRECTION('',(1.,0.,0.));
#1865 = ORIENTED_EDGE('',*,*,#1779,.F.);
#1866 = CYLINDRICAL_SURFACE('',#1867,4.E-02);
#1867 = AXIS2_PLACEMENT_3D('',#1868,#1869,#1870);
#1868 = CARTESIAN_POINT('',(-1.6,-0.76,1.56));
#1869 = DIRECTION('',(1.,0.,0.));
#1870 = DIRECTION('',(0.,-1.,0.));
#1871 = ADVANCED_FACE('',(#1872),#1890,.F.);
#1872 = FACE_BOUND('',#1873,.F.);
#1873 = EDGE_LOOP('',(#1874,#1875,#1876,#1884));
#1874 = ORIENTED_EDGE('',*,*,#1737,.F.);
#1875 = ORIENTED_EDGE('',*,*,#1826,.T.);
#1876 = ORIENTED_EDGE('',*,*,#1877,.T.);
#1877 = EDGE_CURVE('',#1827,#1878,#1880,.T.);
#1878 = VERTEX_POINT('',#1879);
#1879 = CARTESIAN_POINT('',(-1.2,0.76,0.));
#1880 = LINE('',#1881,#1882);
#1881 = CARTESIAN_POINT('',(-1.2,-0.8,0.));
#1882 = VECTOR('',#1883,1.);
#1883 = DIRECTION('',(0.,1.,0.));
#1884 = ORIENTED_EDGE('',*,*,#1885,.F.);
#1885 = EDGE_CURVE('',#1738,#1878,#1886,.T.);
#1886 = LINE('',#1887,#1888);
#1887 = CARTESIAN_POINT('',(-1.6,0.76,0.));
#1888 = VECTOR('',#1889,1.);
#1889 = DIRECTION('',(1.,0.,0.));
#1890 = PLANE('',#1891);
#1891 = AXIS2_PLACEMENT_3D('',#1892,#1893,#1894);
#1892 = CARTESIAN_POINT('',(-1.6,-0.8,0.));
#1893 = DIRECTION('',(0.,0.,1.));
#1894 = DIRECTION('',(1.,0.,-0.));
#1895 = ADVANCED_FACE('',(#1896),#1914,.T.);
#1896 = FACE_BOUND('',#1897,.T.);
#1897 = EDGE_LOOP('',(#1898,#1899,#1900,#1908));
#1898 = ORIENTED_EDGE('',*,*,#1771,.F.);
#1899 = ORIENTED_EDGE('',*,*,#1860,.T.);
#1900 = ORIENTED_EDGE('',*,*,#1901,.T.);
#1901 = EDGE_CURVE('',#1852,#1902,#1904,.T.);
#1902 = VERTEX_POINT('',#1903);
#1903 = CARTESIAN_POINT('',(-1.2,0.76,1.6));
#1904 = LINE('',#1905,#1906);
#1905 = CARTESIAN_POINT('',(-1.2,-0.8,1.6));
#1906 = VECTOR('',#1907,1.);
#1907 = DIRECTION('',(0.,1.,0.));
#1908 = ORIENTED_EDGE('',*,*,#1909,.F.);
#1909 = EDGE_CURVE('',#1763,#1902,#1910,.T.);
#1910 = LINE('',#1911,#1912);
#1911 = CARTESIAN_POINT('',(-1.6,0.76,1.6));
#1912 = VECTOR('',#1913,1.);
#1913 = DIRECTION('',(1.,0.,0.));
#1914 = PLANE('',#1915);
#1915 = AXIS2_PLACEMENT_3D('',#1916,#1917,#1918);
#1916 = CARTESIAN_POINT('',(-1.6,-0.8,1.6));
#1917 = DIRECTION('',(0.,0.,1.));
#1918 = DIRECTION('',(1.,0.,-0.));
#1919 = ADVANCED_FACE('',(#1920),#1939,.T.);
#1920 = FACE_BOUND('',#1921,.T.);
#1921 = EDGE_LOOP('',(#1922,#1930,#1937,#1938));
#1922 = ORIENTED_EDGE('',*,*,#1923,.T.);
#1923 = EDGE_CURVE('',#1746,#1924,#1926,.T.);
#1924 = VERTEX_POINT('',#1925);
#1925 = CARTESIAN_POINT('',(-1.2,0.8,4.E-02));
#1926 = LINE('',#1927,#1928);
#1927 = CARTESIAN_POINT('',(-1.6,0.8,4.E-02));
#1928 = VECTOR('',#1929,1.);
#1929 = DIRECTION('',(1.,0.,0.));
#1930 = ORIENTED_EDGE('',*,*,#1931,.T.);
#1931 = EDGE_CURVE('',#1924,#1878,#1932,.T.);
#1932 = CIRCLE('',#1933,4.E-02);
#1933 = AXIS2_PLACEMENT_3D('',#1934,#1935,#1936);
#1934 = CARTESIAN_POINT('',(-1.2,0.76,4.E-02));
#1935 = DIRECTION('',(-1.,0.,0.));
#1936 = DIRECTION('',(0.,0.,1.));
#1937 = ORIENTED_EDGE('',*,*,#1885,.F.);
#1938 = ORIENTED_EDGE('',*,*,#1745,.F.);
#1939 = CYLINDRICAL_SURFACE('',#1940,4.E-02);
#1940 = AXIS2_PLACEMENT_3D('',#1941,#1942,#1943);
#1941 = CARTESIAN_POINT('',(-1.6,0.76,4.E-02));
#1942 = DIRECTION('',(1.,0.,0.));
#1943 = DIRECTION('',(-0.,1.,0.));
#1944 = ADVANCED_FACE('',(#1945),#1964,.T.);
#1945 = FACE_BOUND('',#1946,.T.);
#1946 = EDGE_LOOP('',(#1947,#1948,#1949,#1958));
#1947 = ORIENTED_EDGE('',*,*,#1762,.T.);
#1948 = ORIENTED_EDGE('',*,*,#1909,.T.);
#1949 = ORIENTED_EDGE('',*,*,#1950,.F.);
#1950 = EDGE_CURVE('',#1951,#1902,#1953,.T.);
#1951 = VERTEX_POINT('',#1952);
#1952 = CARTESIAN_POINT('',(-1.2,0.8,1.56));
#1953 = CIRCLE('',#1954,4.E-02);
#1954 = AXIS2_PLACEMENT_3D('',#1955,#1956,#1957);
#1955 = CARTESIAN_POINT('',(-1.2,0.76,1.56));
#1956 = DIRECTION('',(1.,0.,-0.));
#1957 = DIRECTION('',(0.,0.,1.));
#1958 = ORIENTED_EDGE('',*,*,#1959,.F.);
#1959 = EDGE_CURVE('',#1755,#1951,#1960,.T.);
#1960 = LINE('',#1961,#1962);
#1961 = CARTESIAN_POINT('',(-1.6,0.8,1.56));
#1962 = VECTOR('',#1963,1.);
#1963 = DIRECTION('',(1.,0.,0.));
#1964 = CYLINDRICAL_SURFACE('',#1965,4.E-02);
#1965 = AXIS2_PLACEMENT_3D('',#1966,#1967,#1968);
#1966 = CARTESIAN_POINT('',(-1.6,0.76,1.56));
#1967 = DIRECTION('',(1.,0.,0.));
#1968 = DIRECTION('',(-0.,1.,0.));
#1969 = ADVANCED_FACE('',(#1970),#1981,.T.);
#1970 = FACE_BOUND('',#1971,.T.);
#1971 = EDGE_LOOP('',(#1972,#1978,#1979,#1980));
#1972 = ORIENTED_EDGE('',*,*,#1973,.F.);
#1973 = EDGE_CURVE('',#1924,#1951,#1974,.T.);
#1974 = LINE('',#1975,#1976);
#1975 = CARTESIAN_POINT('',(-1.2,0.8,0.));
#1976 = VECTOR('',#1977,1.);
#1977 = DIRECTION('',(0.,0.,1.));
#1978 = ORIENTED_EDGE('',*,*,#1923,.F.);
#1979 = ORIENTED_EDGE('',*,*,#1754,.T.);
#1980 = ORIENTED_EDGE('',*,*,#1959,.T.);
#1981 = PLANE('',#1982);
#1982 = AXIS2_PLACEMENT_3D('',#1983,#1984,#1985);
#1983 = CARTESIAN_POINT('',(-1.6,0.8,0.));
#1984 = DIRECTION('',(0.,1.,0.));
#1985 = DIRECTION('',(0.,-0.,1.));
#1986 = ADVANCED_FACE('',(#1987,#1997),#2067,.T.);
#1987 = FACE_BOUND('',#1988,.T.);
#1988 = EDGE_LOOP('',(#1989,#1990,#1991,#1992,#1993,#1994,#1995,#1996));
#1989 = ORIENTED_EDGE('',*,*,#1794,.F.);
#1990 = ORIENTED_EDGE('',*,*,#1834,.T.);
#1991 = ORIENTED_EDGE('',*,*,#1877,.T.);
#1992 = ORIENTED_EDGE('',*,*,#1931,.F.);
#1993 = ORIENTED_EDGE('',*,*,#1973,.T.);
#1994 = ORIENTED_EDGE('',*,*,#1950,.T.);
#1995 = ORIENTED_EDGE('',*,*,#1901,.F.);
#1996 = ORIENTED_EDGE('',*,*,#1851,.F.);
#1997 = FACE_BOUND('',#1998,.T.);
#1998 = EDGE_LOOP('',(#1999,#2010,#2018,#2027,#2035,#2044,#2052,#2061));
#1999 = ORIENTED_EDGE('',*,*,#2000,.F.);
#2000 = EDGE_CURVE('',#2001,#2003,#2005,.T.);
#2001 = VERTEX_POINT('',#2002);
#2002 = CARTESIAN_POINT('',(-1.2,-0.76,8.E-02));
#2003 = VERTEX_POINT('',#2004);
#2004 = CARTESIAN_POINT('',(-1.2,-0.72,4.E-02));
#2005 = CIRCLE('',#2006,4.E-02);
#2006 = AXIS2_PLACEMENT_3D('',#2007,#2008,#2009);
#2007 = CARTESIAN_POINT('',(-1.2,-0.72,8.E-02));
#2008 = DIRECTION('',(1.,0.,-0.));
#2009 = DIRECTION('',(0.,0.,1.));
#2010 = ORIENTED_EDGE('',*,*,#2011,.T.);
#2011 = EDGE_CURVE('',#2001,#2012,#2014,.T.);
#2012 = VERTEX_POINT('',#2013);
#2013 = CARTESIAN_POINT('',(-1.2,-0.76,1.52));
#2014 = LINE('',#2015,#2016);
#2015 = CARTESIAN_POINT('',(-1.2,-0.76,4.E-02));
#2016 = VECTOR('',#2017,1.);
#2017 = DIRECTION('',(0.,0.,1.));
#2018 = ORIENTED_EDGE('',*,*,#2019,.T.);
#2019 = EDGE_CURVE('',#2012,#2020,#2022,.T.);
#2020 = VERTEX_POINT('',#2021);
#2021 = CARTESIAN_POINT('',(-1.2,-0.72,1.56));
#2022 = CIRCLE('',#2023,4.E-02);
#2023 = AXIS2_PLACEMENT_3D('',#2024,#2025,#2026);
#2024 = CARTESIAN_POINT('',(-1.2,-0.72,1.52));
#2025 = DIRECTION('',(-1.,0.,0.));
#2026 = DIRECTION('',(0.,0.,1.));
#2027 = ORIENTED_EDGE('',*,*,#2028,.T.);
#2028 = EDGE_CURVE('',#2020,#2029,#2031,.T.);
#2029 = VERTEX_POINT('',#2030);
#2030 = CARTESIAN_POINT('',(-1.2,0.72,1.56));
#2031 = LINE('',#2032,#2033);
#2032 = CARTESIAN_POINT('',(-1.2,-0.76,1.56));
#2033 = VECTOR('',#2034,1.);
#2034 = DIRECTION('',(0.,1.,0.));
#2035 = ORIENTED_EDGE('',*,*,#2036,.F.);
#2036 = EDGE_CURVE('',#2037,#2029,#2039,.T.);
#2037 = VERTEX_POINT('',#2038);
#2038 = CARTESIAN_POINT('',(-1.2,0.76,1.52));
#2039 = CIRCLE('',#2040,4.E-02);
#2040 = AXIS2_PLACEMENT_3D('',#2041,#2042,#2043);
#2041 = CARTESIAN_POINT('',(-1.2,0.72,1.52));
#2042 = DIRECTION('',(1.,0.,-0.));
#2043 = DIRECTION('',(0.,0.,1.));
#2044 = ORIENTED_EDGE('',*,*,#2045,.F.);
#2045 = EDGE_CURVE('',#2046,#2037,#2048,.T.);
#2046 = VERTEX_POINT('',#2047);
#2047 = CARTESIAN_POINT('',(-1.2,0.76,8.E-02));
#2048 = LINE('',#2049,#2050);
#2049 = CARTESIAN_POINT('',(-1.2,0.76,4.E-02));
#2050 = VECTOR('',#2051,1.);
#2051 = DIRECTION('',(0.,0.,1.));
#2052 = ORIENTED_EDGE('',*,*,#2053,.T.);
#2053 = EDGE_CURVE('',#2046,#2054,#2056,.T.);
#2054 = VERTEX_POINT('',#2055);
#2055 = CARTESIAN_POINT('',(-1.2,0.72,4.E-02));
#2056 = CIRCLE('',#2057,4.E-02);
#2057 = AXIS2_PLACEMENT_3D('',#2058,#2059,#2060);
#2058 = CARTESIAN_POINT('',(-1.2,0.72,8.E-02));
#2059 = DIRECTION('',(-1.,0.,0.));
#2060 = DIRECTION('',(0.,0.,1.));
#2061 = ORIENTED_EDGE('',*,*,#2062,.F.);
#2062 = EDGE_CURVE('',#2003,#2054,#2063,.T.);
#2063 = LINE('',#2064,#2065);
#2064 = CARTESIAN_POINT('',(-1.2,-0.76,4.E-02));
#2065 = VECTOR('',#2066,1.);
#2066 = DIRECTION('',(0.,1.,0.));
#2067 = PLANE('',#2068);
#2068 = AXIS2_PLACEMENT_3D('',#2069,#2070,#2071);
#2069 = CARTESIAN_POINT('',(-1.2,-0.8,0.));
#2070 = DIRECTION('',(1.,0.,0.));
#2071 = DIRECTION('',(0.,0.,1.));
#2072 = ADVANCED_FACE('',(#2073),#2099,.T.);
#2073 = FACE_BOUND('',#2074,.T.);
#2074 = EDGE_LOOP('',(#2075,#2076,#2084,#2093));
#2075 = ORIENTED_EDGE('',*,*,#2000,.T.);
#2076 = ORIENTED_EDGE('',*,*,#2077,.T.);
#2077 = EDGE_CURVE('',#2003,#2078,#2080,.T.);
#2078 = VERTEX_POINT('',#2079);
#2079 = CARTESIAN_POINT('',(1.2,-0.72,4.E-02));
#2080 = LINE('',#2081,#2082);
#2081 = CARTESIAN_POINT('',(-1.2,-0.72,4.E-02));
#2082 = VECTOR('',#2083,1.);
#2083 = DIRECTION('',(1.,0.,0.));
#2084 = ORIENTED_EDGE('',*,*,#2085,.F.);
#2085 = EDGE_CURVE('',#2086,#2078,#2088,.T.);
#2086 = VERTEX_POINT('',#2087);
#2087 = CARTESIAN_POINT('',(1.2,-0.76,8.E-02));
#2088 = CIRCLE('',#2089,4.E-02);
#2089 = AXIS2_PLACEMENT_3D('',#2090,#2091,#2092);
#2090 = CARTESIAN_POINT('',(1.2,-0.72,8.E-02));
#2091 = DIRECTION('',(1.,0.,-0.));
#2092 = DIRECTION('',(0.,0.,1.));
#2093 = ORIENTED_EDGE('',*,*,#2094,.F.);
#2094 = EDGE_CURVE('',#2001,#2086,#2095,.T.);
#2095 = LINE('',#2096,#2097);
#2096 = CARTESIAN_POINT('',(-1.2,-0.76,8.E-02));
#2097 = VECTOR('',#2098,1.);
#2098 = DIRECTION('',(1.,0.,0.));
#2099 = CYLINDRICAL_SURFACE('',#2100,4.E-02);
#2100 = AXIS2_PLACEMENT_3D('',#2101,#2102,#2103);
#2101 = CARTESIAN_POINT('',(-1.2,-0.72,8.E-02));
#2102 = DIRECTION('',(1.,0.,0.));
#2103 = DIRECTION('',(0.,-1.,0.));
#2104 = ADVANCED_FACE('',(#2105),#2123,.F.);
#2105 = FACE_BOUND('',#2106,.F.);
#2106 = EDGE_LOOP('',(#2107,#2108,#2109,#2117));
#2107 = ORIENTED_EDGE('',*,*,#2062,.F.);
#2108 = ORIENTED_EDGE('',*,*,#2077,.T.);
#2109 = ORIENTED_EDGE('',*,*,#2110,.T.);
#2110 = EDGE_CURVE('',#2078,#2111,#2113,.T.);
#2111 = VERTEX_POINT('',#2112);
#2112 = CARTESIAN_POINT('',(1.2,0.72,4.E-02));
#2113 = LINE('',#2114,#2115);
#2114 = CARTESIAN_POINT('',(1.2,-0.76,4.E-02));
#2115 = VECTOR('',#2116,1.);
#2116 = DIRECTION('',(0.,1.,0.));
#2117 = ORIENTED_EDGE('',*,*,#2118,.F.);
#2118 = EDGE_CURVE('',#2054,#2111,#2119,.T.);
#2119 = LINE('',#2120,#2121);
#2120 = CARTESIAN_POINT('',(-1.2,0.72,4.E-02));
#2121 = VECTOR('',#2122,1.);
#2122 = DIRECTION('',(1.,0.,0.));
#2123 = PLANE('',#2124);
#2124 = AXIS2_PLACEMENT_3D('',#2125,#2126,#2127);
#2125 = CARTESIAN_POINT('',(-1.2,-0.76,4.E-02));
#2126 = DIRECTION('',(0.,0.,1.));
#2127 = DIRECTION('',(1.,0.,-0.));
#2128 = ADVANCED_FACE('',(#2129),#2148,.T.);
#2129 = FACE_BOUND('',#2130,.T.);
#2130 = EDGE_LOOP('',(#2131,#2139,#2146,#2147));
#2131 = ORIENTED_EDGE('',*,*,#2132,.T.);
#2132 = EDGE_CURVE('',#2046,#2133,#2135,.T.);
#2133 = VERTEX_POINT('',#2134);
#2134 = CARTESIAN_POINT('',(1.2,0.76,8.E-02));
#2135 = LINE('',#2136,#2137);
#2136 = CARTESIAN_POINT('',(-1.2,0.76,8.E-02));
#2137 = VECTOR('',#2138,1.);
#2138 = DIRECTION('',(1.,0.,0.));
#2139 = ORIENTED_EDGE('',*,*,#2140,.T.);
#2140 = EDGE_CURVE('',#2133,#2111,#2141,.T.);
#2141 = CIRCLE('',#2142,4.E-02);
#2142 = AXIS2_PLACEMENT_3D('',#2143,#2144,#2145);
#2143 = CARTESIAN_POINT('',(1.2,0.72,8.E-02));
#2144 = DIRECTION('',(-1.,0.,0.));
#2145 = DIRECTION('',(0.,0.,1.));
#2146 = ORIENTED_EDGE('',*,*,#2118,.F.);
#2147 = ORIENTED_EDGE('',*,*,#2053,.F.);
#2148 = CYLINDRICAL_SURFACE('',#2149,4.E-02);
#2149 = AXIS2_PLACEMENT_3D('',#2150,#2151,#2152);
#2150 = CARTESIAN_POINT('',(-1.2,0.72,8.E-02));
#2151 = DIRECTION('',(1.,0.,0.));
#2152 = DIRECTION('',(-0.,1.,0.));
#2153 = ADVANCED_FACE('',(#2154),#2172,.T.);
#2154 = FACE_BOUND('',#2155,.T.);
#2155 = EDGE_LOOP('',(#2156,#2164,#2165,#2166));
#2156 = ORIENTED_EDGE('',*,*,#2157,.F.);
#2157 = EDGE_CURVE('',#2133,#2158,#2160,.T.);
#2158 = VERTEX_POINT('',#2159);
#2159 = CARTESIAN_POINT('',(1.2,0.76,1.52));
#2160 = LINE('',#2161,#2162);
#2161 = CARTESIAN_POINT('',(1.2,0.76,4.E-02));
#2162 = VECTOR('',#2163,1.);
#2163 = DIRECTION('',(0.,0.,1.));
#2164 = ORIENTED_EDGE('',*,*,#2132,.F.);
#2165 = ORIENTED_EDGE('',*,*,#2045,.T.);
#2166 = ORIENTED_EDGE('',*,*,#2167,.T.);
#2167 = EDGE_CURVE('',#2037,#2158,#2168,.T.);
#2168 = LINE('',#2169,#2170);
#2169 = CARTESIAN_POINT('',(-1.2,0.76,1.52));
#2170 = VECTOR('',#2171,1.);
#2171 = DIRECTION('',(1.,0.,0.));
#2172 = PLANE('',#2173);
#2173 = AXIS2_PLACEMENT_3D('',#2174,#2175,#2176);
#2174 = CARTESIAN_POINT('',(-1.2,0.76,4.E-02));
#2175 = DIRECTION('',(0.,1.,0.));
#2176 = DIRECTION('',(0.,-0.,1.));
#2177 = ADVANCED_FACE('',(#2178),#2197,.T.);
#2178 = FACE_BOUND('',#2179,.T.);
#2179 = EDGE_LOOP('',(#2180,#2181,#2189,#2196));
#2180 = ORIENTED_EDGE('',*,*,#2036,.T.);
#2181 = ORIENTED_EDGE('',*,*,#2182,.T.);
#2182 = EDGE_CURVE('',#2029,#2183,#2185,.T.);
#2183 = VERTEX_POINT('',#2184);
#2184 = CARTESIAN_POINT('',(1.2,0.72,1.56));
#2185 = LINE('',#2186,#2187);
#2186 = CARTESIAN_POINT('',(-1.2,0.72,1.56));
#2187 = VECTOR('',#2188,1.);
#2188 = DIRECTION('',(1.,0.,0.));
#2189 = ORIENTED_EDGE('',*,*,#2190,.F.);
#2190 = EDGE_CURVE('',#2158,#2183,#2191,.T.);
#2191 = CIRCLE('',#2192,4.E-02);
#2192 = AXIS2_PLACEMENT_3D('',#2193,#2194,#2195);
#2193 = CARTESIAN_POINT('',(1.2,0.72,1.52));
#2194 = DIRECTION('',(1.,0.,-0.));
#2195 = DIRECTION('',(0.,0.,1.));
#2196 = ORIENTED_EDGE('',*,*,#2167,.F.);
#2197 = CYLINDRICAL_SURFACE('',#2198,4.E-02);
#2198 = AXIS2_PLACEMENT_3D('',#2199,#2200,#2201);
#2199 = CARTESIAN_POINT('',(-1.2,0.72,1.52));
#2200 = DIRECTION('',(1.,0.,0.));
#2201 = DIRECTION('',(-0.,1.,0.));
#2202 = ADVANCED_FACE('',(#2203),#2221,.T.);
#2203 = FACE_BOUND('',#2204,.T.);
#2204 = EDGE_LOOP('',(#2205,#2206,#2214,#2220));
#2205 = ORIENTED_EDGE('',*,*,#2028,.F.);
#2206 = ORIENTED_EDGE('',*,*,#2207,.T.);
#2207 = EDGE_CURVE('',#2020,#2208,#2210,.T.);
#2208 = VERTEX_POINT('',#2209);
#2209 = CARTESIAN_POINT('',(1.2,-0.72,1.56));
#2210 = LINE('',#2211,#2212);
#2211 = CARTESIAN_POINT('',(-1.2,-0.72,1.56));
#2212 = VECTOR('',#2213,1.);
#2213 = DIRECTION('',(1.,0.,0.));
#2214 = ORIENTED_EDGE('',*,*,#2215,.T.);
#2215 = EDGE_CURVE('',#2208,#2183,#2216,.T.);
#2216 = LINE('',#2217,#2218);
#2217 = CARTESIAN_POINT('',(1.2,-0.76,1.56));
#2218 = VECTOR('',#2219,1.);
#2219 = DIRECTION('',(0.,1.,0.));
#2220 = ORIENTED_EDGE('',*,*,#2182,.F.);
#2221 = PLANE('',#2222);
#2222 = AXIS2_PLACEMENT_3D('',#2223,#2224,#2225);
#2223 = CARTESIAN_POINT('',(-1.2,-0.76,1.56));
#2224 = DIRECTION('',(0.,0.,1.));
#2225 = DIRECTION('',(1.,0.,-0.));
#2226 = ADVANCED_FACE('',(#2227),#2246,.T.);
#2227 = FACE_BOUND('',#2228,.T.);
#2228 = EDGE_LOOP('',(#2229,#2237,#2244,#2245));
#2229 = ORIENTED_EDGE('',*,*,#2230,.T.);
#2230 = EDGE_CURVE('',#2012,#2231,#2233,.T.);
#2231 = VERTEX_POINT('',#2232);
#2232 = CARTESIAN_POINT('',(1.2,-0.76,1.52));
#2233 = LINE('',#2234,#2235);
#2234 = CARTESIAN_POINT('',(-1.2,-0.76,1.52));
#2235 = VECTOR('',#2236,1.);
#2236 = DIRECTION('',(1.,0.,0.));
#2237 = ORIENTED_EDGE('',*,*,#2238,.T.);
#2238 = EDGE_CURVE('',#2231,#2208,#2239,.T.);
#2239 = CIRCLE('',#2240,4.E-02);
#2240 = AXIS2_PLACEMENT_3D('',#2241,#2242,#2243);
#2241 = CARTESIAN_POINT('',(1.2,-0.72,1.52));
#2242 = DIRECTION('',(-1.,0.,0.));
#2243 = DIRECTION('',(0.,0.,1.));
#2244 = ORIENTED_EDGE('',*,*,#2207,.F.);
#2245 = ORIENTED_EDGE('',*,*,#2019,.F.);
#2246 = CYLINDRICAL_SURFACE('',#2247,4.E-02);
#2247 = AXIS2_PLACEMENT_3D('',#2248,#2249,#2250);
#2248 = CARTESIAN_POINT('',(-1.2,-0.72,1.52));
#2249 = DIRECTION('',(1.,0.,0.));
#2250 = DIRECTION('',(0.,-1.,0.));
#2251 = ADVANCED_FACE('',(#2252),#2263,.F.);
#2252 = FACE_BOUND('',#2253,.F.);
#2253 = EDGE_LOOP('',(#2254,#2260,#2261,#2262));
#2254 = ORIENTED_EDGE('',*,*,#2255,.F.);
#2255 = EDGE_CURVE('',#2086,#2231,#2256,.T.);
#2256 = LINE('',#2257,#2258);
#2257 = CARTESIAN_POINT('',(1.2,-0.76,4.E-02));
#2258 = VECTOR('',#2259,1.);
#2259 = DIRECTION('',(0.,0.,1.));
#2260 = ORIENTED_EDGE('',*,*,#2094,.F.);
#2261 = ORIENTED_EDGE('',*,*,#2011,.T.);
#2262 = ORIENTED_EDGE('',*,*,#2230,.T.);
#2263 = PLANE('',#2264);
#2264 = AXIS2_PLACEMENT_3D('',#2265,#2266,#2267);
#2265 = CARTESIAN_POINT('',(-1.2,-0.76,4.E-02));
#2266 = DIRECTION('',(0.,1.,0.));
#2267 = DIRECTION('',(0.,-0.,1.));
#2268 = ADVANCED_FACE('',(#2269,#2339),#2349,.F.);
#2269 = FACE_BOUND('',#2270,.F.);
#2270 = EDGE_LOOP('',(#2271,#2281,#2290,#2298,#2307,#2315,#2324,#2332));
#2271 = ORIENTED_EDGE('',*,*,#2272,.F.);
#2272 = EDGE_CURVE('',#2273,#2275,#2277,.T.);
#2273 = VERTEX_POINT('',#2274);
#2274 = CARTESIAN_POINT('',(1.2,-0.8,4.E-02));
#2275 = VERTEX_POINT('',#2276);
#2276 = CARTESIAN_POINT('',(1.2,-0.8,1.56));
#2277 = LINE('',#2278,#2279);
#2278 = CARTESIAN_POINT('',(1.2,-0.8,0.));
#2279 = VECTOR('',#2280,1.);
#2280 = DIRECTION('',(0.,0.,1.));
#2281 = ORIENTED_EDGE('',*,*,#2282,.T.);
#2282 = EDGE_CURVE('',#2273,#2283,#2285,.T.);
#2283 = VERTEX_POINT('',#2284);
#2284 = CARTESIAN_POINT('',(1.2,-0.76,0.));
#2285 = CIRCLE('',#2286,4.E-02);
#2286 = AXIS2_PLACEMENT_3D('',#2287,#2288,#2289);
#2287 = CARTESIAN_POINT('',(1.2,-0.76,4.E-02));
#2288 = DIRECTION('',(1.,0.,-0.));
#2289 = DIRECTION('',(0.,0.,1.));
#2290 = ORIENTED_EDGE('',*,*,#2291,.T.);
#2291 = EDGE_CURVE('',#2283,#2292,#2294,.T.);
#2292 = VERTEX_POINT('',#2293);
#2293 = CARTESIAN_POINT('',(1.2,0.76,0.));
#2294 = LINE('',#2295,#2296);
#2295 = CARTESIAN_POINT('',(1.2,-0.8,0.));
#2296 = VECTOR('',#2297,1.);
#2297 = DIRECTION('',(0.,1.,0.));
#2298 = ORIENTED_EDGE('',*,*,#2299,.F.);
#2299 = EDGE_CURVE('',#2300,#2292,#2302,.T.);
#2300 = VERTEX_POINT('',#2301);
#2301 = CARTESIAN_POINT('',(1.2,0.8,4.E-02));
#2302 = CIRCLE('',#2303,4.E-02);
#2303 = AXIS2_PLACEMENT_3D('',#2304,#2305,#2306);
#2304 = CARTESIAN_POINT('',(1.2,0.76,4.E-02));
#2305 = DIRECTION('',(-1.,0.,0.));
#2306 = DIRECTION('',(0.,0.,1.));
#2307 = ORIENTED_EDGE('',*,*,#2308,.T.);
#2308 = EDGE_CURVE('',#2300,#2309,#2311,.T.);
#2309 = VERTEX_POINT('',#2310);
#2310 = CARTESIAN_POINT('',(1.2,0.8,1.56));
#2311 = LINE('',#2312,#2313);
#2312 = CARTESIAN_POINT('',(1.2,0.8,0.));
#2313 = VECTOR('',#2314,1.);
#2314 = DIRECTION('',(0.,0.,1.));
#2315 = ORIENTED_EDGE('',*,*,#2316,.T.);
#2316 = EDGE_CURVE('',#2309,#2317,#2319,.T.);
#2317 = VERTEX_POINT('',#2318);
#2318 = CARTESIAN_POINT('',(1.2,0.76,1.6));
#2319 = CIRCLE('',#2320,4.E-02);
#2320 = AXIS2_PLACEMENT_3D('',#2321,#2322,#2323);
#2321 = CARTESIAN_POINT('',(1.2,0.76,1.56));
#2322 = DIRECTION('',(1.,0.,-0.));
#2323 = DIRECTION('',(0.,0.,1.));
#2324 = ORIENTED_EDGE('',*,*,#2325,.F.);
#2325 = EDGE_CURVE('',#2326,#2317,#2328,.T.);
#2326 = VERTEX_POINT('',#2327);
#2327 = CARTESIAN_POINT('',(1.2,-0.76,1.6));
#2328 = LINE('',#2329,#2330);
#2329 = CARTESIAN_POINT('',(1.2,-0.8,1.6));
#2330 = VECTOR('',#2331,1.);
#2331 = DIRECTION('',(0.,1.,0.));
#2332 = ORIENTED_EDGE('',*,*,#2333,.F.);
#2333 = EDGE_CURVE('',#2275,#2326,#2334,.T.);
#2334 = CIRCLE('',#2335,4.E-02);
#2335 = AXIS2_PLACEMENT_3D('',#2336,#2337,#2338);
#2336 = CARTESIAN_POINT('',(1.2,-0.76,1.56));
#2337 = DIRECTION('',(-1.,0.,0.));
#2338 = DIRECTION('',(0.,0.,1.));
#2339 = FACE_BOUND('',#2340,.F.);
#2340 = EDGE_LOOP('',(#2341,#2342,#2343,#2344,#2345,#2346,#2347,#2348));
#2341 = ORIENTED_EDGE('',*,*,#2085,.F.);
#2342 = ORIENTED_EDGE('',*,*,#2255,.T.);
#2343 = ORIENTED_EDGE('',*,*,#2238,.T.);
#2344 = ORIENTED_EDGE('',*,*,#2215,.T.);
#2345 = ORIENTED_EDGE('',*,*,#2190,.F.);
#2346 = ORIENTED_EDGE('',*,*,#2157,.F.);
#2347 = ORIENTED_EDGE('',*,*,#2140,.T.);
#2348 = ORIENTED_EDGE('',*,*,#2110,.F.);
#2349 = PLANE('',#2350);
#2350 = AXIS2_PLACEMENT_3D('',#2351,#2352,#2353);
#2351 = CARTESIAN_POINT('',(1.2,-0.8,0.));
#2352 = DIRECTION('',(1.,0.,0.));
#2353 = DIRECTION('',(0.,0.,1.));
#2354 = ADVANCED_FACE('',(#2355),#2380,.F.);
#2355 = FACE_BOUND('',#2356,.F.);
#2356 = EDGE_LOOP('',(#2357,#2367,#2373,#2374));
#2357 = ORIENTED_EDGE('',*,*,#2358,.F.);
#2358 = EDGE_CURVE('',#2359,#2361,#2363,.T.);
#2359 = VERTEX_POINT('',#2360);
#2360 = CARTESIAN_POINT('',(1.6,-0.8,4.E-02));
#2361 = VERTEX_POINT('',#2362);
#2362 = CARTESIAN_POINT('',(1.6,-0.8,1.56));
#2363 = LINE('',#2364,#2365);
#2364 = CARTESIAN_POINT('',(1.6,-0.8,0.));
#2365 = VECTOR('',#2366,1.);
#2366 = DIRECTION('',(0.,0.,1.));
#2367 = ORIENTED_EDGE('',*,*,#2368,.F.);
#2368 = EDGE_CURVE('',#2273,#2359,#2369,.T.);
#2369 = LINE('',#2370,#2371);
#2370 = CARTESIAN_POINT('',(1.2,-0.8,4.E-02));
#2371 = VECTOR('',#2372,1.);
#2372 = DIRECTION('',(1.,0.,0.));
#2373 = ORIENTED_EDGE('',*,*,#2272,.T.);
#2374 = ORIENTED_EDGE('',*,*,#2375,.T.);
#2375 = EDGE_CURVE('',#2275,#2361,#2376,.T.);
#2376 = LINE('',#2377,#2378);
#2377 = CARTESIAN_POINT('',(1.2,-0.8,1.56));
#2378 = VECTOR('',#2379,1.);
#2379 = DIRECTION('',(1.,0.,0.));
#2380 = PLANE('',#2381);
#2381 = AXIS2_PLACEMENT_3D('',#2382,#2383,#2384);
#2382 = CARTESIAN_POINT('',(1.2,-0.8,0.));
#2383 = DIRECTION('',(0.,1.,0.));
#2384 = DIRECTION('',(0.,-0.,1.));
#2385 = ADVANCED_FACE('',(#2386),#2405,.T.);
#2386 = FACE_BOUND('',#2387,.T.);
#2387 = EDGE_LOOP('',(#2388,#2389,#2397,#2404));
#2388 = ORIENTED_EDGE('',*,*,#2282,.T.);
#2389 = ORIENTED_EDGE('',*,*,#2390,.T.);
#2390 = EDGE_CURVE('',#2283,#2391,#2393,.T.);
#2391 = VERTEX_POINT('',#2392);
#2392 = CARTESIAN_POINT('',(1.6,-0.76,0.));
#2393 = LINE('',#2394,#2395);
#2394 = CARTESIAN_POINT('',(1.2,-0.76,0.));
#2395 = VECTOR('',#2396,1.);
#2396 = DIRECTION('',(1.,0.,0.));
#2397 = ORIENTED_EDGE('',*,*,#2398,.F.);
#2398 = EDGE_CURVE('',#2359,#2391,#2399,.T.);
#2399 = CIRCLE('',#2400,4.E-02);
#2400 = AXIS2_PLACEMENT_3D('',#2401,#2402,#2403);
#2401 = CARTESIAN_POINT('',(1.6,-0.76,4.E-02));
#2402 = DIRECTION('',(1.,0.,-0.));
#2403 = DIRECTION('',(0.,0.,1.));
#2404 = ORIENTED_EDGE('',*,*,#2368,.F.);
#2405 = CYLINDRICAL_SURFACE('',#2406,4.E-02);
#2406 = AXIS2_PLACEMENT_3D('',#2407,#2408,#2409);
#2407 = CARTESIAN_POINT('',(1.2,-0.76,4.E-02));
#2408 = DIRECTION('',(1.,0.,0.));
#2409 = DIRECTION('',(0.,-1.,0.));
#2410 = ADVANCED_FACE('',(#2411),#2430,.T.);
#2411 = FACE_BOUND('',#2412,.T.);
#2412 = EDGE_LOOP('',(#2413,#2414,#2423,#2429));
#2413 = ORIENTED_EDGE('',*,*,#2375,.T.);
#2414 = ORIENTED_EDGE('',*,*,#2415,.T.);
#2415 = EDGE_CURVE('',#2361,#2416,#2418,.T.);
#2416 = VERTEX_POINT('',#2417);
#2417 = CARTESIAN_POINT('',(1.6,-0.76,1.6));
#2418 = CIRCLE('',#2419,4.E-02);
#2419 = AXIS2_PLACEMENT_3D('',#2420,#2421,#2422);
#2420 = CARTESIAN_POINT('',(1.6,-0.76,1.56));
#2421 = DIRECTION('',(-1.,0.,0.));
#2422 = DIRECTION('',(0.,0.,1.));
#2423 = ORIENTED_EDGE('',*,*,#2424,.F.);
#2424 = EDGE_CURVE('',#2326,#2416,#2425,.T.);
#2425 = LINE('',#2426,#2427);
#2426 = CARTESIAN_POINT('',(1.2,-0.76,1.6));
#2427 = VECTOR('',#2428,1.);
#2428 = DIRECTION('',(1.,0.,0.));
#2429 = ORIENTED_EDGE('',*,*,#2333,.F.);
#2430 = CYLINDRICAL_SURFACE('',#2431,4.E-02);
#2431 = AXIS2_PLACEMENT_3D('',#2432,#2433,#2434);
#2432 = CARTESIAN_POINT('',(1.2,-0.76,1.56));
#2433 = DIRECTION('',(1.,0.,0.));
#2434 = DIRECTION('',(0.,-1.,0.));
#2435 = ADVANCED_FACE('',(#2436),#2454,.F.);
#2436 = FACE_BOUND('',#2437,.F.);
#2437 = EDGE_LOOP('',(#2438,#2439,#2440,#2448));
#2438 = ORIENTED_EDGE('',*,*,#2291,.F.);
#2439 = ORIENTED_EDGE('',*,*,#2390,.T.);
#2440 = ORIENTED_EDGE('',*,*,#2441,.T.);
#2441 = EDGE_CURVE('',#2391,#2442,#2444,.T.);
#2442 = VERTEX_POINT('',#2443);
#2443 = CARTESIAN_POINT('',(1.6,0.76,0.));
#2444 = LINE('',#2445,#2446);
#2445 = CARTESIAN_POINT('',(1.6,-0.8,0.));
#2446 = VECTOR('',#2447,1.);
#2447 = DIRECTION('',(0.,1.,0.));
#2448 = ORIENTED_EDGE('',*,*,#2449,.F.);
#2449 = EDGE_CURVE('',#2292,#2442,#2450,.T.);
#2450 = LINE('',#2451,#2452);
#2451 = CARTESIAN_POINT('',(1.2,0.76,0.));
#2452 = VECTOR('',#2453,1.);
#2453 = DIRECTION('',(1.,0.,0.));
#2454 = PLANE('',#2455);
#2455 = AXIS2_PLACEMENT_3D('',#2456,#2457,#2458);
#2456 = CARTESIAN_POINT('',(1.2,-0.8,0.));
#2457 = DIRECTION('',(0.,0.,1.));
#2458 = DIRECTION('',(1.,0.,-0.));
#2459 = ADVANCED_FACE('',(#2460),#2478,.T.);
#2460 = FACE_BOUND('',#2461,.T.);
#2461 = EDGE_LOOP('',(#2462,#2463,#2464,#2472));
#2462 = ORIENTED_EDGE('',*,*,#2325,.F.);
#2463 = ORIENTED_EDGE('',*,*,#2424,.T.);
#2464 = ORIENTED_EDGE('',*,*,#2465,.T.);
#2465 = EDGE_CURVE('',#2416,#2466,#2468,.T.);
#2466 = VERTEX_POINT('',#2467);
#2467 = CARTESIAN_POINT('',(1.6,0.76,1.6));
#2468 = LINE('',#2469,#2470);
#2469 = CARTESIAN_POINT('',(1.6,-0.8,1.6));
#2470 = VECTOR('',#2471,1.);
#2471 = DIRECTION('',(0.,1.,0.));
#2472 = ORIENTED_EDGE('',*,*,#2473,.F.);
#2473 = EDGE_CURVE('',#2317,#2466,#2474,.T.);
#2474 = LINE('',#2475,#2476);
#2475 = CARTESIAN_POINT('',(1.2,0.76,1.6));
#2476 = VECTOR('',#2477,1.);
#2477 = DIRECTION('',(1.,0.,0.));
#2478 = PLANE('',#2479);
#2479 = AXIS2_PLACEMENT_3D('',#2480,#2481,#2482);
#2480 = CARTESIAN_POINT('',(1.2,-0.8,1.6));
#2481 = DIRECTION('',(0.,0.,1.));
#2482 = DIRECTION('',(1.,0.,-0.));
#2483 = ADVANCED_FACE('',(#2484),#2503,.T.);
#2484 = FACE_BOUND('',#2485,.T.);
#2485 = EDGE_LOOP('',(#2486,#2494,#2501,#2502));
#2486 = ORIENTED_EDGE('',*,*,#2487,.T.);
#2487 = EDGE_CURVE('',#2300,#2488,#2490,.T.);
#2488 = VERTEX_POINT('',#2489);
#2489 = CARTESIAN_POINT('',(1.6,0.8,4.E-02));
#2490 = LINE('',#2491,#2492);
#2491 = CARTESIAN_POINT('',(1.2,0.8,4.E-02));
#2492 = VECTOR('',#2493,1.);
#2493 = DIRECTION('',(1.,0.,0.));
#2494 = ORIENTED_EDGE('',*,*,#2495,.T.);
#2495 = EDGE_CURVE('',#2488,#2442,#2496,.T.);
#2496 = CIRCLE('',#2497,4.E-02);
#2497 = AXIS2_PLACEMENT_3D('',#2498,#2499,#2500);
#2498 = CARTESIAN_POINT('',(1.6,0.76,4.E-02));
#2499 = DIRECTION('',(-1.,0.,0.));
#2500 = DIRECTION('',(0.,0.,1.));
#2501 = ORIENTED_EDGE('',*,*,#2449,.F.);
#2502 = ORIENTED_EDGE('',*,*,#2299,.F.);
#2503 = CYLINDRICAL_SURFACE('',#2504,4.E-02);
#2504 = AXIS2_PLACEMENT_3D('',#2505,#2506,#2507);
#2505 = CARTESIAN_POINT('',(1.2,0.76,4.E-02));
#2506 = DIRECTION('',(1.,0.,0.));
#2507 = DIRECTION('',(-0.,1.,0.));
#2508 = ADVANCED_FACE('',(#2509),#2528,.T.);
#2509 = FACE_BOUND('',#2510,.T.);
#2510 = EDGE_LOOP('',(#2511,#2512,#2513,#2522));
#2511 = ORIENTED_EDGE('',*,*,#2316,.T.);
#2512 = ORIENTED_EDGE('',*,*,#2473,.T.);
#2513 = ORIENTED_EDGE('',*,*,#2514,.F.);
#2514 = EDGE_CURVE('',#2515,#2466,#2517,.T.);
#2515 = VERTEX_POINT('',#2516);
#2516 = CARTESIAN_POINT('',(1.6,0.8,1.56));
#2517 = CIRCLE('',#2518,4.E-02);
#2518 = AXIS2_PLACEMENT_3D('',#2519,#2520,#2521);
#2519 = CARTESIAN_POINT('',(1.6,0.76,1.56));
#2520 = DIRECTION('',(1.,0.,-0.));
#2521 = DIRECTION('',(0.,0.,1.));
#2522 = ORIENTED_EDGE('',*,*,#2523,.F.);
#2523 = EDGE_CURVE('',#2309,#2515,#2524,.T.);
#2524 = LINE('',#2525,#2526);
#2525 = CARTESIAN_POINT('',(1.2,0.8,1.56));
#2526 = VECTOR('',#2527,1.);
#2527 = DIRECTION('',(1.,0.,0.));
#2528 = CYLINDRICAL_SURFACE('',#2529,4.E-02);
#2529 = AXIS2_PLACEMENT_3D('',#2530,#2531,#2532);
#2530 = CARTESIAN_POINT('',(1.2,0.76,1.56));
#2531 = DIRECTION('',(1.,0.,0.));
#2532 = DIRECTION('',(-0.,1.,0.));
#2533 = ADVANCED_FACE('',(#2534),#2545,.T.);
#2534 = FACE_BOUND('',#2535,.T.);
#2535 = EDGE_LOOP('',(#2536,#2542,#2543,#2544));
#2536 = ORIENTED_EDGE('',*,*,#2537,.F.);
#2537 = EDGE_CURVE('',#2488,#2515,#2538,.T.);
#2538 = LINE('',#2539,#2540);
#2539 = CARTESIAN_POINT('',(1.6,0.8,0.));
#2540 = VECTOR('',#2541,1.);
#2541 = DIRECTION('',(0.,0.,1.));
#2542 = ORIENTED_EDGE('',*,*,#2487,.F.);
#2543 = ORIENTED_EDGE('',*,*,#2308,.T.);
#2544 = ORIENTED_EDGE('',*,*,#2523,.T.);
#2545 = PLANE('',#2546);
#2546 = AXIS2_PLACEMENT_3D('',#2547,#2548,#2549);
#2547 = CARTESIAN_POINT('',(1.2,0.8,0.));
#2548 = DIRECTION('',(0.,1.,0.));
#2549 = DIRECTION('',(0.,-0.,1.));
#2550 = ADVANCED_FACE('',(#2551),#2561,.T.);
#2551 = FACE_BOUND('',#2552,.T.);
#2552 = EDGE_LOOP('',(#2553,#2554,#2555,#2556,#2557,#2558,#2559,#2560));
#2553 = ORIENTED_EDGE('',*,*,#2358,.F.);
#2554 = ORIENTED_EDGE('',*,*,#2398,.T.);
#2555 = ORIENTED_EDGE('',*,*,#2441,.T.);
#2556 = ORIENTED_EDGE('',*,*,#2495,.F.);
#2557 = ORIENTED_EDGE('',*,*,#2537,.T.);
#2558 = ORIENTED_EDGE('',*,*,#2514,.T.);
#2559 = ORIENTED_EDGE('',*,*,#2465,.F.);
#2560 = ORIENTED_EDGE('',*,*,#2415,.F.);
#2561 = PLANE('',#2562);
#2562 = AXIS2_PLACEMENT_3D('',#2563,#2564,#2565);
#2563 = CARTESIAN_POINT('',(1.6,-0.8,0.));
#2564 = DIRECTION('',(1.,0.,0.));
#2565 = DIRECTION('',(0.,0.,1.));
#2566 = ( GEOMETRIC_REPRESENTATION_CONTEXT(3) 
GLOBAL_UNCERTAINTY_ASSIGNED_CONTEXT((#2570)) 
GLOBAL_UNIT_ASSIGNED_CONTEXT((#2567,#2568,#2569)) REPRESENTATION_CONTEXT
('Context #1','3D Context with UNIT and UNCERTAINTY') );
#2567 = ( LENGTH_UNIT() NAMED_UNIT(*) SI_UNIT(.MILLI.,.METRE.) );
#2568 = ( NAMED_UNIT(*) PLANE_ANGLE_UNIT() SI_UNIT($,.RADIAN.) );
#2569 = ( NAMED_UNIT(*) SI_UNIT($,.STERADIAN.) SOLID_ANGLE_UNIT() );
#2570 = UNCERTAINTY_MEASURE_WITH_UNIT(LENGTH_MEASURE(1.E-07),#2567,
  'distance_accuracy_value','confusion accuracy');
#2571 = CONTEXT_DEPENDENT_SHAPE_REPRESENTATION(#2572,#2574);
#2572 = ( REPRESENTATION_RELATIONSHIP('','',#1711,#1688) 
REPRESENTATION_RELATIONSHIP_WITH_TRANSFORMATION(#2573) 
SHAPE_REPRESENTATION_RELATIONSHIP() );
#2573 = ITEM_DEFINED_TRANSFORMATION('','',#11,#1689);
#2574 = PRODUCT_DEFINITION_SHAPE('Placement','Placement of an item',
  #2575);
#2575 = NEXT_ASSEMBLY_USAGE_OCCURRENCE('7','=>[0:1:1:9]','',#1683,#1706,
  $);
#2576 = PRODUCT_RELATED_PRODUCT_CATEGORY('part',$,(#1708));
#2577 = SHAPE_DEFINITION_REPRESENTATION(#2578,#2584);
#2578 = PRODUCT_DEFINITION_SHAPE('','',#2579);
#2579 = PRODUCT_DEFINITION('design','',#2580,#2583);
#2580 = PRODUCT_DEFINITION_FORMATION('','',#2581);
#2581 = PRODUCT('TPP60308-ES1R-S','TPP60308-ES1R-S','',(#2582));
#2582 = PRODUCT_CONTEXT('',#2,'mechanical');
#2583 = PRODUCT_DEFINITION_CONTEXT('part definition',#2,'design');
#2584 = SHAPE_REPRESENTATION('',(#11,#2585),#2589);
#2585 = AXIS2_PLACEMENT_3D('',#2586,#2587,#2588);
#2586 = CARTESIAN_POINT('',(0.,0.,0.));
#2587 = DIRECTION('',(0.,0.,1.));
#2588 = DIRECTION('',(1.,0.,-0.));
#2589 = ( GEOMETRIC_REPRESENTATION_CONTEXT(3) 
GLOBAL_UNCERTAINTY_ASSIGNED_CONTEXT((#2593)) 
GLOBAL_UNIT_ASSIGNED_CONTEXT((#2590,#2591,#2592)) REPRESENTATION_CONTEXT
('Context #1','3D Context with UNIT and UNCERTAINTY') );
#2590 = ( LENGTH_UNIT() NAMED_UNIT(*) SI_UNIT(.MILLI.,.METRE.) );
#2591 = ( NAMED_UNIT(*) PLANE_ANGLE_UNIT() SI_UNIT($,.RADIAN.) );
#2592 = ( NAMED_UNIT(*) SI_UNIT($,.STERADIAN.) SOLID_ANGLE_UNIT() );
#2593 = UNCERTAINTY_MEASURE_WITH_UNIT(LENGTH_MEASURE(1.E-07),#2590,
  'distance_accuracy_value','confusion accuracy');
#2594 = CONTEXT_DEPENDENT_SHAPE_REPRESENTATION(#2595,#2597);
#2595 = ( REPRESENTATION_RELATIONSHIP('','',#2584,#10) 
REPRESENTATION_RELATIONSHIP_WITH_TRANSFORMATION(#2596) 
SHAPE_REPRESENTATION_RELATIONSHIP() );
#2596 = ITEM_DEFINED_TRANSFORMATION('','',#11,#27);
#2597 = PRODUCT_DEFINITION_SHAPE('Placement','Placement of an item',
  #2598);
#2598 = NEXT_ASSEMBLY_USAGE_OCCURRENCE('13','U1','',#5,#2579,$);
#2599 = PRODUCT_RELATED_PRODUCT_CATEGORY('part',$,(#2581));
#2600 = SHAPE_DEFINITION_REPRESENTATION(#2601,#2607);
#2601 = PRODUCT_DEFINITION_SHAPE('','',#2602);
#2602 = PRODUCT_DEFINITION('design','',#2603,#2606);
#2603 = PRODUCT_DEFINITION_FORMATION('','',#2604);
#2604 = PRODUCT('ASSEMBLY','ASSEMBLY','',(#2605));
#2605 = PRODUCT_CONTEXT('',#2,'mechanical');
#2606 = PRODUCT_DEFINITION_CONTEXT('part definition',#2,'design');
#2607 = SHAPE_REPRESENTATION('',(#11,#2608,#2612,#2616),#2620);
#2608 = AXIS2_PLACEMENT_3D('',#2609,#2610,#2611);
#2609 = CARTESIAN_POINT('',(0.,0.,0.));
#2610 = DIRECTION('',(0.,0.,1.));
#2611 = DIRECTION('',(1.,0.,0.));
#2612 = AXIS2_PLACEMENT_3D('',#2613,#2614,#2615);
#2613 = CARTESIAN_POINT('',(0.,0.,0.));
#2614 = DIRECTION('',(0.,0.,1.));
#2615 = DIRECTION('',(1.,0.,0.));
#2616 = AXIS2_PLACEMENT_3D('',#2617,#2618,#2619);
#2617 = CARTESIAN_POINT('',(-1.13,-1.575,0.));
#2618 = DIRECTION('',(0.,0.,1.));
#2619 = DIRECTION('',(1.,0.,0.));
#2620 = ( GEOMETRIC_REPRESENTATION_CONTEXT(3) 
GLOBAL_UNCERTAINTY_ASSIGNED_CONTEXT((#2624)) 
GLOBAL_UNIT_ASSIGNED_CONTEXT((#2621,#2622,#2623)) REPRESENTATION_CONTEXT
('Context #1','3D Context with UNIT and UNCERTAINTY') );
#2621 = ( LENGTH_UNIT() NAMED_UNIT(*) SI_UNIT(.MILLI.,.METRE.) );
#2622 = ( NAMED_UNIT(*) PLANE_ANGLE_UNIT() SI_UNIT($,.RADIAN.) );
#2623 = ( NAMED_UNIT(*) SI_UNIT($,.STERADIAN.) SOLID_ANGLE_UNIT() );
#2624 = UNCERTAINTY_MEASURE_WITH_UNIT(LENGTH_MEASURE(1.E-07),#2621,
  'distance_accuracy_value','confusion accuracy');
#2625 = CONTEXT_DEPENDENT_SHAPE_REPRESENTATION(#2626,#2628);
#2626 = ( REPRESENTATION_RELATIONSHIP('','',#2607,#2584) 
REPRESENTATION_RELATIONSHIP_WITH_TRANSFORMATION(#2627) 
SHAPE_REPRESENTATION_RELATIONSHIP() );
#2627 = ITEM_DEFINED_TRANSFORMATION('','',#11,#2585);
#2628 = PRODUCT_DEFINITION_SHAPE('Placement','Placement of an item',
  #2629);
#2629 = NEXT_ASSEMBLY_USAGE_OCCURRENCE('12','=>[0:1:1:11]','',#2579,
  #2602,$);
#2630 = PRODUCT_RELATED_PRODUCT_CATEGORY('part',$,(#2604));
#2631 = SHAPE_DEFINITION_REPRESENTATION(#2632,#2638);
#2632 = PRODUCT_DEFINITION_SHAPE('','',#2633);
#2633 = PRODUCT_DEFINITION('design','',#2634,#2637);
#2634 = PRODUCT_DEFINITION_FORMATION('','',#2635);
#2635 = PRODUCT('Body','Body','',(#2636));
#2636 = PRODUCT_CONTEXT('',#2,'mechanical');
#2637 = PRODUCT_DEFINITION_CONTEXT('part definition',#2,'design');
#2638 = ADVANCED_BREP_SHAPE_REPRESENTATION('',(#11,#2639),#3226);
#2639 = MANIFOLD_SOLID_BREP('',#2640);
#2640 = CLOSED_SHELL('',(#2641,#2681,#2712,#2745,#2776,#2807,#2832,#2856
    ,#2878,#2902,#2920,#2951,#2975,#2987,#3004,#3028,#3061,#3085,#3102,
    #3127,#3162,#3180,#3192,#3217));
#2641 = ADVANCED_FACE('',(#2642),#2676,.T.);
#2642 = FACE_BOUND('',#2643,.T.);
#2643 = EDGE_LOOP('',(#2644,#2654,#2662,#2670));
#2644 = ORIENTED_EDGE('',*,*,#2645,.F.);
#2645 = EDGE_CURVE('',#2646,#2648,#2650,.T.);
#2646 = VERTEX_POINT('',#2647);
#2647 = CARTESIAN_POINT('',(-1.95,-2.45,0.76756452259));
#2648 = VERTEX_POINT('',#2649);
#2649 = CARTESIAN_POINT('',(-1.858379101193,-2.358379101193,
    9.326804554428E-02));
#2650 = LINE('',#2651,#2652);
#2651 = CARTESIAN_POINT('',(-1.902117989962,-2.402117989962,
    0.415170351582));
#2652 = VECTOR('',#2653,1.);
#2653 = DIRECTION('',(0.13343508649,0.13343508649,-0.982033683428));
#2654 = ORIENTED_EDGE('',*,*,#2655,.T.);
#2655 = EDGE_CURVE('',#2646,#2656,#2658,.T.);
#2656 = VERTEX_POINT('',#2657);
#2657 = CARTESIAN_POINT('',(-1.95,2.45,0.76756452259));
#2658 = LINE('',#2659,#2660);
#2659 = CARTESIAN_POINT('',(-1.95,-2.45,0.76756452259));
#2660 = VECTOR('',#2661,1.);
#2661 = DIRECTION('',(0.,1.,0.));
#2662 = ORIENTED_EDGE('',*,*,#2663,.T.);
#2663 = EDGE_CURVE('',#2656,#2664,#2666,.T.);
#2664 = VERTEX_POINT('',#2665);
#2665 = CARTESIAN_POINT('',(-1.858379101193,2.358379101193,
    9.326804554428E-02));
#2666 = LINE('',#2667,#2668);
#2667 = CARTESIAN_POINT('',(-1.858495930311,2.358495930311,
    9.412786534495E-02));
#2668 = VECTOR('',#2669,1.);
#2669 = DIRECTION('',(0.13343508649,-0.13343508649,-0.982033683428));
#2670 = ORIENTED_EDGE('',*,*,#2671,.F.);
#2671 = EDGE_CURVE('',#2648,#2664,#2672,.T.);
#2672 = LINE('',#2673,#2674);
#2673 = CARTESIAN_POINT('',(-1.858379101193,-2.3525,9.326804554428E-02)
  );
#2674 = VECTOR('',#2675,1.);
#2675 = DIRECTION('',(0.,1.,0.));
#2676 = PLANE('',#2677);
#2677 = AXIS2_PLACEMENT_3D('',#2678,#2679,#2680);
#2678 = CARTESIAN_POINT('',(-1.90125,-2.45,0.408782261295));
#2679 = DIRECTION('',(-0.990894704639,-1.739266017573E-18,
    -0.134639089114));
#2680 = DIRECTION('',(-1.723429486772E-18,1.,-2.341731923336E-19));
#2681 = ADVANCED_FACE('',(#2682),#2707,.T.);
#2682 = FACE_BOUND('',#2683,.F.);
#2683 = EDGE_LOOP('',(#2684,#2685,#2693,#2701));
#2684 = ORIENTED_EDGE('',*,*,#2645,.F.);
#2685 = ORIENTED_EDGE('',*,*,#2686,.T.);
#2686 = EDGE_CURVE('',#2646,#2687,#2689,.T.);
#2687 = VERTEX_POINT('',#2688);
#2688 = CARTESIAN_POINT('',(1.95,-2.45,0.76756452259));
#2689 = LINE('',#2690,#2691);
#2690 = CARTESIAN_POINT('',(-1.95,-2.45,0.76756452259));
#2691 = VECTOR('',#2692,1.);
#2692 = DIRECTION('',(1.,0.,0.));
#2693 = ORIENTED_EDGE('',*,*,#2694,.T.);
#2694 = EDGE_CURVE('',#2687,#2695,#2697,.T.);
#2695 = VERTEX_POINT('',#2696);
#2696 = CARTESIAN_POINT('',(1.858379101193,-2.358379101193,
    9.326804554428E-02));
#2697 = LINE('',#2698,#2699);
#2698 = CARTESIAN_POINT('',(1.867398391464,-2.367398391464,
    0.159646740087));
#2699 = VECTOR('',#2700,1.);
#2700 = DIRECTION('',(-0.13343508649,0.13343508649,-0.982033683428));
#2701 = ORIENTED_EDGE('',*,*,#2702,.F.);
#2702 = EDGE_CURVE('',#2648,#2695,#2703,.T.);
#2703 = LINE('',#2704,#2705);
#2704 = CARTESIAN_POINT('',(-1.8525,-2.358379101193,9.326804554428E-02)
  );
#2705 = VECTOR('',#2706,1.);
#2706 = DIRECTION('',(1.,0.,0.));
#2707 = PLANE('',#2708);
#2708 = AXIS2_PLACEMENT_3D('',#2709,#2710,#2711);
#2709 = CARTESIAN_POINT('',(-1.95,-2.40125,0.408782261295));
#2710 = DIRECTION('',(-1.739266017573E-18,-0.990894704639,
    -0.134639089114));
#2711 = DIRECTION('',(-1.,1.723429486772E-18,2.341731923336E-19));
#2712 = ADVANCED_FACE('',(#2713),#2740,.T.);
#2713 = FACE_BOUND('',#2714,.T.);
#2714 = EDGE_LOOP('',(#2715,#2716,#2725,#2733));
#2715 = ORIENTED_EDGE('',*,*,#2671,.T.);
#2716 = ORIENTED_EDGE('',*,*,#2717,.T.);
#2717 = EDGE_CURVE('',#2664,#2718,#2720,.T.);
#2718 = VERTEX_POINT('',#2719);
#2719 = CARTESIAN_POINT('',(-1.808834365961,2.308834365961,5.E-02));
#2720 = ELLIPSE('',#2721,7.071067811865E-02,5.E-02);
#2721 = AXIS2_PLACEMENT_3D('',#2722,#2723,#2724);
#2722 = CARTESIAN_POINT('',(-1.808834365961,2.308834365961,0.1));
#2723 = DIRECTION('',(-0.707106781187,-0.707106781187,-0.));
#2724 = DIRECTION('',(-0.707106781187,0.707106781187,0.));
#2725 = ORIENTED_EDGE('',*,*,#2726,.F.);
#2726 = EDGE_CURVE('',#2727,#2718,#2729,.T.);
#2727 = VERTEX_POINT('',#2728);
#2728 = CARTESIAN_POINT('',(-1.808834365961,-2.308834365961,5.E-02));
#2729 = LINE('',#2730,#2731);
#2730 = CARTESIAN_POINT('',(-1.808834365961,-2.3525,5.E-02));
#2731 = VECTOR('',#2732,1.);
#2732 = DIRECTION('',(0.,1.,0.));
#2733 = ORIENTED_EDGE('',*,*,#2734,.F.);
#2734 = EDGE_CURVE('',#2648,#2727,#2735,.T.);
#2735 = ELLIPSE('',#2736,7.071067811865E-02,5.E-02);
#2736 = AXIS2_PLACEMENT_3D('',#2737,#2738,#2739);
#2737 = CARTESIAN_POINT('',(-1.808834365961,-2.308834365961,0.1));
#2738 = DIRECTION('',(0.707106781187,-0.707106781187,0.));
#2739 = DIRECTION('',(0.707106781187,0.707106781187,0.));
#2740 = CYLINDRICAL_SURFACE('',#2741,5.E-02);
#2741 = AXIS2_PLACEMENT_3D('',#2742,#2743,#2744);
#2742 = CARTESIAN_POINT('',(-1.808834365961,-2.3525,0.1));
#2743 = DIRECTION('',(0.,1.,0.));
#2744 = DIRECTION('',(-0.990894704639,0.,-0.134639089114));
#2745 = ADVANCED_FACE('',(#2746),#2771,.F.);
#2746 = FACE_BOUND('',#2747,.F.);
#2747 = EDGE_LOOP('',(#2748,#2756,#2757,#2765));
#2748 = ORIENTED_EDGE('',*,*,#2749,.F.);
#2749 = EDGE_CURVE('',#2646,#2750,#2752,.T.);
#2750 = VERTEX_POINT('',#2751);
#2751 = CARTESIAN_POINT('',(-1.95,-2.45,0.97756452259));
#2752 = LINE('',#2753,#2754);
#2753 = CARTESIAN_POINT('',(-1.95,-2.45,5.E-02));
#2754 = VECTOR('',#2755,1.);
#2755 = DIRECTION('',(0.,0.,1.));
#2756 = ORIENTED_EDGE('',*,*,#2655,.T.);
#2757 = ORIENTED_EDGE('',*,*,#2758,.T.);
#2758 = EDGE_CURVE('',#2656,#2759,#2761,.T.);
#2759 = VERTEX_POINT('',#2760);
#2760 = CARTESIAN_POINT('',(-1.95,2.45,0.97756452259));
#2761 = LINE('',#2762,#2763);
#2762 = CARTESIAN_POINT('',(-1.95,2.45,5.E-02));
#2763 = VECTOR('',#2764,1.);
#2764 = DIRECTION('',(0.,0.,1.));
#2765 = ORIENTED_EDGE('',*,*,#2766,.F.);
#2766 = EDGE_CURVE('',#2750,#2759,#2767,.T.);
#2767 = LINE('',#2768,#2769);
#2768 = CARTESIAN_POINT('',(-1.95,-2.45,0.97756452259));
#2769 = VECTOR('',#2770,1.);
#2770 = DIRECTION('',(0.,1.,0.));
#2771 = PLANE('',#2772);
#2772 = AXIS2_PLACEMENT_3D('',#2773,#2774,#2775);
#2773 = CARTESIAN_POINT('',(-1.95,-2.45,5.E-02));
#2774 = DIRECTION('',(1.,0.,0.));
#2775 = DIRECTION('',(0.,0.,1.));
#2776 = ADVANCED_FACE('',(#2777),#2802,.F.);
#2777 = FACE_BOUND('',#2778,.T.);
#2778 = EDGE_LOOP('',(#2779,#2780,#2788,#2796));
#2779 = ORIENTED_EDGE('',*,*,#2663,.F.);
#2780 = ORIENTED_EDGE('',*,*,#2781,.T.);
#2781 = EDGE_CURVE('',#2656,#2782,#2784,.T.);
#2782 = VERTEX_POINT('',#2783);
#2783 = CARTESIAN_POINT('',(1.95,2.45,0.76756452259));
#2784 = LINE('',#2785,#2786);
#2785 = CARTESIAN_POINT('',(-1.95,2.45,0.76756452259));
#2786 = VECTOR('',#2787,1.);
#2787 = DIRECTION('',(1.,0.,0.));
#2788 = ORIENTED_EDGE('',*,*,#2789,.T.);
#2789 = EDGE_CURVE('',#2782,#2790,#2792,.T.);
#2790 = VERTEX_POINT('',#2791);
#2791 = CARTESIAN_POINT('',(1.858379101193,2.358379101193,
    9.326804554428E-02));
#2792 = LINE('',#2793,#2794);
#2793 = CARTESIAN_POINT('',(1.823776331813,2.323776331813,-0.16139574615
    ));
#2794 = VECTOR('',#2795,1.);
#2795 = DIRECTION('',(-0.13343508649,-0.13343508649,-0.982033683428));
#2796 = ORIENTED_EDGE('',*,*,#2797,.F.);
#2797 = EDGE_CURVE('',#2664,#2790,#2798,.T.);
#2798 = LINE('',#2799,#2800);
#2799 = CARTESIAN_POINT('',(-1.8525,2.358379101193,9.326804554428E-02));
#2800 = VECTOR('',#2801,1.);
#2801 = DIRECTION('',(1.,0.,0.));
#2802 = PLANE('',#2803);
#2803 = AXIS2_PLACEMENT_3D('',#2804,#2805,#2806);
#2804 = CARTESIAN_POINT('',(-1.95,2.40125,0.408782261295));
#2805 = DIRECTION('',(1.739266017573E-18,-0.990894704639,0.134639089114)
  );
#2806 = DIRECTION('',(-1.,-1.723429486772E-18,2.341731923336E-19));
#2807 = ADVANCED_FACE('',(#2808),#2827,.T.);
#2808 = FACE_BOUND('',#2809,.T.);
#2809 = EDGE_LOOP('',(#2810,#2811,#2819,#2826));
#2810 = ORIENTED_EDGE('',*,*,#2734,.T.);
#2811 = ORIENTED_EDGE('',*,*,#2812,.T.);
#2812 = EDGE_CURVE('',#2727,#2813,#2815,.T.);
#2813 = VERTEX_POINT('',#2814);
#2814 = CARTESIAN_POINT('',(1.808834365961,-2.308834365961,5.E-02));
#2815 = LINE('',#2816,#2817);
#2816 = CARTESIAN_POINT('',(-1.8525,-2.308834365961,5.E-02));
#2817 = VECTOR('',#2818,1.);
#2818 = DIRECTION('',(1.,0.,0.));
#2819 = ORIENTED_EDGE('',*,*,#2820,.F.);
#2820 = EDGE_CURVE('',#2695,#2813,#2821,.T.);
#2821 = ELLIPSE('',#2822,7.071067811865E-02,5.E-02);
#2822 = AXIS2_PLACEMENT_3D('',#2823,#2824,#2825);
#2823 = CARTESIAN_POINT('',(1.808834365961,-2.308834365961,0.1));
#2824 = DIRECTION('',(0.707106781187,0.707106781187,0.));
#2825 = DIRECTION('',(0.707106781187,-0.707106781187,0.));
#2826 = ORIENTED_EDGE('',*,*,#2702,.F.);
#2827 = CYLINDRICAL_SURFACE('',#2828,5.E-02);
#2828 = AXIS2_PLACEMENT_3D('',#2829,#2830,#2831);
#2829 = CARTESIAN_POINT('',(-1.8525,-2.308834365961,0.1));
#2830 = DIRECTION('',(1.,0.,0.));
#2831 = DIRECTION('',(0.,-0.990894704639,-0.134639089114));
#2832 = ADVANCED_FACE('',(#2833),#2851,.F.);
#2833 = FACE_BOUND('',#2834,.F.);
#2834 = EDGE_LOOP('',(#2835,#2843,#2844,#2845));
#2835 = ORIENTED_EDGE('',*,*,#2836,.F.);
#2836 = EDGE_CURVE('',#2687,#2837,#2839,.T.);
#2837 = VERTEX_POINT('',#2838);
#2838 = CARTESIAN_POINT('',(1.95,-2.45,0.97756452259));
#2839 = LINE('',#2840,#2841);
#2840 = CARTESIAN_POINT('',(1.95,-2.45,5.E-02));
#2841 = VECTOR('',#2842,1.);
#2842 = DIRECTION('',(0.,0.,1.));
#2843 = ORIENTED_EDGE('',*,*,#2686,.F.);
#2844 = ORIENTED_EDGE('',*,*,#2749,.T.);
#2845 = ORIENTED_EDGE('',*,*,#2846,.T.);
#2846 = EDGE_CURVE('',#2750,#2837,#2847,.T.);
#2847 = LINE('',#2848,#2849);
#2848 = CARTESIAN_POINT('',(-1.95,-2.45,0.97756452259));
#2849 = VECTOR('',#2850,1.);
#2850 = DIRECTION('',(1.,0.,0.));
#2851 = PLANE('',#2852);
#2852 = AXIS2_PLACEMENT_3D('',#2853,#2854,#2855);
#2853 = CARTESIAN_POINT('',(-1.95,-2.45,5.E-02));
#2854 = DIRECTION('',(0.,1.,0.));
#2855 = DIRECTION('',(0.,-0.,1.));
#2856 = ADVANCED_FACE('',(#2857),#2873,.F.);
#2857 = FACE_BOUND('',#2858,.F.);
#2858 = EDGE_LOOP('',(#2859,#2860,#2866,#2867));
#2859 = ORIENTED_EDGE('',*,*,#2694,.F.);
#2860 = ORIENTED_EDGE('',*,*,#2861,.T.);
#2861 = EDGE_CURVE('',#2687,#2782,#2862,.T.);
#2862 = LINE('',#2863,#2864);
#2863 = CARTESIAN_POINT('',(1.95,-2.45,0.76756452259));
#2864 = VECTOR('',#2865,1.);
#2865 = DIRECTION('',(0.,1.,0.));
#2866 = ORIENTED_EDGE('',*,*,#2789,.T.);
#2867 = ORIENTED_EDGE('',*,*,#2868,.F.);
#2868 = EDGE_CURVE('',#2695,#2790,#2869,.T.);
#2869 = LINE('',#2870,#2871);
#2870 = CARTESIAN_POINT('',(1.858379101193,-2.3525,9.326804554428E-02));
#2871 = VECTOR('',#2872,1.);
#2872 = DIRECTION('',(0.,1.,0.));
#2873 = PLANE('',#2874);
#2874 = AXIS2_PLACEMENT_3D('',#2875,#2876,#2877);
#2875 = CARTESIAN_POINT('',(1.90125,-2.45,0.408782261295));
#2876 = DIRECTION('',(-0.990894704639,1.739266017573E-18,0.134639089114)
  );
#2877 = DIRECTION('',(1.723429486772E-18,1.,-2.341731923336E-19));
#2878 = ADVANCED_FACE('',(#2879),#2897,.F.);
#2879 = FACE_BOUND('',#2880,.F.);
#2880 = EDGE_LOOP('',(#2881,#2882,#2883,#2891));
#2881 = ORIENTED_EDGE('',*,*,#2726,.F.);
#2882 = ORIENTED_EDGE('',*,*,#2812,.T.);
#2883 = ORIENTED_EDGE('',*,*,#2884,.T.);
#2884 = EDGE_CURVE('',#2813,#2885,#2887,.T.);
#2885 = VERTEX_POINT('',#2886);
#2886 = CARTESIAN_POINT('',(1.808834365961,2.308834365961,5.E-02));
#2887 = LINE('',#2888,#2889);
#2888 = CARTESIAN_POINT('',(1.808834365961,-2.3525,5.E-02));
#2889 = VECTOR('',#2890,1.);
#2890 = DIRECTION('',(0.,1.,0.));
#2891 = ORIENTED_EDGE('',*,*,#2892,.F.);
#2892 = EDGE_CURVE('',#2718,#2885,#2893,.T.);
#2893 = LINE('',#2894,#2895);
#2894 = CARTESIAN_POINT('',(-1.8525,2.308834365961,5.E-02));
#2895 = VECTOR('',#2896,1.);
#2896 = DIRECTION('',(1.,0.,0.));
#2897 = PLANE('',#2898);
#2898 = AXIS2_PLACEMENT_3D('',#2899,#2900,#2901);
#2899 = CARTESIAN_POINT('',(-1.95,-2.45,5.E-02));
#2900 = DIRECTION('',(0.,0.,1.));
#2901 = DIRECTION('',(1.,0.,-0.));
#2902 = ADVANCED_FACE('',(#2903),#2915,.T.);
#2903 = FACE_BOUND('',#2904,.T.);
#2904 = EDGE_LOOP('',(#2905,#2906,#2907,#2914));
#2905 = ORIENTED_EDGE('',*,*,#2717,.F.);
#2906 = ORIENTED_EDGE('',*,*,#2797,.T.);
#2907 = ORIENTED_EDGE('',*,*,#2908,.F.);
#2908 = EDGE_CURVE('',#2885,#2790,#2909,.T.);
#2909 = ELLIPSE('',#2910,7.071067811865E-02,5.E-02);
#2910 = AXIS2_PLACEMENT_3D('',#2911,#2912,#2913);
#2911 = CARTESIAN_POINT('',(1.808834365961,2.308834365961,0.1));
#2912 = DIRECTION('',(0.707106781187,-0.707106781187,0.));
#2913 = DIRECTION('',(0.707106781187,0.707106781187,0.));
#2914 = ORIENTED_EDGE('',*,*,#2892,.F.);
#2915 = CYLINDRICAL_SURFACE('',#2916,5.E-02);
#2916 = AXIS2_PLACEMENT_3D('',#2917,#2918,#2919);
#2917 = CARTESIAN_POINT('',(-1.8525,2.308834365961,0.1));
#2918 = DIRECTION('',(1.,0.,0.));
#2919 = DIRECTION('',(0.,0.,-1.));
#2920 = ADVANCED_FACE('',(#2921),#2946,.F.);
#2921 = FACE_BOUND('',#2922,.F.);
#2922 = EDGE_LOOP('',(#2923,#2931,#2932,#2940));
#2923 = ORIENTED_EDGE('',*,*,#2924,.F.);
#2924 = EDGE_CURVE('',#2750,#2925,#2927,.T.);
#2925 = VERTEX_POINT('',#2926);
#2926 = CARTESIAN_POINT('',(-1.858345477732,-2.358345477732,
    1.656687379525));
#2927 = LINE('',#2928,#2929);
#2928 = CARTESIAN_POINT('',(-1.902106734747,-2.402106734747,
    1.332434204108));
#2929 = VECTOR('',#2930,1.);
#2930 = DIRECTION('',(0.132567138029,0.132567138029,0.982268755397));
#2931 = ORIENTED_EDGE('',*,*,#2766,.T.);
#2932 = ORIENTED_EDGE('',*,*,#2933,.T.);
#2933 = EDGE_CURVE('',#2759,#2934,#2936,.T.);
#2934 = VERTEX_POINT('',#2935);
#2935 = CARTESIAN_POINT('',(-1.858345477732,2.358345477732,
    1.656687379525));
#2936 = LINE('',#2937,#2938);
#2937 = CARTESIAN_POINT('',(-1.859050321838,2.359050321838,
    1.651464770421));
#2938 = VECTOR('',#2939,1.);
#2939 = DIRECTION('',(0.132567138029,-0.132567138029,0.982268755397));
#2940 = ORIENTED_EDGE('',*,*,#2941,.F.);
#2941 = EDGE_CURVE('',#2925,#2934,#2942,.T.);
#2942 = LINE('',#2943,#2944);
#2943 = CARTESIAN_POINT('',(-1.858345477732,-2.3525,1.656687379525));
#2944 = VECTOR('',#2945,1.);
#2945 = DIRECTION('',(0.,1.,0.));
#2946 = PLANE('',#2947);
#2947 = AXIS2_PLACEMENT_3D('',#2948,#2949,#2950);
#2948 = CARTESIAN_POINT('',(-1.90125,-2.45,1.338782261295));
#2949 = DIRECTION('',(0.991015429765,1.73932669589E-18,-0.133747590509)
  );
#2950 = DIRECTION('',(-1.723699593029E-18,1.,2.32630754684E-19));
#2951 = ADVANCED_FACE('',(#2952),#2970,.T.);
#2952 = FACE_BOUND('',#2953,.T.);
#2953 = EDGE_LOOP('',(#2954,#2962,#2963,#2964));
#2954 = ORIENTED_EDGE('',*,*,#2955,.F.);
#2955 = EDGE_CURVE('',#2782,#2956,#2958,.T.);
#2956 = VERTEX_POINT('',#2957);
#2957 = CARTESIAN_POINT('',(1.95,2.45,0.97756452259));
#2958 = LINE('',#2959,#2960);
#2959 = CARTESIAN_POINT('',(1.95,2.45,5.E-02));
#2960 = VECTOR('',#2961,1.);
#2961 = DIRECTION('',(0.,0.,1.));
#2962 = ORIENTED_EDGE('',*,*,#2781,.F.);
#2963 = ORIENTED_EDGE('',*,*,#2758,.T.);
#2964 = ORIENTED_EDGE('',*,*,#2965,.T.);
#2965 = EDGE_CURVE('',#2759,#2956,#2966,.T.);
#2966 = LINE('',#2967,#2968);
#2967 = CARTESIAN_POINT('',(-1.95,2.45,0.97756452259));
#2968 = VECTOR('',#2969,1.);
#2969 = DIRECTION('',(1.,0.,0.));
#2970 = PLANE('',#2971);
#2971 = AXIS2_PLACEMENT_3D('',#2972,#2973,#2974);
#2972 = CARTESIAN_POINT('',(-1.95,2.45,5.E-02));
#2973 = DIRECTION('',(0.,1.,0.));
#2974 = DIRECTION('',(0.,-0.,1.));
#2975 = ADVANCED_FACE('',(#2976),#2982,.T.);
#2976 = FACE_BOUND('',#2977,.T.);
#2977 = EDGE_LOOP('',(#2978,#2979,#2980,#2981));
#2978 = ORIENTED_EDGE('',*,*,#2884,.T.);
#2979 = ORIENTED_EDGE('',*,*,#2908,.T.);
#2980 = ORIENTED_EDGE('',*,*,#2868,.F.);
#2981 = ORIENTED_EDGE('',*,*,#2820,.T.);
#2982 = CYLINDRICAL_SURFACE('',#2983,5.E-02);
#2983 = AXIS2_PLACEMENT_3D('',#2984,#2985,#2986);
#2984 = CARTESIAN_POINT('',(1.808834365961,-2.3525,0.1));
#2985 = DIRECTION('',(0.,1.,0.));
#2986 = DIRECTION('',(0.,0.,-1.));
#2987 = ADVANCED_FACE('',(#2988),#2999,.T.);
#2988 = FACE_BOUND('',#2989,.T.);
#2989 = EDGE_LOOP('',(#2990,#2991,#2992,#2993));
#2990 = ORIENTED_EDGE('',*,*,#2836,.F.);
#2991 = ORIENTED_EDGE('',*,*,#2861,.T.);
#2992 = ORIENTED_EDGE('',*,*,#2955,.T.);
#2993 = ORIENTED_EDGE('',*,*,#2994,.F.);
#2994 = EDGE_CURVE('',#2837,#2956,#2995,.T.);
#2995 = LINE('',#2996,#2997);
#2996 = CARTESIAN_POINT('',(1.95,-2.45,0.97756452259));
#2997 = VECTOR('',#2998,1.);
#2998 = DIRECTION('',(0.,1.,0.));
#2999 = PLANE('',#3000);
#3000 = AXIS2_PLACEMENT_3D('',#3001,#3002,#3003);
#3001 = CARTESIAN_POINT('',(1.95,-2.45,5.E-02));
#3002 = DIRECTION('',(1.,0.,0.));
#3003 = DIRECTION('',(0.,0.,1.));
#3004 = ADVANCED_FACE('',(#3005),#3023,.F.);
#3005 = FACE_BOUND('',#3006,.T.);
#3006 = EDGE_LOOP('',(#3007,#3008,#3009,#3017));
#3007 = ORIENTED_EDGE('',*,*,#2924,.F.);
#3008 = ORIENTED_EDGE('',*,*,#2846,.T.);
#3009 = ORIENTED_EDGE('',*,*,#3010,.T.);
#3010 = EDGE_CURVE('',#2837,#3011,#3013,.T.);
#3011 = VERTEX_POINT('',#3012);
#3012 = CARTESIAN_POINT('',(1.858345477732,-2.358345477732,
    1.656687379525));
#3013 = LINE('',#3014,#3015);
#3014 = CARTESIAN_POINT('',(1.86783734488,-2.36783734488,1.586356491582)
  );
#3015 = VECTOR('',#3016,1.);
#3016 = DIRECTION('',(-0.132567138029,0.132567138029,0.982268755397));
#3017 = ORIENTED_EDGE('',*,*,#3018,.F.);
#3018 = EDGE_CURVE('',#2925,#3011,#3019,.T.);
#3019 = LINE('',#3020,#3021);
#3020 = CARTESIAN_POINT('',(-1.8525,-2.358345477732,1.656687379525));
#3021 = VECTOR('',#3022,1.);
#3022 = DIRECTION('',(1.,0.,0.));
#3023 = PLANE('',#3024);
#3024 = AXIS2_PLACEMENT_3D('',#3025,#3026,#3027);
#3025 = CARTESIAN_POINT('',(-1.95,-2.40125,1.338782261295));
#3026 = DIRECTION('',(-1.73932669589E-18,0.991015429765,-0.133747590509)
  );
#3027 = DIRECTION('',(-1.,-1.723699593029E-18,2.32630754684E-19));
#3028 = ADVANCED_FACE('',(#3029),#3056,.T.);
#3029 = FACE_BOUND('',#3030,.T.);
#3030 = EDGE_LOOP('',(#3031,#3040,#3048,#3055));
#3031 = ORIENTED_EDGE('',*,*,#3032,.T.);
#3032 = EDGE_CURVE('',#2925,#3033,#3035,.T.);
#3033 = VERTEX_POINT('',#3034);
#3034 = CARTESIAN_POINT('',(-1.808794706244,-2.308794706244,1.7));
#3035 = ELLIPSE('',#3036,7.071067811865E-02,5.E-02);
#3036 = AXIS2_PLACEMENT_3D('',#3037,#3038,#3039);
#3037 = CARTESIAN_POINT('',(-1.808794706244,-2.308794706244,1.65));
#3038 = DIRECTION('',(-0.707106781187,0.707106781187,0.));
#3039 = DIRECTION('',(0.707106781187,0.707106781187,0.));
#3040 = ORIENTED_EDGE('',*,*,#3041,.T.);
#3041 = EDGE_CURVE('',#3033,#3042,#3044,.T.);
#3042 = VERTEX_POINT('',#3043);
#3043 = CARTESIAN_POINT('',(-1.808794706244,2.308794706244,1.7));
#3044 = LINE('',#3045,#3046);
#3045 = CARTESIAN_POINT('',(-1.808794706244,-2.3525,1.7));
#3046 = VECTOR('',#3047,1.);
#3047 = DIRECTION('',(0.,1.,0.));
#3048 = ORIENTED_EDGE('',*,*,#3049,.F.);
#3049 = EDGE_CURVE('',#2934,#3042,#3050,.T.);
#3050 = ELLIPSE('',#3051,7.071067811865E-02,5.E-02);
#3051 = AXIS2_PLACEMENT_3D('',#3052,#3053,#3054);
#3052 = CARTESIAN_POINT('',(-1.808794706244,2.308794706244,1.65));
#3053 = DIRECTION('',(0.707106781187,0.707106781187,-0.));
#3054 = DIRECTION('',(-0.707106781187,0.707106781187,0.));
#3055 = ORIENTED_EDGE('',*,*,#2941,.F.);
#3056 = CYLINDRICAL_SURFACE('',#3057,5.E-02);
#3057 = AXIS2_PLACEMENT_3D('',#3058,#3059,#3060);
#3058 = CARTESIAN_POINT('',(-1.808794706244,-2.3525,1.65));
#3059 = DIRECTION('',(0.,1.,0.));
#3060 = DIRECTION('',(-0.991015429765,0.,0.133747590509));
#3061 = ADVANCED_FACE('',(#3062),#3080,.T.);
#3062 = FACE_BOUND('',#3063,.F.);
#3063 = EDGE_LOOP('',(#3064,#3065,#3066,#3074));
#3064 = ORIENTED_EDGE('',*,*,#2933,.F.);
#3065 = ORIENTED_EDGE('',*,*,#2965,.T.);
#3066 = ORIENTED_EDGE('',*,*,#3067,.T.);
#3067 = EDGE_CURVE('',#2956,#3068,#3070,.T.);
#3068 = VERTEX_POINT('',#3069);
#3069 = CARTESIAN_POINT('',(1.858345477732,2.358345477732,1.656687379525
    ));
#3070 = LINE('',#3071,#3072);
#3071 = CARTESIAN_POINT('',(1.824780931971,2.324780931971,1.905387057895
    ));
#3072 = VECTOR('',#3073,1.);
#3073 = DIRECTION('',(-0.132567138029,-0.132567138029,0.982268755397));
#3074 = ORIENTED_EDGE('',*,*,#3075,.F.);
#3075 = EDGE_CURVE('',#2934,#3068,#3076,.T.);
#3076 = LINE('',#3077,#3078);
#3077 = CARTESIAN_POINT('',(-1.8525,2.358345477732,1.656687379525));
#3078 = VECTOR('',#3079,1.);
#3079 = DIRECTION('',(1.,0.,0.));
#3080 = PLANE('',#3081);
#3081 = AXIS2_PLACEMENT_3D('',#3082,#3083,#3084);
#3082 = CARTESIAN_POINT('',(-1.95,2.40125,1.338782261295));
#3083 = DIRECTION('',(1.73932669589E-18,0.991015429765,0.133747590509));
#3084 = DIRECTION('',(-1.,1.723699593029E-18,2.32630754684E-19));
#3085 = ADVANCED_FACE('',(#3086),#3097,.T.);
#3086 = FACE_BOUND('',#3087,.T.);
#3087 = EDGE_LOOP('',(#3088,#3089,#3090,#3091));
#3088 = ORIENTED_EDGE('',*,*,#3010,.F.);
#3089 = ORIENTED_EDGE('',*,*,#2994,.T.);
#3090 = ORIENTED_EDGE('',*,*,#3067,.T.);
#3091 = ORIENTED_EDGE('',*,*,#3092,.F.);
#3092 = EDGE_CURVE('',#3011,#3068,#3093,.T.);
#3093 = LINE('',#3094,#3095);
#3094 = CARTESIAN_POINT('',(1.858345477732,-2.3525,1.656687379525));
#3095 = VECTOR('',#3096,1.);
#3096 = DIRECTION('',(0.,1.,0.));
#3097 = PLANE('',#3098);
#3098 = AXIS2_PLACEMENT_3D('',#3099,#3100,#3101);
#3099 = CARTESIAN_POINT('',(1.90125,-2.45,1.338782261295));
#3100 = DIRECTION('',(0.991015429765,-1.73932669589E-18,0.133747590509)
  );
#3101 = DIRECTION('',(1.723699593029E-18,1.,2.32630754684E-19));
#3102 = ADVANCED_FACE('',(#3103),#3122,.T.);
#3103 = FACE_BOUND('',#3104,.T.);
#3104 = EDGE_LOOP('',(#3105,#3106,#3115,#3121));
#3105 = ORIENTED_EDGE('',*,*,#3018,.T.);
#3106 = ORIENTED_EDGE('',*,*,#3107,.T.);
#3107 = EDGE_CURVE('',#3011,#3108,#3110,.T.);
#3108 = VERTEX_POINT('',#3109);
#3109 = CARTESIAN_POINT('',(1.808794706244,-2.308794706244,1.7));
#3110 = ELLIPSE('',#3111,7.071067811865E-02,5.E-02);
#3111 = AXIS2_PLACEMENT_3D('',#3112,#3113,#3114);
#3112 = CARTESIAN_POINT('',(1.808794706244,-2.308794706244,1.65));
#3113 = DIRECTION('',(-0.707106781187,-0.707106781187,0.));
#3114 = DIRECTION('',(0.707106781187,-0.707106781187,0.));
#3115 = ORIENTED_EDGE('',*,*,#3116,.F.);
#3116 = EDGE_CURVE('',#3033,#3108,#3117,.T.);
#3117 = LINE('',#3118,#3119);
#3118 = CARTESIAN_POINT('',(-1.8525,-2.308794706244,1.7));
#3119 = VECTOR('',#3120,1.);
#3120 = DIRECTION('',(1.,0.,0.));
#3121 = ORIENTED_EDGE('',*,*,#3032,.F.);
#3122 = CYLINDRICAL_SURFACE('',#3123,5.E-02);
#3123 = AXIS2_PLACEMENT_3D('',#3124,#3125,#3126);
#3124 = CARTESIAN_POINT('',(-1.8525,-2.308794706244,1.65));
#3125 = DIRECTION('',(1.,0.,0.));
#3126 = DIRECTION('',(0.,-0.991015429765,0.133747590509));
#3127 = ADVANCED_FACE('',(#3128,#3146),#3157,.T.);
#3128 = FACE_BOUND('',#3129,.T.);
#3129 = EDGE_LOOP('',(#3130,#3131,#3132,#3140));
#3130 = ORIENTED_EDGE('',*,*,#3041,.F.);
#3131 = ORIENTED_EDGE('',*,*,#3116,.T.);
#3132 = ORIENTED_EDGE('',*,*,#3133,.T.);
#3133 = EDGE_CURVE('',#3108,#3134,#3136,.T.);
#3134 = VERTEX_POINT('',#3135);
#3135 = CARTESIAN_POINT('',(1.808794706244,2.308794706244,1.7));
#3136 = LINE('',#3137,#3138);
#3137 = CARTESIAN_POINT('',(1.808794706244,-2.3525,1.7));
#3138 = VECTOR('',#3139,1.);
#3139 = DIRECTION('',(0.,1.,0.));
#3140 = ORIENTED_EDGE('',*,*,#3141,.F.);
#3141 = EDGE_CURVE('',#3042,#3134,#3142,.T.);
#3142 = LINE('',#3143,#3144);
#3143 = CARTESIAN_POINT('',(-1.8525,2.308794706244,1.7));
#3144 = VECTOR('',#3145,1.);
#3145 = DIRECTION('',(1.,0.,0.));
#3146 = FACE_BOUND('',#3147,.T.);
#3147 = EDGE_LOOP('',(#3148));
#3148 = ORIENTED_EDGE('',*,*,#3149,.F.);
#3149 = EDGE_CURVE('',#3150,#3150,#3152,.T.);
#3150 = VERTEX_POINT('',#3151);
#3151 = CARTESIAN_POINT('',(-1.07125,1.815,1.7));
#3152 = CIRCLE('',#3153,0.24375);
#3153 = AXIS2_PLACEMENT_3D('',#3154,#3155,#3156);
#3154 = CARTESIAN_POINT('',(-1.315,1.815,1.7));
#3155 = DIRECTION('',(0.,0.,1.));
#3156 = DIRECTION('',(1.,0.,-0.));
#3157 = PLANE('',#3158);
#3158 = AXIS2_PLACEMENT_3D('',#3159,#3160,#3161);
#3159 = CARTESIAN_POINT('',(-1.95,-2.45,1.7));
#3160 = DIRECTION('',(0.,0.,1.));
#3161 = DIRECTION('',(1.,0.,-0.));
#3162 = ADVANCED_FACE('',(#3163),#3175,.T.);
#3163 = FACE_BOUND('',#3164,.T.);
#3164 = EDGE_LOOP('',(#3165,#3166,#3173,#3174));
#3165 = ORIENTED_EDGE('',*,*,#3141,.T.);
#3166 = ORIENTED_EDGE('',*,*,#3167,.T.);
#3167 = EDGE_CURVE('',#3134,#3068,#3168,.T.);
#3168 = ELLIPSE('',#3169,7.071067811865E-02,5.E-02);
#3169 = AXIS2_PLACEMENT_3D('',#3170,#3171,#3172);
#3170 = CARTESIAN_POINT('',(1.808794706244,2.308794706244,1.65));
#3171 = DIRECTION('',(-0.707106781187,0.707106781187,0.));
#3172 = DIRECTION('',(0.707106781187,0.707106781187,0.));
#3173 = ORIENTED_EDGE('',*,*,#3075,.F.);
#3174 = ORIENTED_EDGE('',*,*,#3049,.T.);
#3175 = CYLINDRICAL_SURFACE('',#3176,5.E-02);
#3176 = AXIS2_PLACEMENT_3D('',#3177,#3178,#3179);
#3177 = CARTESIAN_POINT('',(-1.8525,2.308794706244,1.65));
#3178 = DIRECTION('',(1.,0.,0.));
#3179 = DIRECTION('',(0.,0.,1.));
#3180 = ADVANCED_FACE('',(#3181),#3187,.T.);
#3181 = FACE_BOUND('',#3182,.T.);
#3182 = EDGE_LOOP('',(#3183,#3184,#3185,#3186));
#3183 = ORIENTED_EDGE('',*,*,#3107,.F.);
#3184 = ORIENTED_EDGE('',*,*,#3092,.T.);
#3185 = ORIENTED_EDGE('',*,*,#3167,.F.);
#3186 = ORIENTED_EDGE('',*,*,#3133,.F.);
#3187 = CYLINDRICAL_SURFACE('',#3188,5.E-02);
#3188 = AXIS2_PLACEMENT_3D('',#3189,#3190,#3191);
#3189 = CARTESIAN_POINT('',(1.808794706244,-2.3525,1.65));
#3190 = DIRECTION('',(0.,1.,0.));
#3191 = DIRECTION('',(0.,-0.,1.));
#3192 = ADVANCED_FACE('',(#3193),#3212,.F.);
#3193 = FACE_BOUND('',#3194,.F.);
#3194 = EDGE_LOOP('',(#3195,#3204,#3210,#3211));
#3195 = ORIENTED_EDGE('',*,*,#3196,.T.);
#3196 = EDGE_CURVE('',#3197,#3197,#3199,.T.);
#3197 = VERTEX_POINT('',#3198);
#3198 = CARTESIAN_POINT('',(-1.07125,1.815,1.53));
#3199 = CIRCLE('',#3200,0.24375);
#3200 = AXIS2_PLACEMENT_3D('',#3201,#3202,#3203);
#3201 = CARTESIAN_POINT('',(-1.315,1.815,1.53));
#3202 = DIRECTION('',(0.,0.,1.));
#3203 = DIRECTION('',(1.,0.,-0.));
#3204 = ORIENTED_EDGE('',*,*,#3205,.T.);
#3205 = EDGE_CURVE('',#3197,#3150,#3206,.T.);
#3206 = LINE('',#3207,#3208);
#3207 = CARTESIAN_POINT('',(-1.07125,1.815,1.53));
#3208 = VECTOR('',#3209,1.);
#3209 = DIRECTION('',(0.,0.,1.));
#3210 = ORIENTED_EDGE('',*,*,#3149,.F.);
#3211 = ORIENTED_EDGE('',*,*,#3205,.F.);
#3212 = CYLINDRICAL_SURFACE('',#3213,0.24375);
#3213 = AXIS2_PLACEMENT_3D('',#3214,#3215,#3216);
#3214 = CARTESIAN_POINT('',(-1.315,1.815,1.53));
#3215 = DIRECTION('',(0.,0.,1.));
#3216 = DIRECTION('',(1.,0.,-0.));
#3217 = ADVANCED_FACE('',(#3218),#3221,.T.);
#3218 = FACE_BOUND('',#3219,.T.);
#3219 = EDGE_LOOP('',(#3220));
#3220 = ORIENTED_EDGE('',*,*,#3196,.T.);
#3221 = PLANE('',#3222);
#3222 = AXIS2_PLACEMENT_3D('',#3223,#3224,#3225);
#3223 = CARTESIAN_POINT('',(-1.315,1.815,1.53));
#3224 = DIRECTION('',(0.,0.,1.));
#3225 = DIRECTION('',(1.,0.,-0.));
#3226 = ( GEOMETRIC_REPRESENTATION_CONTEXT(3) 
GLOBAL_UNCERTAINTY_ASSIGNED_CONTEXT((#3230)) 
GLOBAL_UNIT_ASSIGNED_CONTEXT((#3227,#3228,#3229)) REPRESENTATION_CONTEXT
('Context #1','3D Context with UNIT and UNCERTAINTY') );
#3227 = ( LENGTH_UNIT() NAMED_UNIT(*) SI_UNIT(.MILLI.,.METRE.) );
#3228 = ( NAMED_UNIT(*) PLANE_ANGLE_UNIT() SI_UNIT($,.RADIAN.) );
#3229 = ( NAMED_UNIT(*) SI_UNIT($,.STERADIAN.) SOLID_ANGLE_UNIT() );
#3230 = UNCERTAINTY_MEASURE_WITH_UNIT(LENGTH_MEASURE(1.E-07),#3227,
  'distance_accuracy_value','confusion accuracy');
#3231 = CONTEXT_DEPENDENT_SHAPE_REPRESENTATION(#3232,#3234);
#3232 = ( REPRESENTATION_RELATIONSHIP('','',#2638,#2607) 
REPRESENTATION_RELATIONSHIP_WITH_TRANSFORMATION(#3233) 
SHAPE_REPRESENTATION_RELATIONSHIP() );
#3233 = ITEM_DEFINED_TRANSFORMATION('','',#11,#2608);
#3234 = PRODUCT_DEFINITION_SHAPE('Placement','Placement of an item',
  #3235);
#3235 = NEXT_ASSEMBLY_USAGE_OCCURRENCE('9','=>0:1:1:12','',#2602,#2633,$
  );
#3236 = PRODUCT_RELATED_PRODUCT_CATEGORY('part',$,(#2635));
#3237 = SHAPE_DEFINITION_REPRESENTATION(#3238,#3244);
#3238 = PRODUCT_DEFINITION_SHAPE('','',#3239);
#3239 = PRODUCT_DEFINITION('design','',#3240,#3243);
#3240 = PRODUCT_DEFINITION_FORMATION('','',#3241);
#3241 = PRODUCT('PinsArrayLR','PinsArrayLR','',(#3242));
#3242 = PRODUCT_CONTEXT('',#2,'mechanical');
#3243 = PRODUCT_DEFINITION_CONTEXT('part definition',#2,'design');
#3244 = SHAPE_REPRESENTATION('',(#11,#3245,#3632,#4019,#4406,#4793,#5180
    ,#5567,#5954),#6341);
#3245 = MANIFOLD_SOLID_BREP('',#3246);
#3246 = CLOSED_SHELL('',(#3247,#3287,#3377,#3402,#3426,#3501,#3518,#3535
    ,#3552,#3569,#3586,#3603,#3620));
#3247 = ADVANCED_FACE('',(#3248),#3282,.T.);
#3248 = FACE_BOUND('',#3249,.T.);
#3249 = EDGE_LOOP('',(#3250,#3260,#3268,#3276));
#3250 = ORIENTED_EDGE('',*,*,#3251,.F.);
#3251 = EDGE_CURVE('',#3252,#3254,#3256,.T.);
#3252 = VERTEX_POINT('',#3253);
#3253 = CARTESIAN_POINT('',(-3.,2.115,0.21));
#3254 = VERTEX_POINT('',#3255);
#3255 = CARTESIAN_POINT('',(-2.755664375653,2.115,0.21));
#3256 = LINE('',#3257,#3258);
#3257 = CARTESIAN_POINT('',(-3.,2.115,0.21));
#3258 = VECTOR('',#3259,1.);
#3259 = DIRECTION('',(1.,0.,0.));
#3260 = ORIENTED_EDGE('',*,*,#3261,.F.);
#3261 = EDGE_CURVE('',#3262,#3252,#3264,.T.);
#3262 = VERTEX_POINT('',#3263);
#3263 = CARTESIAN_POINT('',(-3.,1.695,0.21));
#3264 = LINE('',#3265,#3266);
#3265 = CARTESIAN_POINT('',(-3.,1.695,0.21));
#3266 = VECTOR('',#3267,1.);
#3267 = DIRECTION('',(0.,1.,0.));
#3268 = ORIENTED_EDGE('',*,*,#3269,.T.);
#3269 = EDGE_CURVE('',#3262,#3270,#3272,.T.);
#3270 = VERTEX_POINT('',#3271);
#3271 = CARTESIAN_POINT('',(-2.755664375653,1.695,0.21));
#3272 = LINE('',#3273,#3274);
#3273 = CARTESIAN_POINT('',(-3.,1.695,0.21));
#3274 = VECTOR('',#3275,1.);
#3275 = DIRECTION('',(1.,0.,0.));
#3276 = ORIENTED_EDGE('',*,*,#3277,.T.);
#3277 = EDGE_CURVE('',#3270,#3254,#3278,.T.);
#3278 = LINE('',#3279,#3280);
#3279 = CARTESIAN_POINT('',(-2.755664375653,1.695,0.21));
#3280 = VECTOR('',#3281,1.);
#3281 = DIRECTION('',(0.,1.,0.));
#3282 = PLANE('',#3283);
#3283 = AXIS2_PLACEMENT_3D('',#3284,#3285,#3286);
#3284 = CARTESIAN_POINT('',(-3.,1.695,0.21));
#3285 = DIRECTION('',(0.,0.,1.));
#3286 = DIRECTION('',(1.,0.,-0.));
#3287 = ADVANCED_FACE('',(#3288),#3372,.T.);
#3288 = FACE_BOUND('',#3289,.T.);
#3289 = EDGE_LOOP('',(#3290,#3300,#3306,#3307,#3316,#3324,#3333,#3341,
    #3349,#3357,#3365));
#3290 = ORIENTED_EDGE('',*,*,#3291,.F.);
#3291 = EDGE_CURVE('',#3292,#3294,#3296,.T.);
#3292 = VERTEX_POINT('',#3293);
#3293 = CARTESIAN_POINT('',(-3.,2.115,0.));
#3294 = VERTEX_POINT('',#3295);
#3295 = CARTESIAN_POINT('',(-2.651888125218,2.115,0.));
#3296 = LINE('',#3297,#3298);
#3297 = CARTESIAN_POINT('',(-3.,2.115,0.));
#3298 = VECTOR('',#3299,1.);
#3299 = DIRECTION('',(1.,0.,0.));
#3300 = ORIENTED_EDGE('',*,*,#3301,.T.);
#3301 = EDGE_CURVE('',#3292,#3252,#3302,.T.);
#3302 = LINE('',#3303,#3304);
#3303 = CARTESIAN_POINT('',(-3.,2.115,0.));
#3304 = VECTOR('',#3305,1.);
#3305 = DIRECTION('',(0.,0.,1.));
#3306 = ORIENTED_EDGE('',*,*,#3251,.T.);
#3307 = ORIENTED_EDGE('',*,*,#3308,.T.);
#3308 = EDGE_CURVE('',#3254,#3309,#3311,.T.);
#3309 = VERTEX_POINT('',#3310);
#3310 = CARTESIAN_POINT('',(-2.67225680319,2.115,0.251217738705));
#3311 = CIRCLE('',#3312,0.105);
#3312 = AXIS2_PLACEMENT_3D('',#3313,#3314,#3315);
#3313 = CARTESIAN_POINT('',(-2.755664375653,2.115,0.315));
#3314 = DIRECTION('',(0.,-1.,0.));
#3315 = DIRECTION('',(0.,0.,1.));
#3316 = ORIENTED_EDGE('',*,*,#3317,.T.);
#3317 = EDGE_CURVE('',#3309,#3318,#3320,.T.);
#3318 = VERTEX_POINT('',#3319);
#3319 = CARTESIAN_POINT('',(-2.14833459217,2.115,0.936346783885));
#3320 = LINE('',#3321,#3322);
#3321 = CARTESIAN_POINT('',(-2.766815144925,2.115,0.12756452259));
#3322 = VECTOR('',#3323,1.);
#3323 = DIRECTION('',(0.607450107571,0.,0.794357832977));
#3324 = ORIENTED_EDGE('',*,*,#3325,.T.);
#3325 = EDGE_CURVE('',#3318,#3326,#3328,.T.);
#3326 = VERTEX_POINT('',#3327);
#3327 = CARTESIAN_POINT('',(-2.064927019708,2.115,0.97756452259));
#3328 = CIRCLE('',#3329,0.105);
#3329 = AXIS2_PLACEMENT_3D('',#3330,#3331,#3332);
#3330 = CARTESIAN_POINT('',(-2.064927019708,2.115,0.87256452259));
#3331 = DIRECTION('',(0.,1.,0.));
#3332 = DIRECTION('',(0.,-0.,1.));
#3333 = ORIENTED_EDGE('',*,*,#3334,.T.);
#3334 = EDGE_CURVE('',#3326,#3335,#3337,.T.);
#3335 = VERTEX_POINT('',#3336);
#3336 = CARTESIAN_POINT('',(-1.95,2.115,0.97756452259));
#3337 = LINE('',#3338,#3339);
#3338 = CARTESIAN_POINT('',(-2.116815144925,2.115,0.97756452259));
#3339 = VECTOR('',#3340,1.);
#3340 = DIRECTION('',(1.,0.,0.));
#3341 = ORIENTED_EDGE('',*,*,#3342,.F.);
#3342 = EDGE_CURVE('',#3343,#3335,#3345,.T.);
#3343 = VERTEX_POINT('',#3344);
#3344 = CARTESIAN_POINT('',(-1.95,2.115,0.76756452259));
#3345 = LINE('',#3346,#3347);
#3346 = CARTESIAN_POINT('',(-1.95,2.115,0.76756452259));
#3347 = VECTOR('',#3348,1.);
#3348 = DIRECTION('',(0.,0.,1.));
#3349 = ORIENTED_EDGE('',*,*,#3350,.F.);
#3350 = EDGE_CURVE('',#3351,#3343,#3353,.T.);
#3351 = VERTEX_POINT('',#3352);
#3352 = CARTESIAN_POINT('',(-2.01303889449,2.115,0.76756452259));
#3353 = LINE('',#3354,#3355);
#3354 = CARTESIAN_POINT('',(-2.116815144925,2.115,0.76756452259));
#3355 = VECTOR('',#3356,1.);
#3356 = DIRECTION('',(1.,0.,0.));
#3357 = ORIENTED_EDGE('',*,*,#3358,.F.);
#3358 = EDGE_CURVE('',#3359,#3351,#3361,.T.);
#3359 = VERTEX_POINT('',#3360);
#3360 = CARTESIAN_POINT('',(-2.568480552755,2.115,4.121773870507E-02));
#3361 = LINE('',#3362,#3363);
#3362 = CARTESIAN_POINT('',(-2.6,2.115,2.775557561563E-17));
#3363 = VECTOR('',#3364,1.);
#3364 = DIRECTION('',(0.607450107571,0.,0.794357832977));
#3365 = ORIENTED_EDGE('',*,*,#3366,.F.);
#3366 = EDGE_CURVE('',#3294,#3359,#3367,.T.);
#3367 = CIRCLE('',#3368,0.105);
#3368 = AXIS2_PLACEMENT_3D('',#3369,#3370,#3371);
#3369 = CARTESIAN_POINT('',(-2.651888125218,2.115,0.105));
#3370 = DIRECTION('',(0.,-1.,0.));
#3371 = DIRECTION('',(0.,0.,1.));
#3372 = PLANE('',#3373);
#3373 = AXIS2_PLACEMENT_3D('',#3374,#3375,#3376);
#3374 = CARTESIAN_POINT('',(-2.448022419547,2.115,0.434190850724));
#3375 = DIRECTION('',(1.133465950494E-29,1.,-9.935374400933E-30));
#3376 = DIRECTION('',(1.,-1.133465950494E-29,0.));
#3377 = ADVANCED_FACE('',(#3378),#3397,.F.);
#3378 = FACE_BOUND('',#3379,.F.);
#3379 = EDGE_LOOP('',(#3380,#3381,#3382,#3390));
#3380 = ORIENTED_EDGE('',*,*,#3277,.T.);
#3381 = ORIENTED_EDGE('',*,*,#3308,.T.);
#3382 = ORIENTED_EDGE('',*,*,#3383,.F.);
#3383 = EDGE_CURVE('',#3384,#3309,#3386,.T.);
#3384 = VERTEX_POINT('',#3385);
#3385 = CARTESIAN_POINT('',(-2.67225680319,1.695,0.251217738705));
#3386 = LINE('',#3387,#3388);
#3387 = CARTESIAN_POINT('',(-2.67225680319,1.695,0.251217738705));
#3388 = VECTOR('',#3389,1.);
#3389 = DIRECTION('',(0.,1.,0.));
#3390 = ORIENTED_EDGE('',*,*,#3391,.F.);
#3391 = EDGE_CURVE('',#3270,#3384,#3392,.T.);
#3392 = CIRCLE('',#3393,0.105);
#3393 = AXIS2_PLACEMENT_3D('',#3394,#3395,#3396);
#3394 = CARTESIAN_POINT('',(-2.755664375653,1.695,0.315));
#3395 = DIRECTION('',(0.,-1.,0.));
#3396 = DIRECTION('',(0.,0.,1.));
#3397 = CYLINDRICAL_SURFACE('',#3398,0.105);
#3398 = AXIS2_PLACEMENT_3D('',#3399,#3400,#3401);
#3399 = CARTESIAN_POINT('',(-2.755664375653,1.695,0.315));
#3400 = DIRECTION('',(0.,1.,0.));
#3401 = DIRECTION('',(0.,0.,-1.));
#3402 = ADVANCED_FACE('',(#3403),#3421,.F.);
#3403 = FACE_BOUND('',#3404,.F.);
#3404 = EDGE_LOOP('',(#3405,#3413,#3419,#3420));
#3405 = ORIENTED_EDGE('',*,*,#3406,.F.);
#3406 = EDGE_CURVE('',#3407,#3262,#3409,.T.);
#3407 = VERTEX_POINT('',#3408);
#3408 = CARTESIAN_POINT('',(-3.,1.695,0.));
#3409 = LINE('',#3410,#3411);
#3410 = CARTESIAN_POINT('',(-3.,1.695,0.));
#3411 = VECTOR('',#3412,1.);
#3412 = DIRECTION('',(0.,0.,1.));
#3413 = ORIENTED_EDGE('',*,*,#3414,.T.);
#3414 = EDGE_CURVE('',#3407,#3292,#3415,.T.);
#3415 = LINE('',#3416,#3417);
#3416 = CARTESIAN_POINT('',(-3.,1.695,0.));
#3417 = VECTOR('',#3418,1.);
#3418 = DIRECTION('',(0.,1.,0.));
#3419 = ORIENTED_EDGE('',*,*,#3301,.T.);
#3420 = ORIENTED_EDGE('',*,*,#3261,.F.);
#3421 = PLANE('',#3422);
#3422 = AXIS2_PLACEMENT_3D('',#3423,#3424,#3425);
#3423 = CARTESIAN_POINT('',(-3.,1.695,0.));
#3424 = DIRECTION('',(1.,0.,0.));
#3425 = DIRECTION('',(0.,0.,1.));
#3426 = ADVANCED_FACE('',(#3427),#3496,.T.);
#3427 = FACE_BOUND('',#3428,.T.);
#3428 = EDGE_LOOP('',(#3429,#3437,#3446,#3454,#3462,#3470,#3478,#3487,
    #3493,#3494,#3495));
#3429 = ORIENTED_EDGE('',*,*,#3430,.T.);
#3430 = EDGE_CURVE('',#3407,#3431,#3433,.T.);
#3431 = VERTEX_POINT('',#3432);
#3432 = CARTESIAN_POINT('',(-2.651888125218,1.695,0.));
#3433 = LINE('',#3434,#3435);
#3434 = CARTESIAN_POINT('',(-3.,1.695,0.));
#3435 = VECTOR('',#3436,1.);
#3436 = DIRECTION('',(1.,0.,0.));
#3437 = ORIENTED_EDGE('',*,*,#3438,.T.);
#3438 = EDGE_CURVE('',#3431,#3439,#3441,.T.);
#3439 = VERTEX_POINT('',#3440);
#3440 = CARTESIAN_POINT('',(-2.568480552755,1.695,4.121773870507E-02));
#3441 = CIRCLE('',#3442,0.105);
#3442 = AXIS2_PLACEMENT_3D('',#3443,#3444,#3445);
#3443 = CARTESIAN_POINT('',(-2.651888125218,1.695,0.105));
#3444 = DIRECTION('',(0.,-1.,0.));
#3445 = DIRECTION('',(0.,0.,1.));
#3446 = ORIENTED_EDGE('',*,*,#3447,.T.);
#3447 = EDGE_CURVE('',#3439,#3448,#3450,.T.);
#3448 = VERTEX_POINT('',#3449);
#3449 = CARTESIAN_POINT('',(-2.01303889449,1.695,0.76756452259));
#3450 = LINE('',#3451,#3452);
#3451 = CARTESIAN_POINT('',(-2.6,1.695,2.775557561563E-17));
#3452 = VECTOR('',#3453,1.);
#3453 = DIRECTION('',(0.607450107571,0.,0.794357832977));
#3454 = ORIENTED_EDGE('',*,*,#3455,.T.);
#3455 = EDGE_CURVE('',#3448,#3456,#3458,.T.);
#3456 = VERTEX_POINT('',#3457);
#3457 = CARTESIAN_POINT('',(-1.95,1.695,0.76756452259));
#3458 = LINE('',#3459,#3460);
#3459 = CARTESIAN_POINT('',(-2.116815144925,1.695,0.76756452259));
#3460 = VECTOR('',#3461,1.);
#3461 = DIRECTION('',(1.,0.,0.));
#3462 = ORIENTED_EDGE('',*,*,#3463,.T.);
#3463 = EDGE_CURVE('',#3456,#3464,#3466,.T.);
#3464 = VERTEX_POINT('',#3465);
#3465 = CARTESIAN_POINT('',(-1.95,1.695,0.97756452259));
#3466 = LINE('',#3467,#3468);
#3467 = CARTESIAN_POINT('',(-1.95,1.695,0.76756452259));
#3468 = VECTOR('',#3469,1.);
#3469 = DIRECTION('',(0.,0.,1.));
#3470 = ORIENTED_EDGE('',*,*,#3471,.F.);
#3471 = EDGE_CURVE('',#3472,#3464,#3474,.T.);
#3472 = VERTEX_POINT('',#3473);
#3473 = CARTESIAN_POINT('',(-2.064927019708,1.695,0.97756452259));
#3474 = LINE('',#3475,#3476);
#3475 = CARTESIAN_POINT('',(-2.116815144925,1.695,0.97756452259));
#3476 = VECTOR('',#3477,1.);
#3477 = DIRECTION('',(1.,0.,0.));
#3478 = ORIENTED_EDGE('',*,*,#3479,.F.);
#3479 = EDGE_CURVE('',#3480,#3472,#3482,.T.);
#3480 = VERTEX_POINT('',#3481);
#3481 = CARTESIAN_POINT('',(-2.14833459217,1.695,0.936346783885));
#3482 = CIRCLE('',#3483,0.105);
#3483 = AXIS2_PLACEMENT_3D('',#3484,#3485,#3486);
#3484 = CARTESIAN_POINT('',(-2.064927019708,1.695,0.87256452259));
#3485 = DIRECTION('',(0.,1.,0.));
#3486 = DIRECTION('',(0.,-0.,1.));
#3487 = ORIENTED_EDGE('',*,*,#3488,.F.);
#3488 = EDGE_CURVE('',#3384,#3480,#3489,.T.);
#3489 = LINE('',#3490,#3491);
#3490 = CARTESIAN_POINT('',(-2.766815144925,1.695,0.12756452259));
#3491 = VECTOR('',#3492,1.);
#3492 = DIRECTION('',(0.607450107571,0.,0.794357832977));
#3493 = ORIENTED_EDGE('',*,*,#3391,.F.);
#3494 = ORIENTED_EDGE('',*,*,#3269,.F.);
#3495 = ORIENTED_EDGE('',*,*,#3406,.F.);
#3496 = PLANE('',#3497);
#3497 = AXIS2_PLACEMENT_3D('',#3498,#3499,#3500);
#3498 = CARTESIAN_POINT('',(-2.448022419547,1.695,0.434190850724));
#3499 = DIRECTION('',(-0.,-1.,-0.));
#3500 = DIRECTION('',(0.,0.,-1.));
#3501 = ADVANCED_FACE('',(#3502),#3513,.F.);
#3502 = FACE_BOUND('',#3503,.F.);
#3503 = EDGE_LOOP('',(#3504,#3505,#3506,#3507));
#3504 = ORIENTED_EDGE('',*,*,#3291,.F.);
#3505 = ORIENTED_EDGE('',*,*,#3414,.F.);
#3506 = ORIENTED_EDGE('',*,*,#3430,.T.);
#3507 = ORIENTED_EDGE('',*,*,#3508,.T.);
#3508 = EDGE_CURVE('',#3431,#3294,#3509,.T.);
#3509 = LINE('',#3510,#3511);
#3510 = CARTESIAN_POINT('',(-2.651888125218,1.695,0.));
#3511 = VECTOR('',#3512,1.);
#3512 = DIRECTION('',(0.,1.,0.));
#3513 = PLANE('',#3514);
#3514 = AXIS2_PLACEMENT_3D('',#3515,#3516,#3517);
#3515 = CARTESIAN_POINT('',(-3.,1.695,0.));
#3516 = DIRECTION('',(0.,0.,1.));
#3517 = DIRECTION('',(1.,0.,-0.));
#3518 = ADVANCED_FACE('',(#3519),#3530,.T.);
#3519 = FACE_BOUND('',#3520,.T.);
#3520 = EDGE_LOOP('',(#3521,#3522,#3523,#3529));
#3521 = ORIENTED_EDGE('',*,*,#3508,.T.);
#3522 = ORIENTED_EDGE('',*,*,#3366,.T.);
#3523 = ORIENTED_EDGE('',*,*,#3524,.F.);
#3524 = EDGE_CURVE('',#3439,#3359,#3525,.T.);
#3525 = LINE('',#3526,#3527);
#3526 = CARTESIAN_POINT('',(-2.568480552755,1.695,4.121773870507E-02));
#3527 = VECTOR('',#3528,1.);
#3528 = DIRECTION('',(0.,1.,0.));
#3529 = ORIENTED_EDGE('',*,*,#3438,.F.);
#3530 = CYLINDRICAL_SURFACE('',#3531,0.105);
#3531 = AXIS2_PLACEMENT_3D('',#3532,#3533,#3534);
#3532 = CARTESIAN_POINT('',(-2.651888125218,1.695,0.105));
#3533 = DIRECTION('',(0.,1.,0.));
#3534 = DIRECTION('',(0.,0.,-1.));
#3535 = ADVANCED_FACE('',(#3536),#3547,.T.);
#3536 = FACE_BOUND('',#3537,.T.);
#3537 = EDGE_LOOP('',(#3538,#3539,#3540,#3541));
#3538 = ORIENTED_EDGE('',*,*,#3447,.F.);
#3539 = ORIENTED_EDGE('',*,*,#3524,.T.);
#3540 = ORIENTED_EDGE('',*,*,#3358,.T.);
#3541 = ORIENTED_EDGE('',*,*,#3542,.F.);
#3542 = EDGE_CURVE('',#3448,#3351,#3543,.T.);
#3543 = LINE('',#3544,#3545);
#3544 = CARTESIAN_POINT('',(-2.01303889449,1.695,0.76756452259));
#3545 = VECTOR('',#3546,1.);
#3546 = DIRECTION('',(0.,1.,0.));
#3547 = PLANE('',#3548);
#3548 = AXIS2_PLACEMENT_3D('',#3549,#3550,#3551);
#3549 = CARTESIAN_POINT('',(-2.6,1.695,2.775557561563E-17));
#3550 = DIRECTION('',(0.794357832977,0.,-0.607450107571));
#3551 = DIRECTION('',(0.607450107571,0.,0.794357832977));
#3552 = ADVANCED_FACE('',(#3553),#3564,.F.);
#3553 = FACE_BOUND('',#3554,.F.);
#3554 = EDGE_LOOP('',(#3555,#3556,#3557,#3558));
#3555 = ORIENTED_EDGE('',*,*,#3350,.F.);
#3556 = ORIENTED_EDGE('',*,*,#3542,.F.);
#3557 = ORIENTED_EDGE('',*,*,#3455,.T.);
#3558 = ORIENTED_EDGE('',*,*,#3559,.T.);
#3559 = EDGE_CURVE('',#3456,#3343,#3560,.T.);
#3560 = LINE('',#3561,#3562);
#3561 = CARTESIAN_POINT('',(-1.95,1.695,0.76756452259));
#3562 = VECTOR('',#3563,1.);
#3563 = DIRECTION('',(0.,1.,0.));
#3564 = PLANE('',#3565);
#3565 = AXIS2_PLACEMENT_3D('',#3566,#3567,#3568);
#3566 = CARTESIAN_POINT('',(-2.116815144925,1.695,0.76756452259));
#3567 = DIRECTION('',(0.,0.,1.));
#3568 = DIRECTION('',(1.,0.,-0.));
#3569 = ADVANCED_FACE('',(#3570),#3581,.T.);
#3570 = FACE_BOUND('',#3571,.T.);
#3571 = EDGE_LOOP('',(#3572,#3573,#3574,#3575));
#3572 = ORIENTED_EDGE('',*,*,#3463,.F.);
#3573 = ORIENTED_EDGE('',*,*,#3559,.T.);
#3574 = ORIENTED_EDGE('',*,*,#3342,.T.);
#3575 = ORIENTED_EDGE('',*,*,#3576,.F.);
#3576 = EDGE_CURVE('',#3464,#3335,#3577,.T.);
#3577 = LINE('',#3578,#3579);
#3578 = CARTESIAN_POINT('',(-1.95,1.695,0.97756452259));
#3579 = VECTOR('',#3580,1.);
#3580 = DIRECTION('',(0.,1.,0.));
#3581 = PLANE('',#3582);
#3582 = AXIS2_PLACEMENT_3D('',#3583,#3584,#3585);
#3583 = CARTESIAN_POINT('',(-1.95,1.695,0.76756452259));
#3584 = DIRECTION('',(1.,0.,0.));
#3585 = DIRECTION('',(0.,0.,1.));
#3586 = ADVANCED_FACE('',(#3587),#3598,.F.);
#3587 = FACE_BOUND('',#3588,.F.);
#3588 = EDGE_LOOP('',(#3589,#3590,#3591,#3592));
#3589 = ORIENTED_EDGE('',*,*,#3488,.F.);
#3590 = ORIENTED_EDGE('',*,*,#3383,.T.);
#3591 = ORIENTED_EDGE('',*,*,#3317,.T.);
#3592 = ORIENTED_EDGE('',*,*,#3593,.F.);
#3593 = EDGE_CURVE('',#3480,#3318,#3594,.T.);
#3594 = LINE('',#3595,#3596);
#3595 = CARTESIAN_POINT('',(-2.14833459217,1.695,0.936346783885));
#3596 = VECTOR('',#3597,1.);
#3597 = DIRECTION('',(0.,1.,0.));
#3598 = PLANE('',#3599);
#3599 = AXIS2_PLACEMENT_3D('',#3600,#3601,#3602);
#3600 = CARTESIAN_POINT('',(-2.766815144925,1.695,0.12756452259));
#3601 = DIRECTION('',(0.794357832977,0.,-0.607450107571));
#3602 = DIRECTION('',(0.607450107571,0.,0.794357832977));
#3603 = ADVANCED_FACE('',(#3604),#3615,.T.);
#3604 = FACE_BOUND('',#3605,.T.);
#3605 = EDGE_LOOP('',(#3606,#3607,#3608,#3609));
#3606 = ORIENTED_EDGE('',*,*,#3471,.T.);
#3607 = ORIENTED_EDGE('',*,*,#3576,.T.);
#3608 = ORIENTED_EDGE('',*,*,#3334,.F.);
#3609 = ORIENTED_EDGE('',*,*,#3610,.F.);
#3610 = EDGE_CURVE('',#3472,#3326,#3611,.T.);
#3611 = LINE('',#3612,#3613);
#3612 = CARTESIAN_POINT('',(-2.064927019708,1.695,0.97756452259));
#3613 = VECTOR('',#3614,1.);
#3614 = DIRECTION('',(0.,1.,0.));
#3615 = PLANE('',#3616);
#3616 = AXIS2_PLACEMENT_3D('',#3617,#3618,#3619);
#3617 = CARTESIAN_POINT('',(-2.116815144925,1.695,0.97756452259));
#3618 = DIRECTION('',(0.,0.,1.));
#3619 = DIRECTION('',(1.,0.,-0.));
#3620 = ADVANCED_FACE('',(#3621),#3627,.T.);
#3621 = FACE_BOUND('',#3622,.T.);
#3622 = EDGE_LOOP('',(#3623,#3624,#3625,#3626));
#3623 = ORIENTED_EDGE('',*,*,#3479,.T.);
#3624 = ORIENTED_EDGE('',*,*,#3610,.T.);
#3625 = ORIENTED_EDGE('',*,*,#3325,.F.);
#3626 = ORIENTED_EDGE('',*,*,#3593,.F.);
#3627 = CYLINDRICAL_SURFACE('',#3628,0.105);
#3628 = AXIS2_PLACEMENT_3D('',#3629,#3630,#3631);
#3629 = CARTESIAN_POINT('',(-2.064927019708,1.695,0.87256452259));
#3630 = DIRECTION('',(0.,1.,0.));
#3631 = DIRECTION('',(-0.794357832977,0.,0.607450107571));
#3632 = MANIFOLD_SOLID_BREP('',#3633);
#3633 = CLOSED_SHELL('',(#3634,#3674,#3764,#3789,#3813,#3888,#3905,#3922
    ,#3939,#3956,#3973,#3990,#4007));
#3634 = ADVANCED_FACE('',(#3635),#3669,.T.);
#3635 = FACE_BOUND('',#3636,.T.);
#3636 = EDGE_LOOP('',(#3637,#3647,#3655,#3663));
#3637 = ORIENTED_EDGE('',*,*,#3638,.F.);
#3638 = EDGE_CURVE('',#3639,#3641,#3643,.T.);
#3639 = VERTEX_POINT('',#3640);
#3640 = CARTESIAN_POINT('',(2.755664375653,2.115,0.21));
#3641 = VERTEX_POINT('',#3642);
#3642 = CARTESIAN_POINT('',(3.,2.115,0.21));
#3643 = LINE('',#3644,#3645);
#3644 = CARTESIAN_POINT('',(2.6,2.115,0.21));
#3645 = VECTOR('',#3646,1.);
#3646 = DIRECTION('',(1.,0.,0.));
#3647 = ORIENTED_EDGE('',*,*,#3648,.F.);
#3648 = EDGE_CURVE('',#3649,#3639,#3651,.T.);
#3649 = VERTEX_POINT('',#3650);
#3650 = CARTESIAN_POINT('',(2.755664375653,1.695,0.21));
#3651 = LINE('',#3652,#3653);
#3652 = CARTESIAN_POINT('',(2.755664375653,1.695,0.21));
#3653 = VECTOR('',#3654,1.);
#3654 = DIRECTION('',(0.,1.,0.));
#3655 = ORIENTED_EDGE('',*,*,#3656,.T.);
#3656 = EDGE_CURVE('',#3649,#3657,#3659,.T.);
#3657 = VERTEX_POINT('',#3658);
#3658 = CARTESIAN_POINT('',(3.,1.695,0.21));
#3659 = LINE('',#3660,#3661);
#3660 = CARTESIAN_POINT('',(2.6,1.695,0.21));
#3661 = VECTOR('',#3662,1.);
#3662 = DIRECTION('',(1.,0.,0.));
#3663 = ORIENTED_EDGE('',*,*,#3664,.T.);
#3664 = EDGE_CURVE('',#3657,#3641,#3665,.T.);
#3665 = LINE('',#3666,#3667);
#3666 = CARTESIAN_POINT('',(3.,1.695,0.21));
#3667 = VECTOR('',#3668,1.);
#3668 = DIRECTION('',(0.,1.,0.));
#3669 = PLANE('',#3670);
#3670 = AXIS2_PLACEMENT_3D('',#3671,#3672,#3673);
#3671 = CARTESIAN_POINT('',(2.6,1.695,0.21));
#3672 = DIRECTION('',(0.,0.,1.));
#3673 = DIRECTION('',(1.,0.,-0.));
#3674 = ADVANCED_FACE('',(#3675),#3759,.T.);
#3675 = FACE_BOUND('',#3676,.T.);
#3676 = EDGE_LOOP('',(#3677,#3687,#3696,#3704,#3712,#3720,#3728,#3737,
    #3745,#3752,#3753));
#3677 = ORIENTED_EDGE('',*,*,#3678,.F.);
#3678 = EDGE_CURVE('',#3679,#3681,#3683,.T.);
#3679 = VERTEX_POINT('',#3680);
#3680 = CARTESIAN_POINT('',(2.651888125218,2.115,0.));
#3681 = VERTEX_POINT('',#3682);
#3682 = CARTESIAN_POINT('',(3.,2.115,0.));
#3683 = LINE('',#3684,#3685);
#3684 = CARTESIAN_POINT('',(2.6,2.115,0.));
#3685 = VECTOR('',#3686,1.);
#3686 = DIRECTION('',(1.,0.,0.));
#3687 = ORIENTED_EDGE('',*,*,#3688,.T.);
#3688 = EDGE_CURVE('',#3679,#3689,#3691,.T.);
#3689 = VERTEX_POINT('',#3690);
#3690 = CARTESIAN_POINT('',(2.568480552755,2.115,4.121773870507E-02));
#3691 = CIRCLE('',#3692,0.105);
#3692 = AXIS2_PLACEMENT_3D('',#3693,#3694,#3695);
#3693 = CARTESIAN_POINT('',(2.651888125218,2.115,0.105));
#3694 = DIRECTION('',(0.,1.,0.));
#3695 = DIRECTION('',(0.,-0.,1.));
#3696 = ORIENTED_EDGE('',*,*,#3697,.T.);
#3697 = EDGE_CURVE('',#3689,#3698,#3700,.T.);
#3698 = VERTEX_POINT('',#3699);
#3699 = CARTESIAN_POINT('',(2.01303889449,2.115,0.76756452259));
#3700 = LINE('',#3701,#3702);
#3701 = CARTESIAN_POINT('',(2.6,2.115,0.));
#3702 = VECTOR('',#3703,1.);
#3703 = DIRECTION('',(-0.607450107571,0.,0.794357832977));
#3704 = ORIENTED_EDGE('',*,*,#3705,.F.);
#3705 = EDGE_CURVE('',#3706,#3698,#3708,.T.);
#3706 = VERTEX_POINT('',#3707);
#3707 = CARTESIAN_POINT('',(1.95,2.115,0.76756452259));
#3708 = LINE('',#3709,#3710);
#3709 = CARTESIAN_POINT('',(1.95,2.115,0.76756452259));
#3710 = VECTOR('',#3711,1.);
#3711 = DIRECTION('',(1.,0.,0.));
#3712 = ORIENTED_EDGE('',*,*,#3713,.T.);
#3713 = EDGE_CURVE('',#3706,#3714,#3716,.T.);
#3714 = VERTEX_POINT('',#3715);
#3715 = CARTESIAN_POINT('',(1.95,2.115,0.97756452259));
#3716 = LINE('',#3717,#3718);
#3717 = CARTESIAN_POINT('',(1.95,2.115,0.76756452259));
#3718 = VECTOR('',#3719,1.);
#3719 = DIRECTION('',(0.,0.,1.));
#3720 = ORIENTED_EDGE('',*,*,#3721,.T.);
#3721 = EDGE_CURVE('',#3714,#3722,#3724,.T.);
#3722 = VERTEX_POINT('',#3723);
#3723 = CARTESIAN_POINT('',(2.064927019708,2.115,0.97756452259));
#3724 = LINE('',#3725,#3726);
#3725 = CARTESIAN_POINT('',(1.95,2.115,0.97756452259));
#3726 = VECTOR('',#3727,1.);
#3727 = DIRECTION('',(1.,0.,0.));
#3728 = ORIENTED_EDGE('',*,*,#3729,.F.);
#3729 = EDGE_CURVE('',#3730,#3722,#3732,.T.);
#3730 = VERTEX_POINT('',#3731);
#3731 = CARTESIAN_POINT('',(2.14833459217,2.115,0.936346783885));
#3732 = CIRCLE('',#3733,0.105);
#3733 = AXIS2_PLACEMENT_3D('',#3734,#3735,#3736);
#3734 = CARTESIAN_POINT('',(2.064927019708,2.115,0.87256452259));
#3735 = DIRECTION('',(0.,-1.,0.));
#3736 = DIRECTION('',(0.,0.,1.));
#3737 = ORIENTED_EDGE('',*,*,#3738,.F.);
#3738 = EDGE_CURVE('',#3739,#3730,#3741,.T.);
#3739 = VERTEX_POINT('',#3740);
#3740 = CARTESIAN_POINT('',(2.67225680319,2.115,0.251217738705));
#3741 = LINE('',#3742,#3743);
#3742 = CARTESIAN_POINT('',(2.766815144925,2.115,0.12756452259));
#3743 = VECTOR('',#3744,1.);
#3744 = DIRECTION('',(-0.607450107571,0.,0.794357832977));
#3745 = ORIENTED_EDGE('',*,*,#3746,.F.);
#3746 = EDGE_CURVE('',#3639,#3739,#3747,.T.);
#3747 = CIRCLE('',#3748,0.105);
#3748 = AXIS2_PLACEMENT_3D('',#3749,#3750,#3751);
#3749 = CARTESIAN_POINT('',(2.755664375653,2.115,0.315));
#3750 = DIRECTION('',(0.,1.,0.));
#3751 = DIRECTION('',(0.,-0.,1.));
#3752 = ORIENTED_EDGE('',*,*,#3638,.T.);
#3753 = ORIENTED_EDGE('',*,*,#3754,.F.);
#3754 = EDGE_CURVE('',#3681,#3641,#3755,.T.);
#3755 = LINE('',#3756,#3757);
#3756 = CARTESIAN_POINT('',(3.,2.115,0.));
#3757 = VECTOR('',#3758,1.);
#3758 = DIRECTION('',(0.,0.,1.));
#3759 = PLANE('',#3760);
#3760 = AXIS2_PLACEMENT_3D('',#3761,#3762,#3763);
#3761 = CARTESIAN_POINT('',(2.448022419547,2.115,0.434190850724));
#3762 = DIRECTION('',(1.642817626267E-30,1.,1.296298289281E-30));
#3763 = DIRECTION('',(1.,-1.642817626267E-30,0.));
#3764 = ADVANCED_FACE('',(#3765),#3784,.F.);
#3765 = FACE_BOUND('',#3766,.F.);
#3766 = EDGE_LOOP('',(#3767,#3776,#3782,#3783));
#3767 = ORIENTED_EDGE('',*,*,#3768,.T.);
#3768 = EDGE_CURVE('',#3649,#3769,#3771,.T.);
#3769 = VERTEX_POINT('',#3770);
#3770 = CARTESIAN_POINT('',(2.67225680319,1.695,0.251217738705));
#3771 = CIRCLE('',#3772,0.105);
#3772 = AXIS2_PLACEMENT_3D('',#3773,#3774,#3775);
#3773 = CARTESIAN_POINT('',(2.755664375653,1.695,0.315));
#3774 = DIRECTION('',(0.,1.,0.));
#3775 = DIRECTION('',(0.,-0.,1.));
#3776 = ORIENTED_EDGE('',*,*,#3777,.T.);
#3777 = EDGE_CURVE('',#3769,#3739,#3778,.T.);
#3778 = LINE('',#3779,#3780);
#3779 = CARTESIAN_POINT('',(2.67225680319,1.695,0.251217738705));
#3780 = VECTOR('',#3781,1.);
#3781 = DIRECTION('',(0.,1.,0.));
#3782 = ORIENTED_EDGE('',*,*,#3746,.F.);
#3783 = ORIENTED_EDGE('',*,*,#3648,.F.);
#3784 = CYLINDRICAL_SURFACE('',#3785,0.105);
#3785 = AXIS2_PLACEMENT_3D('',#3786,#3787,#3788);
#3786 = CARTESIAN_POINT('',(2.755664375653,1.695,0.315));
#3787 = DIRECTION('',(0.,1.,0.));
#3788 = DIRECTION('',(0.,0.,-1.));
#3789 = ADVANCED_FACE('',(#3790),#3808,.T.);
#3790 = FACE_BOUND('',#3791,.T.);
#3791 = EDGE_LOOP('',(#3792,#3800,#3806,#3807));
#3792 = ORIENTED_EDGE('',*,*,#3793,.F.);
#3793 = EDGE_CURVE('',#3794,#3657,#3796,.T.);
#3794 = VERTEX_POINT('',#3795);
#3795 = CARTESIAN_POINT('',(3.,1.695,0.));
#3796 = LINE('',#3797,#3798);
#3797 = CARTESIAN_POINT('',(3.,1.695,0.));
#3798 = VECTOR('',#3799,1.);
#3799 = DIRECTION('',(0.,0.,1.));
#3800 = ORIENTED_EDGE('',*,*,#3801,.T.);
#3801 = EDGE_CURVE('',#3794,#3681,#3802,.T.);
#3802 = LINE('',#3803,#3804);
#3803 = CARTESIAN_POINT('',(3.,1.695,0.));
#3804 = VECTOR('',#3805,1.);
#3805 = DIRECTION('',(0.,1.,0.));
#3806 = ORIENTED_EDGE('',*,*,#3754,.T.);
#3807 = ORIENTED_EDGE('',*,*,#3664,.F.);
#3808 = PLANE('',#3809);
#3809 = AXIS2_PLACEMENT_3D('',#3810,#3811,#3812);
#3810 = CARTESIAN_POINT('',(3.,1.695,0.));
#3811 = DIRECTION('',(1.,0.,0.));
#3812 = DIRECTION('',(0.,0.,1.));
#3813 = ADVANCED_FACE('',(#3814),#3883,.T.);
#3814 = FACE_BOUND('',#3815,.T.);
#3815 = EDGE_LOOP('',(#3816,#3824,#3825,#3826,#3827,#3835,#3844,#3852,
    #3860,#3868,#3876));
#3816 = ORIENTED_EDGE('',*,*,#3817,.T.);
#3817 = EDGE_CURVE('',#3818,#3794,#3820,.T.);
#3818 = VERTEX_POINT('',#3819);
#3819 = CARTESIAN_POINT('',(2.651888125218,1.695,0.));
#3820 = LINE('',#3821,#3822);
#3821 = CARTESIAN_POINT('',(2.6,1.695,0.));
#3822 = VECTOR('',#3823,1.);
#3823 = DIRECTION('',(1.,0.,0.));
#3824 = ORIENTED_EDGE('',*,*,#3793,.T.);
#3825 = ORIENTED_EDGE('',*,*,#3656,.F.);
#3826 = ORIENTED_EDGE('',*,*,#3768,.T.);
#3827 = ORIENTED_EDGE('',*,*,#3828,.T.);
#3828 = EDGE_CURVE('',#3769,#3829,#3831,.T.);
#3829 = VERTEX_POINT('',#3830);
#3830 = CARTESIAN_POINT('',(2.14833459217,1.695,0.936346783885));
#3831 = LINE('',#3832,#3833);
#3832 = CARTESIAN_POINT('',(2.766815144925,1.695,0.12756452259));
#3833 = VECTOR('',#3834,1.);
#3834 = DIRECTION('',(-0.607450107571,0.,0.794357832977));
#3835 = ORIENTED_EDGE('',*,*,#3836,.T.);
#3836 = EDGE_CURVE('',#3829,#3837,#3839,.T.);
#3837 = VERTEX_POINT('',#3838);
#3838 = CARTESIAN_POINT('',(2.064927019708,1.695,0.97756452259));
#3839 = CIRCLE('',#3840,0.105);
#3840 = AXIS2_PLACEMENT_3D('',#3841,#3842,#3843);
#3841 = CARTESIAN_POINT('',(2.064927019708,1.695,0.87256452259));
#3842 = DIRECTION('',(0.,-1.,0.));
#3843 = DIRECTION('',(0.,0.,1.));
#3844 = ORIENTED_EDGE('',*,*,#3845,.F.);
#3845 = EDGE_CURVE('',#3846,#3837,#3848,.T.);
#3846 = VERTEX_POINT('',#3847);
#3847 = CARTESIAN_POINT('',(1.95,1.695,0.97756452259));
#3848 = LINE('',#3849,#3850);
#3849 = CARTESIAN_POINT('',(1.95,1.695,0.97756452259));
#3850 = VECTOR('',#3851,1.);
#3851 = DIRECTION('',(1.,0.,0.));
#3852 = ORIENTED_EDGE('',*,*,#3853,.F.);
#3853 = EDGE_CURVE('',#3854,#3846,#3856,.T.);
#3854 = VERTEX_POINT('',#3855);
#3855 = CARTESIAN_POINT('',(1.95,1.695,0.76756452259));
#3856 = LINE('',#3857,#3858);
#3857 = CARTESIAN_POINT('',(1.95,1.695,0.76756452259));
#3858 = VECTOR('',#3859,1.);
#3859 = DIRECTION('',(0.,0.,1.));
#3860 = ORIENTED_EDGE('',*,*,#3861,.T.);
#3861 = EDGE_CURVE('',#3854,#3862,#3864,.T.);
#3862 = VERTEX_POINT('',#3863);
#3863 = CARTESIAN_POINT('',(2.01303889449,1.695,0.76756452259));
#3864 = LINE('',#3865,#3866);
#3865 = CARTESIAN_POINT('',(1.95,1.695,0.76756452259));
#3866 = VECTOR('',#3867,1.);
#3867 = DIRECTION('',(1.,0.,0.));
#3868 = ORIENTED_EDGE('',*,*,#3869,.F.);
#3869 = EDGE_CURVE('',#3870,#3862,#3872,.T.);
#3870 = VERTEX_POINT('',#3871);
#3871 = CARTESIAN_POINT('',(2.568480552755,1.695,4.121773870507E-02));
#3872 = LINE('',#3873,#3874);
#3873 = CARTESIAN_POINT('',(2.6,1.695,0.));
#3874 = VECTOR('',#3875,1.);
#3875 = DIRECTION('',(-0.607450107571,0.,0.794357832977));
#3876 = ORIENTED_EDGE('',*,*,#3877,.F.);
#3877 = EDGE_CURVE('',#3818,#3870,#3878,.T.);
#3878 = CIRCLE('',#3879,0.105);
#3879 = AXIS2_PLACEMENT_3D('',#3880,#3881,#3882);
#3880 = CARTESIAN_POINT('',(2.651888125218,1.695,0.105));
#3881 = DIRECTION('',(0.,1.,0.));
#3882 = DIRECTION('',(0.,-0.,1.));
#3883 = PLANE('',#3884);
#3884 = AXIS2_PLACEMENT_3D('',#3885,#3886,#3887);
#3885 = CARTESIAN_POINT('',(2.448022419547,1.695,0.434190850724));
#3886 = DIRECTION('',(-0.,-1.,-0.));
#3887 = DIRECTION('',(0.,0.,-1.));
#3888 = ADVANCED_FACE('',(#3889),#3900,.F.);
#3889 = FACE_BOUND('',#3890,.F.);
#3890 = EDGE_LOOP('',(#3891,#3892,#3893,#3894));
#3891 = ORIENTED_EDGE('',*,*,#3817,.T.);
#3892 = ORIENTED_EDGE('',*,*,#3801,.T.);
#3893 = ORIENTED_EDGE('',*,*,#3678,.F.);
#3894 = ORIENTED_EDGE('',*,*,#3895,.F.);
#3895 = EDGE_CURVE('',#3818,#3679,#3896,.T.);
#3896 = LINE('',#3897,#3898);
#3897 = CARTESIAN_POINT('',(2.651888125218,1.695,0.));
#3898 = VECTOR('',#3899,1.);
#3899 = DIRECTION('',(0.,1.,0.));
#3900 = PLANE('',#3901);
#3901 = AXIS2_PLACEMENT_3D('',#3902,#3903,#3904);
#3902 = CARTESIAN_POINT('',(2.6,1.695,0.));
#3903 = DIRECTION('',(0.,0.,1.));
#3904 = DIRECTION('',(1.,0.,-0.));
#3905 = ADVANCED_FACE('',(#3906),#3917,.T.);
#3906 = FACE_BOUND('',#3907,.T.);
#3907 = EDGE_LOOP('',(#3908,#3909,#3915,#3916));
#3908 = ORIENTED_EDGE('',*,*,#3877,.T.);
#3909 = ORIENTED_EDGE('',*,*,#3910,.T.);
#3910 = EDGE_CURVE('',#3870,#3689,#3911,.T.);
#3911 = LINE('',#3912,#3913);
#3912 = CARTESIAN_POINT('',(2.568480552755,1.695,4.121773870507E-02));
#3913 = VECTOR('',#3914,1.);
#3914 = DIRECTION('',(0.,1.,0.));
#3915 = ORIENTED_EDGE('',*,*,#3688,.F.);
#3916 = ORIENTED_EDGE('',*,*,#3895,.F.);
#3917 = CYLINDRICAL_SURFACE('',#3918,0.105);
#3918 = AXIS2_PLACEMENT_3D('',#3919,#3920,#3921);
#3919 = CARTESIAN_POINT('',(2.651888125218,1.695,0.105));
#3920 = DIRECTION('',(0.,1.,0.));
#3921 = DIRECTION('',(0.,0.,-1.));
#3922 = ADVANCED_FACE('',(#3923),#3934,.F.);
#3923 = FACE_BOUND('',#3924,.F.);
#3924 = EDGE_LOOP('',(#3925,#3926,#3927,#3928));
#3925 = ORIENTED_EDGE('',*,*,#3869,.F.);
#3926 = ORIENTED_EDGE('',*,*,#3910,.T.);
#3927 = ORIENTED_EDGE('',*,*,#3697,.T.);
#3928 = ORIENTED_EDGE('',*,*,#3929,.F.);
#3929 = EDGE_CURVE('',#3862,#3698,#3930,.T.);
#3930 = LINE('',#3931,#3932);
#3931 = CARTESIAN_POINT('',(2.01303889449,1.695,0.76756452259));
#3932 = VECTOR('',#3933,1.);
#3933 = DIRECTION('',(0.,1.,0.));
#3934 = PLANE('',#3935);
#3935 = AXIS2_PLACEMENT_3D('',#3936,#3937,#3938);
#3936 = CARTESIAN_POINT('',(2.6,1.695,0.));
#3937 = DIRECTION('',(0.794357832977,0.,0.607450107571));
#3938 = DIRECTION('',(-0.607450107571,0.,0.794357832977));
#3939 = ADVANCED_FACE('',(#3940),#3951,.F.);
#3940 = FACE_BOUND('',#3941,.F.);
#3941 = EDGE_LOOP('',(#3942,#3943,#3949,#3950));
#3942 = ORIENTED_EDGE('',*,*,#3705,.F.);
#3943 = ORIENTED_EDGE('',*,*,#3944,.F.);
#3944 = EDGE_CURVE('',#3854,#3706,#3945,.T.);
#3945 = LINE('',#3946,#3947);
#3946 = CARTESIAN_POINT('',(1.95,1.695,0.76756452259));
#3947 = VECTOR('',#3948,1.);
#3948 = DIRECTION('',(0.,1.,0.));
#3949 = ORIENTED_EDGE('',*,*,#3861,.T.);
#3950 = ORIENTED_EDGE('',*,*,#3929,.T.);
#3951 = PLANE('',#3952);
#3952 = AXIS2_PLACEMENT_3D('',#3953,#3954,#3955);
#3953 = CARTESIAN_POINT('',(1.95,1.695,0.76756452259));
#3954 = DIRECTION('',(0.,0.,1.));
#3955 = DIRECTION('',(1.,0.,-0.));
#3956 = ADVANCED_FACE('',(#3957),#3968,.F.);
#3957 = FACE_BOUND('',#3958,.T.);
#3958 = EDGE_LOOP('',(#3959,#3960,#3966,#3967));
#3959 = ORIENTED_EDGE('',*,*,#3853,.T.);
#3960 = ORIENTED_EDGE('',*,*,#3961,.T.);
#3961 = EDGE_CURVE('',#3846,#3714,#3962,.T.);
#3962 = LINE('',#3963,#3964);
#3963 = CARTESIAN_POINT('',(1.95,1.695,0.97756452259));
#3964 = VECTOR('',#3965,1.);
#3965 = DIRECTION('',(0.,1.,0.));
#3966 = ORIENTED_EDGE('',*,*,#3713,.F.);
#3967 = ORIENTED_EDGE('',*,*,#3944,.F.);
#3968 = PLANE('',#3969);
#3969 = AXIS2_PLACEMENT_3D('',#3970,#3971,#3972);
#3970 = CARTESIAN_POINT('',(1.95,1.695,0.76756452259));
#3971 = DIRECTION('',(1.,0.,0.));
#3972 = DIRECTION('',(0.,0.,1.));
#3973 = ADVANCED_FACE('',(#3974),#3985,.T.);
#3974 = FACE_BOUND('',#3975,.T.);
#3975 = EDGE_LOOP('',(#3976,#3977,#3978,#3979));
#3976 = ORIENTED_EDGE('',*,*,#3828,.F.);
#3977 = ORIENTED_EDGE('',*,*,#3777,.T.);
#3978 = ORIENTED_EDGE('',*,*,#3738,.T.);
#3979 = ORIENTED_EDGE('',*,*,#3980,.F.);
#3980 = EDGE_CURVE('',#3829,#3730,#3981,.T.);
#3981 = LINE('',#3982,#3983);
#3982 = CARTESIAN_POINT('',(2.14833459217,1.695,0.936346783885));
#3983 = VECTOR('',#3984,1.);
#3984 = DIRECTION('',(0.,1.,0.));
#3985 = PLANE('',#3986);
#3986 = AXIS2_PLACEMENT_3D('',#3987,#3988,#3989);
#3987 = CARTESIAN_POINT('',(2.766815144925,1.695,0.12756452259));
#3988 = DIRECTION('',(0.794357832977,0.,0.607450107571));
#3989 = DIRECTION('',(-0.607450107571,0.,0.794357832977));
#3990 = ADVANCED_FACE('',(#3991),#4002,.T.);
#3991 = FACE_BOUND('',#3992,.T.);
#3992 = EDGE_LOOP('',(#3993,#3994,#3995,#3996));
#3993 = ORIENTED_EDGE('',*,*,#3721,.F.);
#3994 = ORIENTED_EDGE('',*,*,#3961,.F.);
#3995 = ORIENTED_EDGE('',*,*,#3845,.T.);
#3996 = ORIENTED_EDGE('',*,*,#3997,.T.);
#3997 = EDGE_CURVE('',#3837,#3722,#3998,.T.);
#3998 = LINE('',#3999,#4000);
#3999 = CARTESIAN_POINT('',(2.064927019708,1.695,0.97756452259));
#4000 = VECTOR('',#4001,1.);
#4001 = DIRECTION('',(0.,1.,0.));
#4002 = PLANE('',#4003);
#4003 = AXIS2_PLACEMENT_3D('',#4004,#4005,#4006);
#4004 = CARTESIAN_POINT('',(1.95,1.695,0.97756452259));
#4005 = DIRECTION('',(0.,0.,1.));
#4006 = DIRECTION('',(1.,0.,-0.));
#4007 = ADVANCED_FACE('',(#4008),#4014,.T.);
#4008 = FACE_BOUND('',#4009,.T.);
#4009 = EDGE_LOOP('',(#4010,#4011,#4012,#4013));
#4010 = ORIENTED_EDGE('',*,*,#3980,.T.);
#4011 = ORIENTED_EDGE('',*,*,#3729,.T.);
#4012 = ORIENTED_EDGE('',*,*,#3997,.F.);
#4013 = ORIENTED_EDGE('',*,*,#3836,.F.);
#4014 = CYLINDRICAL_SURFACE('',#4015,0.105);
#4015 = AXIS2_PLACEMENT_3D('',#4016,#4017,#4018);
#4016 = CARTESIAN_POINT('',(2.064927019708,1.695,0.87256452259));
#4017 = DIRECTION('',(0.,1.,0.));
#4018 = DIRECTION('',(0.794357832977,-0.,0.607450107571));
#4019 = MANIFOLD_SOLID_BREP('',#4020);
#4020 = CLOSED_SHELL('',(#4021,#4061,#4151,#4176,#4200,#4275,#4292,#4309
    ,#4326,#4343,#4360,#4377,#4394));
#4021 = ADVANCED_FACE('',(#4022),#4056,.T.);
#4022 = FACE_BOUND('',#4023,.T.);
#4023 = EDGE_LOOP('',(#4024,#4034,#4042,#4050));
#4024 = ORIENTED_EDGE('',*,*,#4025,.F.);
#4025 = EDGE_CURVE('',#4026,#4028,#4030,.T.);
#4026 = VERTEX_POINT('',#4027);
#4027 = CARTESIAN_POINT('',(-3.,0.845,0.21));
#4028 = VERTEX_POINT('',#4029);
#4029 = CARTESIAN_POINT('',(-2.755664375653,0.845,0.21));
#4030 = LINE('',#4031,#4032);
#4031 = CARTESIAN_POINT('',(-3.,0.845,0.21));
#4032 = VECTOR('',#4033,1.);
#4033 = DIRECTION('',(1.,0.,0.));
#4034 = ORIENTED_EDGE('',*,*,#4035,.F.);
#4035 = EDGE_CURVE('',#4036,#4026,#4038,.T.);
#4036 = VERTEX_POINT('',#4037);
#4037 = CARTESIAN_POINT('',(-3.,0.425,0.21));
#4038 = LINE('',#4039,#4040);
#4039 = CARTESIAN_POINT('',(-3.,0.425,0.21));
#4040 = VECTOR('',#4041,1.);
#4041 = DIRECTION('',(0.,1.,0.));
#4042 = ORIENTED_EDGE('',*,*,#4043,.T.);
#4043 = EDGE_CURVE('',#4036,#4044,#4046,.T.);
#4044 = VERTEX_POINT('',#4045);
#4045 = CARTESIAN_POINT('',(-2.755664375653,0.425,0.21));
#4046 = LINE('',#4047,#4048);
#4047 = CARTESIAN_POINT('',(-3.,0.425,0.21));
#4048 = VECTOR('',#4049,1.);
#4049 = DIRECTION('',(1.,0.,0.));
#4050 = ORIENTED_EDGE('',*,*,#4051,.T.);
#4051 = EDGE_CURVE('',#4044,#4028,#4052,.T.);
#4052 = LINE('',#4053,#4054);
#4053 = CARTESIAN_POINT('',(-2.755664375653,0.425,0.21));
#4054 = VECTOR('',#4055,1.);
#4055 = DIRECTION('',(0.,1.,0.));
#4056 = PLANE('',#4057);
#4057 = AXIS2_PLACEMENT_3D('',#4058,#4059,#4060);
#4058 = CARTESIAN_POINT('',(-3.,0.425,0.21));
#4059 = DIRECTION('',(0.,0.,1.));
#4060 = DIRECTION('',(1.,0.,-0.));
#4061 = ADVANCED_FACE('',(#4062),#4146,.T.);
#4062 = FACE_BOUND('',#4063,.T.);
#4063 = EDGE_LOOP('',(#4064,#4074,#4080,#4081,#4090,#4098,#4107,#4115,
    #4123,#4131,#4139));
#4064 = ORIENTED_EDGE('',*,*,#4065,.F.);
#4065 = EDGE_CURVE('',#4066,#4068,#4070,.T.);
#4066 = VERTEX_POINT('',#4067);
#4067 = CARTESIAN_POINT('',(-3.,0.845,0.));
#4068 = VERTEX_POINT('',#4069);
#4069 = CARTESIAN_POINT('',(-2.651888125218,0.845,0.));
#4070 = LINE('',#4071,#4072);
#4071 = CARTESIAN_POINT('',(-3.,0.845,0.));
#4072 = VECTOR('',#4073,1.);
#4073 = DIRECTION('',(1.,0.,0.));
#4074 = ORIENTED_EDGE('',*,*,#4075,.T.);
#4075 = EDGE_CURVE('',#4066,#4026,#4076,.T.);
#4076 = LINE('',#4077,#4078);
#4077 = CARTESIAN_POINT('',(-3.,0.845,0.));
#4078 = VECTOR('',#4079,1.);
#4079 = DIRECTION('',(0.,0.,1.));
#4080 = ORIENTED_EDGE('',*,*,#4025,.T.);
#4081 = ORIENTED_EDGE('',*,*,#4082,.T.);
#4082 = EDGE_CURVE('',#4028,#4083,#4085,.T.);
#4083 = VERTEX_POINT('',#4084);
#4084 = CARTESIAN_POINT('',(-2.67225680319,0.845,0.251217738705));
#4085 = CIRCLE('',#4086,0.105);
#4086 = AXIS2_PLACEMENT_3D('',#4087,#4088,#4089);
#4087 = CARTESIAN_POINT('',(-2.755664375653,0.845,0.315));
#4088 = DIRECTION('',(0.,-1.,0.));
#4089 = DIRECTION('',(0.,0.,1.));
#4090 = ORIENTED_EDGE('',*,*,#4091,.T.);
#4091 = EDGE_CURVE('',#4083,#4092,#4094,.T.);
#4092 = VERTEX_POINT('',#4093);
#4093 = CARTESIAN_POINT('',(-2.14833459217,0.845,0.936346783885));
#4094 = LINE('',#4095,#4096);
#4095 = CARTESIAN_POINT('',(-2.766815144925,0.845,0.12756452259));
#4096 = VECTOR('',#4097,1.);
#4097 = DIRECTION('',(0.607450107571,0.,0.794357832977));
#4098 = ORIENTED_EDGE('',*,*,#4099,.T.);
#4099 = EDGE_CURVE('',#4092,#4100,#4102,.T.);
#4100 = VERTEX_POINT('',#4101);
#4101 = CARTESIAN_POINT('',(-2.064927019708,0.845,0.97756452259));
#4102 = CIRCLE('',#4103,0.105);
#4103 = AXIS2_PLACEMENT_3D('',#4104,#4105,#4106);
#4104 = CARTESIAN_POINT('',(-2.064927019708,0.845,0.87256452259));
#4105 = DIRECTION('',(0.,1.,0.));
#4106 = DIRECTION('',(0.,-0.,1.));
#4107 = ORIENTED_EDGE('',*,*,#4108,.T.);
#4108 = EDGE_CURVE('',#4100,#4109,#4111,.T.);
#4109 = VERTEX_POINT('',#4110);
#4110 = CARTESIAN_POINT('',(-1.95,0.845,0.97756452259));
#4111 = LINE('',#4112,#4113);
#4112 = CARTESIAN_POINT('',(-2.116815144925,0.845,0.97756452259));
#4113 = VECTOR('',#4114,1.);
#4114 = DIRECTION('',(1.,0.,0.));
#4115 = ORIENTED_EDGE('',*,*,#4116,.F.);
#4116 = EDGE_CURVE('',#4117,#4109,#4119,.T.);
#4117 = VERTEX_POINT('',#4118);
#4118 = CARTESIAN_POINT('',(-1.95,0.845,0.76756452259));
#4119 = LINE('',#4120,#4121);
#4120 = CARTESIAN_POINT('',(-1.95,0.845,0.76756452259));
#4121 = VECTOR('',#4122,1.);
#4122 = DIRECTION('',(0.,0.,1.));
#4123 = ORIENTED_EDGE('',*,*,#4124,.F.);
#4124 = EDGE_CURVE('',#4125,#4117,#4127,.T.);
#4125 = VERTEX_POINT('',#4126);
#4126 = CARTESIAN_POINT('',(-2.01303889449,0.845,0.76756452259));
#4127 = LINE('',#4128,#4129);
#4128 = CARTESIAN_POINT('',(-2.116815144925,0.845,0.76756452259));
#4129 = VECTOR('',#4130,1.);
#4130 = DIRECTION('',(1.,0.,0.));
#4131 = ORIENTED_EDGE('',*,*,#4132,.F.);
#4132 = EDGE_CURVE('',#4133,#4125,#4135,.T.);
#4133 = VERTEX_POINT('',#4134);
#4134 = CARTESIAN_POINT('',(-2.568480552755,0.845,4.121773870507E-02));
#4135 = LINE('',#4136,#4137);
#4136 = CARTESIAN_POINT('',(-2.6,0.845,2.775557561563E-17));
#4137 = VECTOR('',#4138,1.);
#4138 = DIRECTION('',(0.607450107571,0.,0.794357832977));
#4139 = ORIENTED_EDGE('',*,*,#4140,.F.);
#4140 = EDGE_CURVE('',#4068,#4133,#4141,.T.);
#4141 = CIRCLE('',#4142,0.105);
#4142 = AXIS2_PLACEMENT_3D('',#4143,#4144,#4145);
#4143 = CARTESIAN_POINT('',(-2.651888125218,0.845,0.105));
#4144 = DIRECTION('',(0.,-1.,0.));
#4145 = DIRECTION('',(0.,0.,1.));
#4146 = PLANE('',#4147);
#4147 = AXIS2_PLACEMENT_3D('',#4148,#4149,#4150);
#4148 = CARTESIAN_POINT('',(-2.448022419547,0.845,0.434190850724));
#4149 = DIRECTION('',(1.133465950494E-29,1.,-9.935374400933E-30));
#4150 = DIRECTION('',(1.,-1.133465950494E-29,0.));
#4151 = ADVANCED_FACE('',(#4152),#4171,.F.);
#4152 = FACE_BOUND('',#4153,.F.);
#4153 = EDGE_LOOP('',(#4154,#4155,#4156,#4164));
#4154 = ORIENTED_EDGE('',*,*,#4051,.T.);
#4155 = ORIENTED_EDGE('',*,*,#4082,.T.);
#4156 = ORIENTED_EDGE('',*,*,#4157,.F.);
#4157 = EDGE_CURVE('',#4158,#4083,#4160,.T.);
#4158 = VERTEX_POINT('',#4159);
#4159 = CARTESIAN_POINT('',(-2.67225680319,0.425,0.251217738705));
#4160 = LINE('',#4161,#4162);
#4161 = CARTESIAN_POINT('',(-2.67225680319,0.425,0.251217738705));
#4162 = VECTOR('',#4163,1.);
#4163 = DIRECTION('',(0.,1.,0.));
#4164 = ORIENTED_EDGE('',*,*,#4165,.F.);
#4165 = EDGE_CURVE('',#4044,#4158,#4166,.T.);
#4166 = CIRCLE('',#4167,0.105);
#4167 = AXIS2_PLACEMENT_3D('',#4168,#4169,#4170);
#4168 = CARTESIAN_POINT('',(-2.755664375653,0.425,0.315));
#4169 = DIRECTION('',(0.,-1.,0.));
#4170 = DIRECTION('',(0.,0.,1.));
#4171 = CYLINDRICAL_SURFACE('',#4172,0.105);
#4172 = AXIS2_PLACEMENT_3D('',#4173,#4174,#4175);
#4173 = CARTESIAN_POINT('',(-2.755664375653,0.425,0.315));
#4174 = DIRECTION('',(0.,1.,0.));
#4175 = DIRECTION('',(0.,0.,-1.));
#4176 = ADVANCED_FACE('',(#4177),#4195,.F.);
#4177 = FACE_BOUND('',#4178,.F.);
#4178 = EDGE_LOOP('',(#4179,#4187,#4193,#4194));
#4179 = ORIENTED_EDGE('',*,*,#4180,.F.);
#4180 = EDGE_CURVE('',#4181,#4036,#4183,.T.);
#4181 = VERTEX_POINT('',#4182);
#4182 = CARTESIAN_POINT('',(-3.,0.425,0.));
#4183 = LINE('',#4184,#4185);
#4184 = CARTESIAN_POINT('',(-3.,0.425,0.));
#4185 = VECTOR('',#4186,1.);
#4186 = DIRECTION('',(0.,0.,1.));
#4187 = ORIENTED_EDGE('',*,*,#4188,.T.);
#4188 = EDGE_CURVE('',#4181,#4066,#4189,.T.);
#4189 = LINE('',#4190,#4191);
#4190 = CARTESIAN_POINT('',(-3.,0.425,0.));
#4191 = VECTOR('',#4192,1.);
#4192 = DIRECTION('',(0.,1.,0.));
#4193 = ORIENTED_EDGE('',*,*,#4075,.T.);
#4194 = ORIENTED_EDGE('',*,*,#4035,.F.);
#4195 = PLANE('',#4196);
#4196 = AXIS2_PLACEMENT_3D('',#4197,#4198,#4199);
#4197 = CARTESIAN_POINT('',(-3.,0.425,0.));
#4198 = DIRECTION('',(1.,0.,0.));
#4199 = DIRECTION('',(0.,0.,1.));
#4200 = ADVANCED_FACE('',(#4201),#4270,.T.);
#4201 = FACE_BOUND('',#4202,.T.);
#4202 = EDGE_LOOP('',(#4203,#4211,#4220,#4228,#4236,#4244,#4252,#4261,
    #4267,#4268,#4269));
#4203 = ORIENTED_EDGE('',*,*,#4204,.T.);
#4204 = EDGE_CURVE('',#4181,#4205,#4207,.T.);
#4205 = VERTEX_POINT('',#4206);
#4206 = CARTESIAN_POINT('',(-2.651888125218,0.425,0.));
#4207 = LINE('',#4208,#4209);
#4208 = CARTESIAN_POINT('',(-3.,0.425,0.));
#4209 = VECTOR('',#4210,1.);
#4210 = DIRECTION('',(1.,0.,0.));
#4211 = ORIENTED_EDGE('',*,*,#4212,.T.);
#4212 = EDGE_CURVE('',#4205,#4213,#4215,.T.);
#4213 = VERTEX_POINT('',#4214);
#4214 = CARTESIAN_POINT('',(-2.568480552755,0.425,4.121773870507E-02));
#4215 = CIRCLE('',#4216,0.105);
#4216 = AXIS2_PLACEMENT_3D('',#4217,#4218,#4219);
#4217 = CARTESIAN_POINT('',(-2.651888125218,0.425,0.105));
#4218 = DIRECTION('',(0.,-1.,0.));
#4219 = DIRECTION('',(0.,0.,1.));
#4220 = ORIENTED_EDGE('',*,*,#4221,.T.);
#4221 = EDGE_CURVE('',#4213,#4222,#4224,.T.);
#4222 = VERTEX_POINT('',#4223);
#4223 = CARTESIAN_POINT('',(-2.01303889449,0.425,0.76756452259));
#4224 = LINE('',#4225,#4226);
#4225 = CARTESIAN_POINT('',(-2.6,0.425,2.775557561563E-17));
#4226 = VECTOR('',#4227,1.);
#4227 = DIRECTION('',(0.607450107571,0.,0.794357832977));
#4228 = ORIENTED_EDGE('',*,*,#4229,.T.);
#4229 = EDGE_CURVE('',#4222,#4230,#4232,.T.);
#4230 = VERTEX_POINT('',#4231);
#4231 = CARTESIAN_POINT('',(-1.95,0.425,0.76756452259));
#4232 = LINE('',#4233,#4234);
#4233 = CARTESIAN_POINT('',(-2.116815144925,0.425,0.76756452259));
#4234 = VECTOR('',#4235,1.);
#4235 = DIRECTION('',(1.,0.,0.));
#4236 = ORIENTED_EDGE('',*,*,#4237,.T.);
#4237 = EDGE_CURVE('',#4230,#4238,#4240,.T.);
#4238 = VERTEX_POINT('',#4239);
#4239 = CARTESIAN_POINT('',(-1.95,0.425,0.97756452259));
#4240 = LINE('',#4241,#4242);
#4241 = CARTESIAN_POINT('',(-1.95,0.425,0.76756452259));
#4242 = VECTOR('',#4243,1.);
#4243 = DIRECTION('',(0.,0.,1.));
#4244 = ORIENTED_EDGE('',*,*,#4245,.F.);
#4245 = EDGE_CURVE('',#4246,#4238,#4248,.T.);
#4246 = VERTEX_POINT('',#4247);
#4247 = CARTESIAN_POINT('',(-2.064927019708,0.425,0.97756452259));
#4248 = LINE('',#4249,#4250);
#4249 = CARTESIAN_POINT('',(-2.116815144925,0.425,0.97756452259));
#4250 = VECTOR('',#4251,1.);
#4251 = DIRECTION('',(1.,0.,0.));
#4252 = ORIENTED_EDGE('',*,*,#4253,.F.);
#4253 = EDGE_CURVE('',#4254,#4246,#4256,.T.);
#4254 = VERTEX_POINT('',#4255);
#4255 = CARTESIAN_POINT('',(-2.14833459217,0.425,0.936346783885));
#4256 = CIRCLE('',#4257,0.105);
#4257 = AXIS2_PLACEMENT_3D('',#4258,#4259,#4260);
#4258 = CARTESIAN_POINT('',(-2.064927019708,0.425,0.87256452259));
#4259 = DIRECTION('',(0.,1.,0.));
#4260 = DIRECTION('',(0.,-0.,1.));
#4261 = ORIENTED_EDGE('',*,*,#4262,.F.);
#4262 = EDGE_CURVE('',#4158,#4254,#4263,.T.);
#4263 = LINE('',#4264,#4265);
#4264 = CARTESIAN_POINT('',(-2.766815144925,0.425,0.12756452259));
#4265 = VECTOR('',#4266,1.);
#4266 = DIRECTION('',(0.607450107571,0.,0.794357832977));
#4267 = ORIENTED_EDGE('',*,*,#4165,.F.);
#4268 = ORIENTED_EDGE('',*,*,#4043,.F.);
#4269 = ORIENTED_EDGE('',*,*,#4180,.F.);
#4270 = PLANE('',#4271);
#4271 = AXIS2_PLACEMENT_3D('',#4272,#4273,#4274);
#4272 = CARTESIAN_POINT('',(-2.448022419547,0.425,0.434190850724));
#4273 = DIRECTION('',(-0.,-1.,-0.));
#4274 = DIRECTION('',(0.,0.,-1.));
#4275 = ADVANCED_FACE('',(#4276),#4287,.F.);
#4276 = FACE_BOUND('',#4277,.F.);
#4277 = EDGE_LOOP('',(#4278,#4279,#4280,#4281));
#4278 = ORIENTED_EDGE('',*,*,#4065,.F.);
#4279 = ORIENTED_EDGE('',*,*,#4188,.F.);
#4280 = ORIENTED_EDGE('',*,*,#4204,.T.);
#4281 = ORIENTED_EDGE('',*,*,#4282,.T.);
#4282 = EDGE_CURVE('',#4205,#4068,#4283,.T.);
#4283 = LINE('',#4284,#4285);
#4284 = CARTESIAN_POINT('',(-2.651888125218,0.425,0.));
#4285 = VECTOR('',#4286,1.);
#4286 = DIRECTION('',(0.,1.,0.));
#4287 = PLANE('',#4288);
#4288 = AXIS2_PLACEMENT_3D('',#4289,#4290,#4291);
#4289 = CARTESIAN_POINT('',(-3.,0.425,0.));
#4290 = DIRECTION('',(0.,0.,1.));
#4291 = DIRECTION('',(1.,0.,-0.));
#4292 = ADVANCED_FACE('',(#4293),#4304,.T.);
#4293 = FACE_BOUND('',#4294,.T.);
#4294 = EDGE_LOOP('',(#4295,#4296,#4297,#4303));
#4295 = ORIENTED_EDGE('',*,*,#4282,.T.);
#4296 = ORIENTED_EDGE('',*,*,#4140,.T.);
#4297 = ORIENTED_EDGE('',*,*,#4298,.F.);
#4298 = EDGE_CURVE('',#4213,#4133,#4299,.T.);
#4299 = LINE('',#4300,#4301);
#4300 = CARTESIAN_POINT('',(-2.568480552755,0.425,4.121773870507E-02));
#4301 = VECTOR('',#4302,1.);
#4302 = DIRECTION('',(0.,1.,0.));
#4303 = ORIENTED_EDGE('',*,*,#4212,.F.);
#4304 = CYLINDRICAL_SURFACE('',#4305,0.105);
#4305 = AXIS2_PLACEMENT_3D('',#4306,#4307,#4308);
#4306 = CARTESIAN_POINT('',(-2.651888125218,0.425,0.105));
#4307 = DIRECTION('',(0.,1.,0.));
#4308 = DIRECTION('',(0.,0.,-1.));
#4309 = ADVANCED_FACE('',(#4310),#4321,.T.);
#4310 = FACE_BOUND('',#4311,.T.);
#4311 = EDGE_LOOP('',(#4312,#4313,#4314,#4315));
#4312 = ORIENTED_EDGE('',*,*,#4221,.F.);
#4313 = ORIENTED_EDGE('',*,*,#4298,.T.);
#4314 = ORIENTED_EDGE('',*,*,#4132,.T.);
#4315 = ORIENTED_EDGE('',*,*,#4316,.F.);
#4316 = EDGE_CURVE('',#4222,#4125,#4317,.T.);
#4317 = LINE('',#4318,#4319);
#4318 = CARTESIAN_POINT('',(-2.01303889449,0.425,0.76756452259));
#4319 = VECTOR('',#4320,1.);
#4320 = DIRECTION('',(0.,1.,0.));
#4321 = PLANE('',#4322);
#4322 = AXIS2_PLACEMENT_3D('',#4323,#4324,#4325);
#4323 = CARTESIAN_POINT('',(-2.6,0.425,2.775557561563E-17));
#4324 = DIRECTION('',(0.794357832977,0.,-0.607450107571));
#4325 = DIRECTION('',(0.607450107571,0.,0.794357832977));
#4326 = ADVANCED_FACE('',(#4327),#4338,.F.);
#4327 = FACE_BOUND('',#4328,.F.);
#4328 = EDGE_LOOP('',(#4329,#4330,#4331,#4332));
#4329 = ORIENTED_EDGE('',*,*,#4124,.F.);
#4330 = ORIENTED_EDGE('',*,*,#4316,.F.);
#4331 = ORIENTED_EDGE('',*,*,#4229,.T.);
#4332 = ORIENTED_EDGE('',*,*,#4333,.T.);
#4333 = EDGE_CURVE('',#4230,#4117,#4334,.T.);
#4334 = LINE('',#4335,#4336);
#4335 = CARTESIAN_POINT('',(-1.95,0.425,0.76756452259));
#4336 = VECTOR('',#4337,1.);
#4337 = DIRECTION('',(0.,1.,0.));
#4338 = PLANE('',#4339);
#4339 = AXIS2_PLACEMENT_3D('',#4340,#4341,#4342);
#4340 = CARTESIAN_POINT('',(-2.116815144925,0.425,0.76756452259));
#4341 = DIRECTION('',(0.,0.,1.));
#4342 = DIRECTION('',(1.,0.,-0.));
#4343 = ADVANCED_FACE('',(#4344),#4355,.T.);
#4344 = FACE_BOUND('',#4345,.T.);
#4345 = EDGE_LOOP('',(#4346,#4347,#4348,#4349));
#4346 = ORIENTED_EDGE('',*,*,#4237,.F.);
#4347 = ORIENTED_EDGE('',*,*,#4333,.T.);
#4348 = ORIENTED_EDGE('',*,*,#4116,.T.);
#4349 = ORIENTED_EDGE('',*,*,#4350,.F.);
#4350 = EDGE_CURVE('',#4238,#4109,#4351,.T.);
#4351 = LINE('',#4352,#4353);
#4352 = CARTESIAN_POINT('',(-1.95,0.425,0.97756452259));
#4353 = VECTOR('',#4354,1.);
#4354 = DIRECTION('',(0.,1.,0.));
#4355 = PLANE('',#4356);
#4356 = AXIS2_PLACEMENT_3D('',#4357,#4358,#4359);
#4357 = CARTESIAN_POINT('',(-1.95,0.425,0.76756452259));
#4358 = DIRECTION('',(1.,0.,0.));
#4359 = DIRECTION('',(0.,0.,1.));
#4360 = ADVANCED_FACE('',(#4361),#4372,.F.);
#4361 = FACE_BOUND('',#4362,.F.);
#4362 = EDGE_LOOP('',(#4363,#4364,#4365,#4366));
#4363 = ORIENTED_EDGE('',*,*,#4262,.F.);
#4364 = ORIENTED_EDGE('',*,*,#4157,.T.);
#4365 = ORIENTED_EDGE('',*,*,#4091,.T.);
#4366 = ORIENTED_EDGE('',*,*,#4367,.F.);
#4367 = EDGE_CURVE('',#4254,#4092,#4368,.T.);
#4368 = LINE('',#4369,#4370);
#4369 = CARTESIAN_POINT('',(-2.14833459217,0.425,0.936346783885));
#4370 = VECTOR('',#4371,1.);
#4371 = DIRECTION('',(0.,1.,0.));
#4372 = PLANE('',#4373);
#4373 = AXIS2_PLACEMENT_3D('',#4374,#4375,#4376);
#4374 = CARTESIAN_POINT('',(-2.766815144925,0.425,0.12756452259));
#4375 = DIRECTION('',(0.794357832977,0.,-0.607450107571));
#4376 = DIRECTION('',(0.607450107571,0.,0.794357832977));
#4377 = ADVANCED_FACE('',(#4378),#4389,.T.);
#4378 = FACE_BOUND('',#4379,.T.);
#4379 = EDGE_LOOP('',(#4380,#4381,#4382,#4383));
#4380 = ORIENTED_EDGE('',*,*,#4245,.T.);
#4381 = ORIENTED_EDGE('',*,*,#4350,.T.);
#4382 = ORIENTED_EDGE('',*,*,#4108,.F.);
#4383 = ORIENTED_EDGE('',*,*,#4384,.F.);
#4384 = EDGE_CURVE('',#4246,#4100,#4385,.T.);
#4385 = LINE('',#4386,#4387);
#4386 = CARTESIAN_POINT('',(-2.064927019708,0.425,0.97756452259));
#4387 = VECTOR('',#4388,1.);
#4388 = DIRECTION('',(0.,1.,0.));
#4389 = PLANE('',#4390);
#4390 = AXIS2_PLACEMENT_3D('',#4391,#4392,#4393);
#4391 = CARTESIAN_POINT('',(-2.116815144925,0.425,0.97756452259));
#4392 = DIRECTION('',(0.,0.,1.));
#4393 = DIRECTION('',(1.,0.,-0.));
#4394 = ADVANCED_FACE('',(#4395),#4401,.T.);
#4395 = FACE_BOUND('',#4396,.T.);
#4396 = EDGE_LOOP('',(#4397,#4398,#4399,#4400));
#4397 = ORIENTED_EDGE('',*,*,#4253,.T.);
#4398 = ORIENTED_EDGE('',*,*,#4384,.T.);
#4399 = ORIENTED_EDGE('',*,*,#4099,.F.);
#4400 = ORIENTED_EDGE('',*,*,#4367,.F.);
#4401 = CYLINDRICAL_SURFACE('',#4402,0.105);
#4402 = AXIS2_PLACEMENT_3D('',#4403,#4404,#4405);
#4403 = CARTESIAN_POINT('',(-2.064927019708,0.425,0.87256452259));
#4404 = DIRECTION('',(0.,1.,0.));
#4405 = DIRECTION('',(-0.794357832977,0.,0.607450107571));
#4406 = MANIFOLD_SOLID_BREP('',#4407);
#4407 = CLOSED_SHELL('',(#4408,#4448,#4538,#4563,#4587,#4662,#4679,#4696
    ,#4713,#4730,#4747,#4764,#4781));
#4408 = ADVANCED_FACE('',(#4409),#4443,.T.);
#4409 = FACE_BOUND('',#4410,.T.);
#4410 = EDGE_LOOP('',(#4411,#4421,#4429,#4437));
#4411 = ORIENTED_EDGE('',*,*,#4412,.F.);
#4412 = EDGE_CURVE('',#4413,#4415,#4417,.T.);
#4413 = VERTEX_POINT('',#4414);
#4414 = CARTESIAN_POINT('',(2.755664375653,0.845,0.21));
#4415 = VERTEX_POINT('',#4416);
#4416 = CARTESIAN_POINT('',(3.,0.845,0.21));
#4417 = LINE('',#4418,#4419);
#4418 = CARTESIAN_POINT('',(2.6,0.845,0.21));
#4419 = VECTOR('',#4420,1.);
#4420 = DIRECTION('',(1.,0.,0.));
#4421 = ORIENTED_EDGE('',*,*,#4422,.F.);
#4422 = EDGE_CURVE('',#4423,#4413,#4425,.T.);
#4423 = VERTEX_POINT('',#4424);
#4424 = CARTESIAN_POINT('',(2.755664375653,0.425,0.21));
#4425 = LINE('',#4426,#4427);
#4426 = CARTESIAN_POINT('',(2.755664375653,0.425,0.21));
#4427 = VECTOR('',#4428,1.);
#4428 = DIRECTION('',(0.,1.,0.));
#4429 = ORIENTED_EDGE('',*,*,#4430,.T.);
#4430 = EDGE_CURVE('',#4423,#4431,#4433,.T.);
#4431 = VERTEX_POINT('',#4432);
#4432 = CARTESIAN_POINT('',(3.,0.425,0.21));
#4433 = LINE('',#4434,#4435);
#4434 = CARTESIAN_POINT('',(2.6,0.425,0.21));
#4435 = VECTOR('',#4436,1.);
#4436 = DIRECTION('',(1.,0.,0.));
#4437 = ORIENTED_EDGE('',*,*,#4438,.T.);
#4438 = EDGE_CURVE('',#4431,#4415,#4439,.T.);
#4439 = LINE('',#4440,#4441);
#4440 = CARTESIAN_POINT('',(3.,0.425,0.21));
#4441 = VECTOR('',#4442,1.);
#4442 = DIRECTION('',(0.,1.,0.));
#4443 = PLANE('',#4444);
#4444 = AXIS2_PLACEMENT_3D('',#4445,#4446,#4447);
#4445 = CARTESIAN_POINT('',(2.6,0.425,0.21));
#4446 = DIRECTION('',(0.,0.,1.));
#4447 = DIRECTION('',(1.,0.,-0.));
#4448 = ADVANCED_FACE('',(#4449),#4533,.T.);
#4449 = FACE_BOUND('',#4450,.T.);
#4450 = EDGE_LOOP('',(#4451,#4461,#4470,#4478,#4486,#4494,#4502,#4511,
    #4519,#4526,#4527));
#4451 = ORIENTED_EDGE('',*,*,#4452,.F.);
#4452 = EDGE_CURVE('',#4453,#4455,#4457,.T.);
#4453 = VERTEX_POINT('',#4454);
#4454 = CARTESIAN_POINT('',(2.651888125218,0.845,0.));
#4455 = VERTEX_POINT('',#4456);
#4456 = CARTESIAN_POINT('',(3.,0.845,0.));
#4457 = LINE('',#4458,#4459);
#4458 = CARTESIAN_POINT('',(2.6,0.845,0.));
#4459 = VECTOR('',#4460,1.);
#4460 = DIRECTION('',(1.,0.,0.));
#4461 = ORIENTED_EDGE('',*,*,#4462,.T.);
#4462 = EDGE_CURVE('',#4453,#4463,#4465,.T.);
#4463 = VERTEX_POINT('',#4464);
#4464 = CARTESIAN_POINT('',(2.568480552755,0.845,4.121773870507E-02));
#4465 = CIRCLE('',#4466,0.105);
#4466 = AXIS2_PLACEMENT_3D('',#4467,#4468,#4469);
#4467 = CARTESIAN_POINT('',(2.651888125218,0.845,0.105));
#4468 = DIRECTION('',(0.,1.,0.));
#4469 = DIRECTION('',(0.,-0.,1.));
#4470 = ORIENTED_EDGE('',*,*,#4471,.T.);
#4471 = EDGE_CURVE('',#4463,#4472,#4474,.T.);
#4472 = VERTEX_POINT('',#4473);
#4473 = CARTESIAN_POINT('',(2.01303889449,0.845,0.76756452259));
#4474 = LINE('',#4475,#4476);
#4475 = CARTESIAN_POINT('',(2.6,0.845,0.));
#4476 = VECTOR('',#4477,1.);
#4477 = DIRECTION('',(-0.607450107571,0.,0.794357832977));
#4478 = ORIENTED_EDGE('',*,*,#4479,.F.);
#4479 = EDGE_CURVE('',#4480,#4472,#4482,.T.);
#4480 = VERTEX_POINT('',#4481);
#4481 = CARTESIAN_POINT('',(1.95,0.845,0.76756452259));
#4482 = LINE('',#4483,#4484);
#4483 = CARTESIAN_POINT('',(1.95,0.845,0.76756452259));
#4484 = VECTOR('',#4485,1.);
#4485 = DIRECTION('',(1.,0.,0.));
#4486 = ORIENTED_EDGE('',*,*,#4487,.T.);
#4487 = EDGE_CURVE('',#4480,#4488,#4490,.T.);
#4488 = VERTEX_POINT('',#4489);
#4489 = CARTESIAN_POINT('',(1.95,0.845,0.97756452259));
#4490 = LINE('',#4491,#4492);
#4491 = CARTESIAN_POINT('',(1.95,0.845,0.76756452259));
#4492 = VECTOR('',#4493,1.);
#4493 = DIRECTION('',(0.,0.,1.));
#4494 = ORIENTED_EDGE('',*,*,#4495,.T.);
#4495 = EDGE_CURVE('',#4488,#4496,#4498,.T.);
#4496 = VERTEX_POINT('',#4497);
#4497 = CARTESIAN_POINT('',(2.064927019708,0.845,0.97756452259));
#4498 = LINE('',#4499,#4500);
#4499 = CARTESIAN_POINT('',(1.95,0.845,0.97756452259));
#4500 = VECTOR('',#4501,1.);
#4501 = DIRECTION('',(1.,0.,0.));
#4502 = ORIENTED_EDGE('',*,*,#4503,.F.);
#4503 = EDGE_CURVE('',#4504,#4496,#4506,.T.);
#4504 = VERTEX_POINT('',#4505);
#4505 = CARTESIAN_POINT('',(2.14833459217,0.845,0.936346783885));
#4506 = CIRCLE('',#4507,0.105);
#4507 = AXIS2_PLACEMENT_3D('',#4508,#4509,#4510);
#4508 = CARTESIAN_POINT('',(2.064927019708,0.845,0.87256452259));
#4509 = DIRECTION('',(0.,-1.,0.));
#4510 = DIRECTION('',(0.,0.,1.));
#4511 = ORIENTED_EDGE('',*,*,#4512,.F.);
#4512 = EDGE_CURVE('',#4513,#4504,#4515,.T.);
#4513 = VERTEX_POINT('',#4514);
#4514 = CARTESIAN_POINT('',(2.67225680319,0.845,0.251217738705));
#4515 = LINE('',#4516,#4517);
#4516 = CARTESIAN_POINT('',(2.766815144925,0.845,0.12756452259));
#4517 = VECTOR('',#4518,1.);
#4518 = DIRECTION('',(-0.607450107571,0.,0.794357832977));
#4519 = ORIENTED_EDGE('',*,*,#4520,.F.);
#4520 = EDGE_CURVE('',#4413,#4513,#4521,.T.);
#4521 = CIRCLE('',#4522,0.105);
#4522 = AXIS2_PLACEMENT_3D('',#4523,#4524,#4525);
#4523 = CARTESIAN_POINT('',(2.755664375653,0.845,0.315));
#4524 = DIRECTION('',(0.,1.,0.));
#4525 = DIRECTION('',(0.,-0.,1.));
#4526 = ORIENTED_EDGE('',*,*,#4412,.T.);
#4527 = ORIENTED_EDGE('',*,*,#4528,.F.);
#4528 = EDGE_CURVE('',#4455,#4415,#4529,.T.);
#4529 = LINE('',#4530,#4531);
#4530 = CARTESIAN_POINT('',(3.,0.845,0.));
#4531 = VECTOR('',#4532,1.);
#4532 = DIRECTION('',(0.,0.,1.));
#4533 = PLANE('',#4534);
#4534 = AXIS2_PLACEMENT_3D('',#4535,#4536,#4537);
#4535 = CARTESIAN_POINT('',(2.448022419547,0.845,0.434190850724));
#4536 = DIRECTION('',(1.642817626267E-30,1.,1.296298289281E-30));
#4537 = DIRECTION('',(1.,-1.642817626267E-30,0.));
#4538 = ADVANCED_FACE('',(#4539),#4558,.F.);
#4539 = FACE_BOUND('',#4540,.F.);
#4540 = EDGE_LOOP('',(#4541,#4550,#4556,#4557));
#4541 = ORIENTED_EDGE('',*,*,#4542,.T.);
#4542 = EDGE_CURVE('',#4423,#4543,#4545,.T.);
#4543 = VERTEX_POINT('',#4544);
#4544 = CARTESIAN_POINT('',(2.67225680319,0.425,0.251217738705));
#4545 = CIRCLE('',#4546,0.105);
#4546 = AXIS2_PLACEMENT_3D('',#4547,#4548,#4549);
#4547 = CARTESIAN_POINT('',(2.755664375653,0.425,0.315));
#4548 = DIRECTION('',(0.,1.,0.));
#4549 = DIRECTION('',(0.,-0.,1.));
#4550 = ORIENTED_EDGE('',*,*,#4551,.T.);
#4551 = EDGE_CURVE('',#4543,#4513,#4552,.T.);
#4552 = LINE('',#4553,#4554);
#4553 = CARTESIAN_POINT('',(2.67225680319,0.425,0.251217738705));
#4554 = VECTOR('',#4555,1.);
#4555 = DIRECTION('',(0.,1.,0.));
#4556 = ORIENTED_EDGE('',*,*,#4520,.F.);
#4557 = ORIENTED_EDGE('',*,*,#4422,.F.);
#4558 = CYLINDRICAL_SURFACE('',#4559,0.105);
#4559 = AXIS2_PLACEMENT_3D('',#4560,#4561,#4562);
#4560 = CARTESIAN_POINT('',(2.755664375653,0.425,0.315));
#4561 = DIRECTION('',(0.,1.,0.));
#4562 = DIRECTION('',(0.,0.,-1.));
#4563 = ADVANCED_FACE('',(#4564),#4582,.T.);
#4564 = FACE_BOUND('',#4565,.T.);
#4565 = EDGE_LOOP('',(#4566,#4574,#4580,#4581));
#4566 = ORIENTED_EDGE('',*,*,#4567,.F.);
#4567 = EDGE_CURVE('',#4568,#4431,#4570,.T.);
#4568 = VERTEX_POINT('',#4569);
#4569 = CARTESIAN_POINT('',(3.,0.425,0.));
#4570 = LINE('',#4571,#4572);
#4571 = CARTESIAN_POINT('',(3.,0.425,0.));
#4572 = VECTOR('',#4573,1.);
#4573 = DIRECTION('',(0.,0.,1.));
#4574 = ORIENTED_EDGE('',*,*,#4575,.T.);
#4575 = EDGE_CURVE('',#4568,#4455,#4576,.T.);
#4576 = LINE('',#4577,#4578);
#4577 = CARTESIAN_POINT('',(3.,0.425,0.));
#4578 = VECTOR('',#4579,1.);
#4579 = DIRECTION('',(0.,1.,0.));
#4580 = ORIENTED_EDGE('',*,*,#4528,.T.);
#4581 = ORIENTED_EDGE('',*,*,#4438,.F.);
#4582 = PLANE('',#4583);
#4583 = AXIS2_PLACEMENT_3D('',#4584,#4585,#4586);
#4584 = CARTESIAN_POINT('',(3.,0.425,0.));
#4585 = DIRECTION('',(1.,0.,0.));
#4586 = DIRECTION('',(0.,0.,1.));
#4587 = ADVANCED_FACE('',(#4588),#4657,.T.);
#4588 = FACE_BOUND('',#4589,.T.);
#4589 = EDGE_LOOP('',(#4590,#4598,#4599,#4600,#4601,#4609,#4618,#4626,
    #4634,#4642,#4650));
#4590 = ORIENTED_EDGE('',*,*,#4591,.T.);
#4591 = EDGE_CURVE('',#4592,#4568,#4594,.T.);
#4592 = VERTEX_POINT('',#4593);
#4593 = CARTESIAN_POINT('',(2.651888125218,0.425,0.));
#4594 = LINE('',#4595,#4596);
#4595 = CARTESIAN_POINT('',(2.6,0.425,0.));
#4596 = VECTOR('',#4597,1.);
#4597 = DIRECTION('',(1.,0.,0.));
#4598 = ORIENTED_EDGE('',*,*,#4567,.T.);
#4599 = ORIENTED_EDGE('',*,*,#4430,.F.);
#4600 = ORIENTED_EDGE('',*,*,#4542,.T.);
#4601 = ORIENTED_EDGE('',*,*,#4602,.T.);
#4602 = EDGE_CURVE('',#4543,#4603,#4605,.T.);
#4603 = VERTEX_POINT('',#4604);
#4604 = CARTESIAN_POINT('',(2.14833459217,0.425,0.936346783885));
#4605 = LINE('',#4606,#4607);
#4606 = CARTESIAN_POINT('',(2.766815144925,0.425,0.12756452259));
#4607 = VECTOR('',#4608,1.);
#4608 = DIRECTION('',(-0.607450107571,0.,0.794357832977));
#4609 = ORIENTED_EDGE('',*,*,#4610,.T.);
#4610 = EDGE_CURVE('',#4603,#4611,#4613,.T.);
#4611 = VERTEX_POINT('',#4612);
#4612 = CARTESIAN_POINT('',(2.064927019708,0.425,0.97756452259));
#4613 = CIRCLE('',#4614,0.105);
#4614 = AXIS2_PLACEMENT_3D('',#4615,#4616,#4617);
#4615 = CARTESIAN_POINT('',(2.064927019708,0.425,0.87256452259));
#4616 = DIRECTION('',(0.,-1.,0.));
#4617 = DIRECTION('',(0.,0.,1.));
#4618 = ORIENTED_EDGE('',*,*,#4619,.F.);
#4619 = EDGE_CURVE('',#4620,#4611,#4622,.T.);
#4620 = VERTEX_POINT('',#4621);
#4621 = CARTESIAN_POINT('',(1.95,0.425,0.97756452259));
#4622 = LINE('',#4623,#4624);
#4623 = CARTESIAN_POINT('',(1.95,0.425,0.97756452259));
#4624 = VECTOR('',#4625,1.);
#4625 = DIRECTION('',(1.,0.,0.));
#4626 = ORIENTED_EDGE('',*,*,#4627,.F.);
#4627 = EDGE_CURVE('',#4628,#4620,#4630,.T.);
#4628 = VERTEX_POINT('',#4629);
#4629 = CARTESIAN_POINT('',(1.95,0.425,0.76756452259));
#4630 = LINE('',#4631,#4632);
#4631 = CARTESIAN_POINT('',(1.95,0.425,0.76756452259));
#4632 = VECTOR('',#4633,1.);
#4633 = DIRECTION('',(0.,0.,1.));
#4634 = ORIENTED_EDGE('',*,*,#4635,.T.);
#4635 = EDGE_CURVE('',#4628,#4636,#4638,.T.);
#4636 = VERTEX_POINT('',#4637);
#4637 = CARTESIAN_POINT('',(2.01303889449,0.425,0.76756452259));
#4638 = LINE('',#4639,#4640);
#4639 = CARTESIAN_POINT('',(1.95,0.425,0.76756452259));
#4640 = VECTOR('',#4641,1.);
#4641 = DIRECTION('',(1.,0.,0.));
#4642 = ORIENTED_EDGE('',*,*,#4643,.F.);
#4643 = EDGE_CURVE('',#4644,#4636,#4646,.T.);
#4644 = VERTEX_POINT('',#4645);
#4645 = CARTESIAN_POINT('',(2.568480552755,0.425,4.121773870507E-02));
#4646 = LINE('',#4647,#4648);
#4647 = CARTESIAN_POINT('',(2.6,0.425,0.));
#4648 = VECTOR('',#4649,1.);
#4649 = DIRECTION('',(-0.607450107571,0.,0.794357832977));
#4650 = ORIENTED_EDGE('',*,*,#4651,.F.);
#4651 = EDGE_CURVE('',#4592,#4644,#4652,.T.);
#4652 = CIRCLE('',#4653,0.105);
#4653 = AXIS2_PLACEMENT_3D('',#4654,#4655,#4656);
#4654 = CARTESIAN_POINT('',(2.651888125218,0.425,0.105));
#4655 = DIRECTION('',(0.,1.,0.));
#4656 = DIRECTION('',(0.,-0.,1.));
#4657 = PLANE('',#4658);
#4658 = AXIS2_PLACEMENT_3D('',#4659,#4660,#4661);
#4659 = CARTESIAN_POINT('',(2.448022419547,0.425,0.434190850724));
#4660 = DIRECTION('',(-0.,-1.,-0.));
#4661 = DIRECTION('',(0.,0.,-1.));
#4662 = ADVANCED_FACE('',(#4663),#4674,.F.);
#4663 = FACE_BOUND('',#4664,.F.);
#4664 = EDGE_LOOP('',(#4665,#4666,#4667,#4668));
#4665 = ORIENTED_EDGE('',*,*,#4591,.T.);
#4666 = ORIENTED_EDGE('',*,*,#4575,.T.);
#4667 = ORIENTED_EDGE('',*,*,#4452,.F.);
#4668 = ORIENTED_EDGE('',*,*,#4669,.F.);
#4669 = EDGE_CURVE('',#4592,#4453,#4670,.T.);
#4670 = LINE('',#4671,#4672);
#4671 = CARTESIAN_POINT('',(2.651888125218,0.425,0.));
#4672 = VECTOR('',#4673,1.);
#4673 = DIRECTION('',(0.,1.,0.));
#4674 = PLANE('',#4675);
#4675 = AXIS2_PLACEMENT_3D('',#4676,#4677,#4678);
#4676 = CARTESIAN_POINT('',(2.6,0.425,0.));
#4677 = DIRECTION('',(0.,0.,1.));
#4678 = DIRECTION('',(1.,0.,-0.));
#4679 = ADVANCED_FACE('',(#4680),#4691,.T.);
#4680 = FACE_BOUND('',#4681,.T.);
#4681 = EDGE_LOOP('',(#4682,#4683,#4689,#4690));
#4682 = ORIENTED_EDGE('',*,*,#4651,.T.);
#4683 = ORIENTED_EDGE('',*,*,#4684,.T.);
#4684 = EDGE_CURVE('',#4644,#4463,#4685,.T.);
#4685 = LINE('',#4686,#4687);
#4686 = CARTESIAN_POINT('',(2.568480552755,0.425,4.121773870507E-02));
#4687 = VECTOR('',#4688,1.);
#4688 = DIRECTION('',(0.,1.,0.));
#4689 = ORIENTED_EDGE('',*,*,#4462,.F.);
#4690 = ORIENTED_EDGE('',*,*,#4669,.F.);
#4691 = CYLINDRICAL_SURFACE('',#4692,0.105);
#4692 = AXIS2_PLACEMENT_3D('',#4693,#4694,#4695);
#4693 = CARTESIAN_POINT('',(2.651888125218,0.425,0.105));
#4694 = DIRECTION('',(0.,1.,0.));
#4695 = DIRECTION('',(0.,0.,-1.));
#4696 = ADVANCED_FACE('',(#4697),#4708,.F.);
#4697 = FACE_BOUND('',#4698,.F.);
#4698 = EDGE_LOOP('',(#4699,#4700,#4701,#4702));
#4699 = ORIENTED_EDGE('',*,*,#4643,.F.);
#4700 = ORIENTED_EDGE('',*,*,#4684,.T.);
#4701 = ORIENTED_EDGE('',*,*,#4471,.T.);
#4702 = ORIENTED_EDGE('',*,*,#4703,.F.);
#4703 = EDGE_CURVE('',#4636,#4472,#4704,.T.);
#4704 = LINE('',#4705,#4706);
#4705 = CARTESIAN_POINT('',(2.01303889449,0.425,0.76756452259));
#4706 = VECTOR('',#4707,1.);
#4707 = DIRECTION('',(0.,1.,0.));
#4708 = PLANE('',#4709);
#4709 = AXIS2_PLACEMENT_3D('',#4710,#4711,#4712);
#4710 = CARTESIAN_POINT('',(2.6,0.425,0.));
#4711 = DIRECTION('',(0.794357832977,0.,0.607450107571));
#4712 = DIRECTION('',(-0.607450107571,0.,0.794357832977));
#4713 = ADVANCED_FACE('',(#4714),#4725,.F.);
#4714 = FACE_BOUND('',#4715,.F.);
#4715 = EDGE_LOOP('',(#4716,#4717,#4723,#4724));
#4716 = ORIENTED_EDGE('',*,*,#4479,.F.);
#4717 = ORIENTED_EDGE('',*,*,#4718,.F.);
#4718 = EDGE_CURVE('',#4628,#4480,#4719,.T.);
#4719 = LINE('',#4720,#4721);
#4720 = CARTESIAN_POINT('',(1.95,0.425,0.76756452259));
#4721 = VECTOR('',#4722,1.);
#4722 = DIRECTION('',(0.,1.,0.));
#4723 = ORIENTED_EDGE('',*,*,#4635,.T.);
#4724 = ORIENTED_EDGE('',*,*,#4703,.T.);
#4725 = PLANE('',#4726);
#4726 = AXIS2_PLACEMENT_3D('',#4727,#4728,#4729);
#4727 = CARTESIAN_POINT('',(1.95,0.425,0.76756452259));
#4728 = DIRECTION('',(0.,0.,1.));
#4729 = DIRECTION('',(1.,0.,-0.));
#4730 = ADVANCED_FACE('',(#4731),#4742,.F.);
#4731 = FACE_BOUND('',#4732,.T.);
#4732 = EDGE_LOOP('',(#4733,#4734,#4740,#4741));
#4733 = ORIENTED_EDGE('',*,*,#4627,.T.);
#4734 = ORIENTED_EDGE('',*,*,#4735,.T.);
#4735 = EDGE_CURVE('',#4620,#4488,#4736,.T.);
#4736 = LINE('',#4737,#4738);
#4737 = CARTESIAN_POINT('',(1.95,0.425,0.97756452259));
#4738 = VECTOR('',#4739,1.);
#4739 = DIRECTION('',(0.,1.,0.));
#4740 = ORIENTED_EDGE('',*,*,#4487,.F.);
#4741 = ORIENTED_EDGE('',*,*,#4718,.F.);
#4742 = PLANE('',#4743);
#4743 = AXIS2_PLACEMENT_3D('',#4744,#4745,#4746);
#4744 = CARTESIAN_POINT('',(1.95,0.425,0.76756452259));
#4745 = DIRECTION('',(1.,0.,0.));
#4746 = DIRECTION('',(0.,0.,1.));
#4747 = ADVANCED_FACE('',(#4748),#4759,.T.);
#4748 = FACE_BOUND('',#4749,.T.);
#4749 = EDGE_LOOP('',(#4750,#4751,#4752,#4753));
#4750 = ORIENTED_EDGE('',*,*,#4602,.F.);
#4751 = ORIENTED_EDGE('',*,*,#4551,.T.);
#4752 = ORIENTED_EDGE('',*,*,#4512,.T.);
#4753 = ORIENTED_EDGE('',*,*,#4754,.F.);
#4754 = EDGE_CURVE('',#4603,#4504,#4755,.T.);
#4755 = LINE('',#4756,#4757);
#4756 = CARTESIAN_POINT('',(2.14833459217,0.425,0.936346783885));
#4757 = VECTOR('',#4758,1.);
#4758 = DIRECTION('',(0.,1.,0.));
#4759 = PLANE('',#4760);
#4760 = AXIS2_PLACEMENT_3D('',#4761,#4762,#4763);
#4761 = CARTESIAN_POINT('',(2.766815144925,0.425,0.12756452259));
#4762 = DIRECTION('',(0.794357832977,0.,0.607450107571));
#4763 = DIRECTION('',(-0.607450107571,0.,0.794357832977));
#4764 = ADVANCED_FACE('',(#4765),#4776,.T.);
#4765 = FACE_BOUND('',#4766,.T.);
#4766 = EDGE_LOOP('',(#4767,#4768,#4769,#4770));
#4767 = ORIENTED_EDGE('',*,*,#4495,.F.);
#4768 = ORIENTED_EDGE('',*,*,#4735,.F.);
#4769 = ORIENTED_EDGE('',*,*,#4619,.T.);
#4770 = ORIENTED_EDGE('',*,*,#4771,.T.);
#4771 = EDGE_CURVE('',#4611,#4496,#4772,.T.);
#4772 = LINE('',#4773,#4774);
#4773 = CARTESIAN_POINT('',(2.064927019708,0.425,0.97756452259));
#4774 = VECTOR('',#4775,1.);
#4775 = DIRECTION('',(0.,1.,0.));
#4776 = PLANE('',#4777);
#4777 = AXIS2_PLACEMENT_3D('',#4778,#4779,#4780);
#4778 = CARTESIAN_POINT('',(1.95,0.425,0.97756452259));
#4779 = DIRECTION('',(0.,0.,1.));
#4780 = DIRECTION('',(1.,0.,-0.));
#4781 = ADVANCED_FACE('',(#4782),#4788,.T.);
#4782 = FACE_BOUND('',#4783,.T.);
#4783 = EDGE_LOOP('',(#4784,#4785,#4786,#4787));
#4784 = ORIENTED_EDGE('',*,*,#4754,.T.);
#4785 = ORIENTED_EDGE('',*,*,#4503,.T.);
#4786 = ORIENTED_EDGE('',*,*,#4771,.F.);
#4787 = ORIENTED_EDGE('',*,*,#4610,.F.);
#4788 = CYLINDRICAL_SURFACE('',#4789,0.105);
#4789 = AXIS2_PLACEMENT_3D('',#4790,#4791,#4792);
#4790 = CARTESIAN_POINT('',(2.064927019708,0.425,0.87256452259));
#4791 = DIRECTION('',(0.,1.,0.));
#4792 = DIRECTION('',(0.794357832977,-0.,0.607450107571));
#4793 = MANIFOLD_SOLID_BREP('',#4794);
#4794 = CLOSED_SHELL('',(#4795,#4835,#4925,#4950,#4974,#5049,#5066,#5083
    ,#5100,#5117,#5134,#5151,#5168));
#4795 = ADVANCED_FACE('',(#4796),#4830,.T.);
#4796 = FACE_BOUND('',#4797,.T.);
#4797 = EDGE_LOOP('',(#4798,#4808,#4816,#4824));
#4798 = ORIENTED_EDGE('',*,*,#4799,.F.);
#4799 = EDGE_CURVE('',#4800,#4802,#4804,.T.);
#4800 = VERTEX_POINT('',#4801);
#4801 = CARTESIAN_POINT('',(-3.,-0.425,0.21));
#4802 = VERTEX_POINT('',#4803);
#4803 = CARTESIAN_POINT('',(-2.755664375653,-0.425,0.21));
#4804 = LINE('',#4805,#4806);
#4805 = CARTESIAN_POINT('',(-3.,-0.425,0.21));
#4806 = VECTOR('',#4807,1.);
#4807 = DIRECTION('',(1.,0.,0.));
#4808 = ORIENTED_EDGE('',*,*,#4809,.F.);
#4809 = EDGE_CURVE('',#4810,#4800,#4812,.T.);
#4810 = VERTEX_POINT('',#4811);
#4811 = CARTESIAN_POINT('',(-3.,-0.845,0.21));
#4812 = LINE('',#4813,#4814);
#4813 = CARTESIAN_POINT('',(-3.,-0.845,0.21));
#4814 = VECTOR('',#4815,1.);
#4815 = DIRECTION('',(0.,1.,0.));
#4816 = ORIENTED_EDGE('',*,*,#4817,.T.);
#4817 = EDGE_CURVE('',#4810,#4818,#4820,.T.);
#4818 = VERTEX_POINT('',#4819);
#4819 = CARTESIAN_POINT('',(-2.755664375653,-0.845,0.21));
#4820 = LINE('',#4821,#4822);
#4821 = CARTESIAN_POINT('',(-3.,-0.845,0.21));
#4822 = VECTOR('',#4823,1.);
#4823 = DIRECTION('',(1.,0.,0.));
#4824 = ORIENTED_EDGE('',*,*,#4825,.T.);
#4825 = EDGE_CURVE('',#4818,#4802,#4826,.T.);
#4826 = LINE('',#4827,#4828);
#4827 = CARTESIAN_POINT('',(-2.755664375653,-0.845,0.21));
#4828 = VECTOR('',#4829,1.);
#4829 = DIRECTION('',(0.,1.,0.));
#4830 = PLANE('',#4831);
#4831 = AXIS2_PLACEMENT_3D('',#4832,#4833,#4834);
#4832 = CARTESIAN_POINT('',(-3.,-0.845,0.21));
#4833 = DIRECTION('',(0.,0.,1.));
#4834 = DIRECTION('',(1.,0.,-0.));
#4835 = ADVANCED_FACE('',(#4836),#4920,.T.);
#4836 = FACE_BOUND('',#4837,.T.);
#4837 = EDGE_LOOP('',(#4838,#4848,#4854,#4855,#4864,#4872,#4881,#4889,
    #4897,#4905,#4913));
#4838 = ORIENTED_EDGE('',*,*,#4839,.F.);
#4839 = EDGE_CURVE('',#4840,#4842,#4844,.T.);
#4840 = VERTEX_POINT('',#4841);
#4841 = CARTESIAN_POINT('',(-3.,-0.425,0.));
#4842 = VERTEX_POINT('',#4843);
#4843 = CARTESIAN_POINT('',(-2.651888125218,-0.425,0.));
#4844 = LINE('',#4845,#4846);
#4845 = CARTESIAN_POINT('',(-3.,-0.425,0.));
#4846 = VECTOR('',#4847,1.);
#4847 = DIRECTION('',(1.,0.,0.));
#4848 = ORIENTED_EDGE('',*,*,#4849,.T.);
#4849 = EDGE_CURVE('',#4840,#4800,#4850,.T.);
#4850 = LINE('',#4851,#4852);
#4851 = CARTESIAN_POINT('',(-3.,-0.425,0.));
#4852 = VECTOR('',#4853,1.);
#4853 = DIRECTION('',(0.,0.,1.));
#4854 = ORIENTED_EDGE('',*,*,#4799,.T.);
#4855 = ORIENTED_EDGE('',*,*,#4856,.T.);
#4856 = EDGE_CURVE('',#4802,#4857,#4859,.T.);
#4857 = VERTEX_POINT('',#4858);
#4858 = CARTESIAN_POINT('',(-2.67225680319,-0.425,0.251217738705));
#4859 = CIRCLE('',#4860,0.105);
#4860 = AXIS2_PLACEMENT_3D('',#4861,#4862,#4863);
#4861 = CARTESIAN_POINT('',(-2.755664375653,-0.425,0.315));
#4862 = DIRECTION('',(0.,-1.,0.));
#4863 = DIRECTION('',(0.,0.,1.));
#4864 = ORIENTED_EDGE('',*,*,#4865,.T.);
#4865 = EDGE_CURVE('',#4857,#4866,#4868,.T.);
#4866 = VERTEX_POINT('',#4867);
#4867 = CARTESIAN_POINT('',(-2.14833459217,-0.425,0.936346783885));
#4868 = LINE('',#4869,#4870);
#4869 = CARTESIAN_POINT('',(-2.766815144925,-0.425,0.12756452259));
#4870 = VECTOR('',#4871,1.);
#4871 = DIRECTION('',(0.607450107571,0.,0.794357832977));
#4872 = ORIENTED_EDGE('',*,*,#4873,.T.);
#4873 = EDGE_CURVE('',#4866,#4874,#4876,.T.);
#4874 = VERTEX_POINT('',#4875);
#4875 = CARTESIAN_POINT('',(-2.064927019708,-0.425,0.97756452259));
#4876 = CIRCLE('',#4877,0.105);
#4877 = AXIS2_PLACEMENT_3D('',#4878,#4879,#4880);
#4878 = CARTESIAN_POINT('',(-2.064927019708,-0.425,0.87256452259));
#4879 = DIRECTION('',(0.,1.,0.));
#4880 = DIRECTION('',(0.,-0.,1.));
#4881 = ORIENTED_EDGE('',*,*,#4882,.T.);
#4882 = EDGE_CURVE('',#4874,#4883,#4885,.T.);
#4883 = VERTEX_POINT('',#4884);
#4884 = CARTESIAN_POINT('',(-1.95,-0.425,0.97756452259));
#4885 = LINE('',#4886,#4887);
#4886 = CARTESIAN_POINT('',(-2.116815144925,-0.425,0.97756452259));
#4887 = VECTOR('',#4888,1.);
#4888 = DIRECTION('',(1.,0.,0.));
#4889 = ORIENTED_EDGE('',*,*,#4890,.F.);
#4890 = EDGE_CURVE('',#4891,#4883,#4893,.T.);
#4891 = VERTEX_POINT('',#4892);
#4892 = CARTESIAN_POINT('',(-1.95,-0.425,0.76756452259));
#4893 = LINE('',#4894,#4895);
#4894 = CARTESIAN_POINT('',(-1.95,-0.425,0.76756452259));
#4895 = VECTOR('',#4896,1.);
#4896 = DIRECTION('',(0.,0.,1.));
#4897 = ORIENTED_EDGE('',*,*,#4898,.F.);
#4898 = EDGE_CURVE('',#4899,#4891,#4901,.T.);
#4899 = VERTEX_POINT('',#4900);
#4900 = CARTESIAN_POINT('',(-2.01303889449,-0.425,0.76756452259));
#4901 = LINE('',#4902,#4903);
#4902 = CARTESIAN_POINT('',(-2.116815144925,-0.425,0.76756452259));
#4903 = VECTOR('',#4904,1.);
#4904 = DIRECTION('',(1.,0.,0.));
#4905 = ORIENTED_EDGE('',*,*,#4906,.F.);
#4906 = EDGE_CURVE('',#4907,#4899,#4909,.T.);
#4907 = VERTEX_POINT('',#4908);
#4908 = CARTESIAN_POINT('',(-2.568480552755,-0.425,4.121773870507E-02));
#4909 = LINE('',#4910,#4911);
#4910 = CARTESIAN_POINT('',(-2.6,-0.425,2.775557561563E-17));
#4911 = VECTOR('',#4912,1.);
#4912 = DIRECTION('',(0.607450107571,0.,0.794357832977));
#4913 = ORIENTED_EDGE('',*,*,#4914,.F.);
#4914 = EDGE_CURVE('',#4842,#4907,#4915,.T.);
#4915 = CIRCLE('',#4916,0.105);
#4916 = AXIS2_PLACEMENT_3D('',#4917,#4918,#4919);
#4917 = CARTESIAN_POINT('',(-2.651888125218,-0.425,0.105));
#4918 = DIRECTION('',(0.,-1.,0.));
#4919 = DIRECTION('',(0.,0.,1.));
#4920 = PLANE('',#4921);
#4921 = AXIS2_PLACEMENT_3D('',#4922,#4923,#4924);
#4922 = CARTESIAN_POINT('',(-2.448022419547,-0.425,0.434190850724));
#4923 = DIRECTION('',(1.133465950494E-29,1.,-9.935374400933E-30));
#4924 = DIRECTION('',(1.,-1.133465950494E-29,0.));
#4925 = ADVANCED_FACE('',(#4926),#4945,.F.);
#4926 = FACE_BOUND('',#4927,.F.);
#4927 = EDGE_LOOP('',(#4928,#4929,#4930,#4938));
#4928 = ORIENTED_EDGE('',*,*,#4825,.T.);
#4929 = ORIENTED_EDGE('',*,*,#4856,.T.);
#4930 = ORIENTED_EDGE('',*,*,#4931,.F.);
#4931 = EDGE_CURVE('',#4932,#4857,#4934,.T.);
#4932 = VERTEX_POINT('',#4933);
#4933 = CARTESIAN_POINT('',(-2.67225680319,-0.845,0.251217738705));
#4934 = LINE('',#4935,#4936);
#4935 = CARTESIAN_POINT('',(-2.67225680319,-0.845,0.251217738705));
#4936 = VECTOR('',#4937,1.);
#4937 = DIRECTION('',(0.,1.,0.));
#4938 = ORIENTED_EDGE('',*,*,#4939,.F.);
#4939 = EDGE_CURVE('',#4818,#4932,#4940,.T.);
#4940 = CIRCLE('',#4941,0.105);
#4941 = AXIS2_PLACEMENT_3D('',#4942,#4943,#4944);
#4942 = CARTESIAN_POINT('',(-2.755664375653,-0.845,0.315));
#4943 = DIRECTION('',(0.,-1.,0.));
#4944 = DIRECTION('',(0.,0.,1.));
#4945 = CYLINDRICAL_SURFACE('',#4946,0.105);
#4946 = AXIS2_PLACEMENT_3D('',#4947,#4948,#4949);
#4947 = CARTESIAN_POINT('',(-2.755664375653,-0.845,0.315));
#4948 = DIRECTION('',(0.,1.,0.));
#4949 = DIRECTION('',(0.,0.,-1.));
#4950 = ADVANCED_FACE('',(#4951),#4969,.F.);
#4951 = FACE_BOUND('',#4952,.F.);
#4952 = EDGE_LOOP('',(#4953,#4961,#4967,#4968));
#4953 = ORIENTED_EDGE('',*,*,#4954,.F.);
#4954 = EDGE_CURVE('',#4955,#4810,#4957,.T.);
#4955 = VERTEX_POINT('',#4956);
#4956 = CARTESIAN_POINT('',(-3.,-0.845,0.));
#4957 = LINE('',#4958,#4959);
#4958 = CARTESIAN_POINT('',(-3.,-0.845,0.));
#4959 = VECTOR('',#4960,1.);
#4960 = DIRECTION('',(0.,0.,1.));
#4961 = ORIENTED_EDGE('',*,*,#4962,.T.);
#4962 = EDGE_CURVE('',#4955,#4840,#4963,.T.);
#4963 = LINE('',#4964,#4965);
#4964 = CARTESIAN_POINT('',(-3.,-0.845,0.));
#4965 = VECTOR('',#4966,1.);
#4966 = DIRECTION('',(0.,1.,0.));
#4967 = ORIENTED_EDGE('',*,*,#4849,.T.);
#4968 = ORIENTED_EDGE('',*,*,#4809,.F.);
#4969 = PLANE('',#4970);
#4970 = AXIS2_PLACEMENT_3D('',#4971,#4972,#4973);
#4971 = CARTESIAN_POINT('',(-3.,-0.845,0.));
#4972 = DIRECTION('',(1.,0.,0.));
#4973 = DIRECTION('',(0.,0.,1.));
#4974 = ADVANCED_FACE('',(#4975),#5044,.T.);
#4975 = FACE_BOUND('',#4976,.T.);
#4976 = EDGE_LOOP('',(#4977,#4985,#4994,#5002,#5010,#5018,#5026,#5035,
    #5041,#5042,#5043));
#4977 = ORIENTED_EDGE('',*,*,#4978,.T.);
#4978 = EDGE_CURVE('',#4955,#4979,#4981,.T.);
#4979 = VERTEX_POINT('',#4980);
#4980 = CARTESIAN_POINT('',(-2.651888125218,-0.845,0.));
#4981 = LINE('',#4982,#4983);
#4982 = CARTESIAN_POINT('',(-3.,-0.845,0.));
#4983 = VECTOR('',#4984,1.);
#4984 = DIRECTION('',(1.,0.,0.));
#4985 = ORIENTED_EDGE('',*,*,#4986,.T.);
#4986 = EDGE_CURVE('',#4979,#4987,#4989,.T.);
#4987 = VERTEX_POINT('',#4988);
#4988 = CARTESIAN_POINT('',(-2.568480552755,-0.845,4.121773870507E-02));
#4989 = CIRCLE('',#4990,0.105);
#4990 = AXIS2_PLACEMENT_3D('',#4991,#4992,#4993);
#4991 = CARTESIAN_POINT('',(-2.651888125218,-0.845,0.105));
#4992 = DIRECTION('',(0.,-1.,0.));
#4993 = DIRECTION('',(0.,0.,1.));
#4994 = ORIENTED_EDGE('',*,*,#4995,.T.);
#4995 = EDGE_CURVE('',#4987,#4996,#4998,.T.);
#4996 = VERTEX_POINT('',#4997);
#4997 = CARTESIAN_POINT('',(-2.01303889449,-0.845,0.76756452259));
#4998 = LINE('',#4999,#5000);
#4999 = CARTESIAN_POINT('',(-2.6,-0.845,2.775557561563E-17));
#5000 = VECTOR('',#5001,1.);
#5001 = DIRECTION('',(0.607450107571,0.,0.794357832977));
#5002 = ORIENTED_EDGE('',*,*,#5003,.T.);
#5003 = EDGE_CURVE('',#4996,#5004,#5006,.T.);
#5004 = VERTEX_POINT('',#5005);
#5005 = CARTESIAN_POINT('',(-1.95,-0.845,0.76756452259));
#5006 = LINE('',#5007,#5008);
#5007 = CARTESIAN_POINT('',(-2.116815144925,-0.845,0.76756452259));
#5008 = VECTOR('',#5009,1.);
#5009 = DIRECTION('',(1.,0.,0.));
#5010 = ORIENTED_EDGE('',*,*,#5011,.T.);
#5011 = EDGE_CURVE('',#5004,#5012,#5014,.T.);
#5012 = VERTEX_POINT('',#5013);
#5013 = CARTESIAN_POINT('',(-1.95,-0.845,0.97756452259));
#5014 = LINE('',#5015,#5016);
#5015 = CARTESIAN_POINT('',(-1.95,-0.845,0.76756452259));
#5016 = VECTOR('',#5017,1.);
#5017 = DIRECTION('',(0.,0.,1.));
#5018 = ORIENTED_EDGE('',*,*,#5019,.F.);
#5019 = EDGE_CURVE('',#5020,#5012,#5022,.T.);
#5020 = VERTEX_POINT('',#5021);
#5021 = CARTESIAN_POINT('',(-2.064927019708,-0.845,0.97756452259));
#5022 = LINE('',#5023,#5024);
#5023 = CARTESIAN_POINT('',(-2.116815144925,-0.845,0.97756452259));
#5024 = VECTOR('',#5025,1.);
#5025 = DIRECTION('',(1.,0.,0.));
#5026 = ORIENTED_EDGE('',*,*,#5027,.F.);
#5027 = EDGE_CURVE('',#5028,#5020,#5030,.T.);
#5028 = VERTEX_POINT('',#5029);
#5029 = CARTESIAN_POINT('',(-2.14833459217,-0.845,0.936346783885));
#5030 = CIRCLE('',#5031,0.105);
#5031 = AXIS2_PLACEMENT_3D('',#5032,#5033,#5034);
#5032 = CARTESIAN_POINT('',(-2.064927019708,-0.845,0.87256452259));
#5033 = DIRECTION('',(0.,1.,0.));
#5034 = DIRECTION('',(0.,-0.,1.));
#5035 = ORIENTED_EDGE('',*,*,#5036,.F.);
#5036 = EDGE_CURVE('',#4932,#5028,#5037,.T.);
#5037 = LINE('',#5038,#5039);
#5038 = CARTESIAN_POINT('',(-2.766815144925,-0.845,0.12756452259));
#5039 = VECTOR('',#5040,1.);
#5040 = DIRECTION('',(0.607450107571,0.,0.794357832977));
#5041 = ORIENTED_EDGE('',*,*,#4939,.F.);
#5042 = ORIENTED_EDGE('',*,*,#4817,.F.);
#5043 = ORIENTED_EDGE('',*,*,#4954,.F.);
#5044 = PLANE('',#5045);
#5045 = AXIS2_PLACEMENT_3D('',#5046,#5047,#5048);
#5046 = CARTESIAN_POINT('',(-2.448022419547,-0.845,0.434190850724));
#5047 = DIRECTION('',(-0.,-1.,-0.));
#5048 = DIRECTION('',(0.,0.,-1.));
#5049 = ADVANCED_FACE('',(#5050),#5061,.F.);
#5050 = FACE_BOUND('',#5051,.F.);
#5051 = EDGE_LOOP('',(#5052,#5053,#5054,#5055));
#5052 = ORIENTED_EDGE('',*,*,#4839,.F.);
#5053 = ORIENTED_EDGE('',*,*,#4962,.F.);
#5054 = ORIENTED_EDGE('',*,*,#4978,.T.);
#5055 = ORIENTED_EDGE('',*,*,#5056,.T.);
#5056 = EDGE_CURVE('',#4979,#4842,#5057,.T.);
#5057 = LINE('',#5058,#5059);
#5058 = CARTESIAN_POINT('',(-2.651888125218,-0.845,0.));
#5059 = VECTOR('',#5060,1.);
#5060 = DIRECTION('',(0.,1.,0.));
#5061 = PLANE('',#5062);
#5062 = AXIS2_PLACEMENT_3D('',#5063,#5064,#5065);
#5063 = CARTESIAN_POINT('',(-3.,-0.845,0.));
#5064 = DIRECTION('',(0.,0.,1.));
#5065 = DIRECTION('',(1.,0.,-0.));
#5066 = ADVANCED_FACE('',(#5067),#5078,.T.);
#5067 = FACE_BOUND('',#5068,.T.);
#5068 = EDGE_LOOP('',(#5069,#5070,#5071,#5077));
#5069 = ORIENTED_EDGE('',*,*,#5056,.T.);
#5070 = ORIENTED_EDGE('',*,*,#4914,.T.);
#5071 = ORIENTED_EDGE('',*,*,#5072,.F.);
#5072 = EDGE_CURVE('',#4987,#4907,#5073,.T.);
#5073 = LINE('',#5074,#5075);
#5074 = CARTESIAN_POINT('',(-2.568480552755,-0.845,4.121773870507E-02));
#5075 = VECTOR('',#5076,1.);
#5076 = DIRECTION('',(0.,1.,0.));
#5077 = ORIENTED_EDGE('',*,*,#4986,.F.);
#5078 = CYLINDRICAL_SURFACE('',#5079,0.105);
#5079 = AXIS2_PLACEMENT_3D('',#5080,#5081,#5082);
#5080 = CARTESIAN_POINT('',(-2.651888125218,-0.845,0.105));
#5081 = DIRECTION('',(0.,1.,0.));
#5082 = DIRECTION('',(0.,0.,-1.));
#5083 = ADVANCED_FACE('',(#5084),#5095,.T.);
#5084 = FACE_BOUND('',#5085,.T.);
#5085 = EDGE_LOOP('',(#5086,#5087,#5088,#5089));
#5086 = ORIENTED_EDGE('',*,*,#4995,.F.);
#5087 = ORIENTED_EDGE('',*,*,#5072,.T.);
#5088 = ORIENTED_EDGE('',*,*,#4906,.T.);
#5089 = ORIENTED_EDGE('',*,*,#5090,.F.);
#5090 = EDGE_CURVE('',#4996,#4899,#5091,.T.);
#5091 = LINE('',#5092,#5093);
#5092 = CARTESIAN_POINT('',(-2.01303889449,-0.845,0.76756452259));
#5093 = VECTOR('',#5094,1.);
#5094 = DIRECTION('',(0.,1.,0.));
#5095 = PLANE('',#5096);
#5096 = AXIS2_PLACEMENT_3D('',#5097,#5098,#5099);
#5097 = CARTESIAN_POINT('',(-2.6,-0.845,2.775557561563E-17));
#5098 = DIRECTION('',(0.794357832977,0.,-0.607450107571));
#5099 = DIRECTION('',(0.607450107571,0.,0.794357832977));
#5100 = ADVANCED_FACE('',(#5101),#5112,.F.);
#5101 = FACE_BOUND('',#5102,.F.);
#5102 = EDGE_LOOP('',(#5103,#5104,#5105,#5106));
#5103 = ORIENTED_EDGE('',*,*,#4898,.F.);
#5104 = ORIENTED_EDGE('',*,*,#5090,.F.);
#5105 = ORIENTED_EDGE('',*,*,#5003,.T.);
#5106 = ORIENTED_EDGE('',*,*,#5107,.T.);
#5107 = EDGE_CURVE('',#5004,#4891,#5108,.T.);
#5108 = LINE('',#5109,#5110);
#5109 = CARTESIAN_POINT('',(-1.95,-0.845,0.76756452259));
#5110 = VECTOR('',#5111,1.);
#5111 = DIRECTION('',(0.,1.,0.));
#5112 = PLANE('',#5113);
#5113 = AXIS2_PLACEMENT_3D('',#5114,#5115,#5116);
#5114 = CARTESIAN_POINT('',(-2.116815144925,-0.845,0.76756452259));
#5115 = DIRECTION('',(0.,0.,1.));
#5116 = DIRECTION('',(1.,0.,-0.));
#5117 = ADVANCED_FACE('',(#5118),#5129,.T.);
#5118 = FACE_BOUND('',#5119,.T.);
#5119 = EDGE_LOOP('',(#5120,#5121,#5122,#5123));
#5120 = ORIENTED_EDGE('',*,*,#5011,.F.);
#5121 = ORIENTED_EDGE('',*,*,#5107,.T.);
#5122 = ORIENTED_EDGE('',*,*,#4890,.T.);
#5123 = ORIENTED_EDGE('',*,*,#5124,.F.);
#5124 = EDGE_CURVE('',#5012,#4883,#5125,.T.);
#5125 = LINE('',#5126,#5127);
#5126 = CARTESIAN_POINT('',(-1.95,-0.845,0.97756452259));
#5127 = VECTOR('',#5128,1.);
#5128 = DIRECTION('',(0.,1.,0.));
#5129 = PLANE('',#5130);
#5130 = AXIS2_PLACEMENT_3D('',#5131,#5132,#5133);
#5131 = CARTESIAN_POINT('',(-1.95,-0.845,0.76756452259));
#5132 = DIRECTION('',(1.,0.,0.));
#5133 = DIRECTION('',(0.,0.,1.));
#5134 = ADVANCED_FACE('',(#5135),#5146,.F.);
#5135 = FACE_BOUND('',#5136,.F.);
#5136 = EDGE_LOOP('',(#5137,#5138,#5139,#5140));
#5137 = ORIENTED_EDGE('',*,*,#5036,.F.);
#5138 = ORIENTED_EDGE('',*,*,#4931,.T.);
#5139 = ORIENTED_EDGE('',*,*,#4865,.T.);
#5140 = ORIENTED_EDGE('',*,*,#5141,.F.);
#5141 = EDGE_CURVE('',#5028,#4866,#5142,.T.);
#5142 = LINE('',#5143,#5144);
#5143 = CARTESIAN_POINT('',(-2.14833459217,-0.845,0.936346783885));
#5144 = VECTOR('',#5145,1.);
#5145 = DIRECTION('',(0.,1.,0.));
#5146 = PLANE('',#5147);
#5147 = AXIS2_PLACEMENT_3D('',#5148,#5149,#5150);
#5148 = CARTESIAN_POINT('',(-2.766815144925,-0.845,0.12756452259));
#5149 = DIRECTION('',(0.794357832977,0.,-0.607450107571));
#5150 = DIRECTION('',(0.607450107571,0.,0.794357832977));
#5151 = ADVANCED_FACE('',(#5152),#5163,.T.);
#5152 = FACE_BOUND('',#5153,.T.);
#5153 = EDGE_LOOP('',(#5154,#5155,#5156,#5157));
#5154 = ORIENTED_EDGE('',*,*,#5019,.T.);
#5155 = ORIENTED_EDGE('',*,*,#5124,.T.);
#5156 = ORIENTED_EDGE('',*,*,#4882,.F.);
#5157 = ORIENTED_EDGE('',*,*,#5158,.F.);
#5158 = EDGE_CURVE('',#5020,#4874,#5159,.T.);
#5159 = LINE('',#5160,#5161);
#5160 = CARTESIAN_POINT('',(-2.064927019708,-0.845,0.97756452259));
#5161 = VECTOR('',#5162,1.);
#5162 = DIRECTION('',(0.,1.,0.));
#5163 = PLANE('',#5164);
#5164 = AXIS2_PLACEMENT_3D('',#5165,#5166,#5167);
#5165 = CARTESIAN_POINT('',(-2.116815144925,-0.845,0.97756452259));
#5166 = DIRECTION('',(0.,0.,1.));
#5167 = DIRECTION('',(1.,0.,-0.));
#5168 = ADVANCED_FACE('',(#5169),#5175,.T.);
#5169 = FACE_BOUND('',#5170,.T.);
#5170 = EDGE_LOOP('',(#5171,#5172,#5173,#5174));
#5171 = ORIENTED_EDGE('',*,*,#5027,.T.);
#5172 = ORIENTED_EDGE('',*,*,#5158,.T.);
#5173 = ORIENTED_EDGE('',*,*,#4873,.F.);
#5174 = ORIENTED_EDGE('',*,*,#5141,.F.);
#5175 = CYLINDRICAL_SURFACE('',#5176,0.105);
#5176 = AXIS2_PLACEMENT_3D('',#5177,#5178,#5179);
#5177 = CARTESIAN_POINT('',(-2.064927019708,-0.845,0.87256452259));
#5178 = DIRECTION('',(0.,1.,0.));
#5179 = DIRECTION('',(-0.794357832977,0.,0.607450107571));
#5180 = MANIFOLD_SOLID_BREP('',#5181);
#5181 = CLOSED_SHELL('',(#5182,#5222,#5312,#5337,#5361,#5436,#5453,#5470
    ,#5487,#5504,#5521,#5538,#5555));
#5182 = ADVANCED_FACE('',(#5183),#5217,.T.);
#5183 = FACE_BOUND('',#5184,.T.);
#5184 = EDGE_LOOP('',(#5185,#5195,#5203,#5211));
#5185 = ORIENTED_EDGE('',*,*,#5186,.F.);
#5186 = EDGE_CURVE('',#5187,#5189,#5191,.T.);
#5187 = VERTEX_POINT('',#5188);
#5188 = CARTESIAN_POINT('',(2.755664375653,-0.425,0.21));
#5189 = VERTEX_POINT('',#5190);
#5190 = CARTESIAN_POINT('',(3.,-0.425,0.21));
#5191 = LINE('',#5192,#5193);
#5192 = CARTESIAN_POINT('',(2.6,-0.425,0.21));
#5193 = VECTOR('',#5194,1.);
#5194 = DIRECTION('',(1.,0.,0.));
#5195 = ORIENTED_EDGE('',*,*,#5196,.F.);
#5196 = EDGE_CURVE('',#5197,#5187,#5199,.T.);
#5197 = VERTEX_POINT('',#5198);
#5198 = CARTESIAN_POINT('',(2.755664375653,-0.845,0.21));
#5199 = LINE('',#5200,#5201);
#5200 = CARTESIAN_POINT('',(2.755664375653,-0.845,0.21));
#5201 = VECTOR('',#5202,1.);
#5202 = DIRECTION('',(0.,1.,0.));
#5203 = ORIENTED_EDGE('',*,*,#5204,.T.);
#5204 = EDGE_CURVE('',#5197,#5205,#5207,.T.);
#5205 = VERTEX_POINT('',#5206);
#5206 = CARTESIAN_POINT('',(3.,-0.845,0.21));
#5207 = LINE('',#5208,#5209);
#5208 = CARTESIAN_POINT('',(2.6,-0.845,0.21));
#5209 = VECTOR('',#5210,1.);
#5210 = DIRECTION('',(1.,0.,0.));
#5211 = ORIENTED_EDGE('',*,*,#5212,.T.);
#5212 = EDGE_CURVE('',#5205,#5189,#5213,.T.);
#5213 = LINE('',#5214,#5215);
#5214 = CARTESIAN_POINT('',(3.,-0.845,0.21));
#5215 = VECTOR('',#5216,1.);
#5216 = DIRECTION('',(0.,1.,0.));
#5217 = PLANE('',#5218);
#5218 = AXIS2_PLACEMENT_3D('',#5219,#5220,#5221);
#5219 = CARTESIAN_POINT('',(2.6,-0.845,0.21));
#5220 = DIRECTION('',(0.,0.,1.));
#5221 = DIRECTION('',(1.,0.,-0.));
#5222 = ADVANCED_FACE('',(#5223),#5307,.T.);
#5223 = FACE_BOUND('',#5224,.T.);
#5224 = EDGE_LOOP('',(#5225,#5235,#5244,#5252,#5260,#5268,#5276,#5285,
    #5293,#5300,#5301));
#5225 = ORIENTED_EDGE('',*,*,#5226,.F.);
#5226 = EDGE_CURVE('',#5227,#5229,#5231,.T.);
#5227 = VERTEX_POINT('',#5228);
#5228 = CARTESIAN_POINT('',(2.651888125218,-0.425,0.));
#5229 = VERTEX_POINT('',#5230);
#5230 = CARTESIAN_POINT('',(3.,-0.425,0.));
#5231 = LINE('',#5232,#5233);
#5232 = CARTESIAN_POINT('',(2.6,-0.425,0.));
#5233 = VECTOR('',#5234,1.);
#5234 = DIRECTION('',(1.,0.,0.));
#5235 = ORIENTED_EDGE('',*,*,#5236,.T.);
#5236 = EDGE_CURVE('',#5227,#5237,#5239,.T.);
#5237 = VERTEX_POINT('',#5238);
#5238 = CARTESIAN_POINT('',(2.568480552755,-0.425,4.121773870507E-02));
#5239 = CIRCLE('',#5240,0.105);
#5240 = AXIS2_PLACEMENT_3D('',#5241,#5242,#5243);
#5241 = CARTESIAN_POINT('',(2.651888125218,-0.425,0.105));
#5242 = DIRECTION('',(0.,1.,0.));
#5243 = DIRECTION('',(0.,-0.,1.));
#5244 = ORIENTED_EDGE('',*,*,#5245,.T.);
#5245 = EDGE_CURVE('',#5237,#5246,#5248,.T.);
#5246 = VERTEX_POINT('',#5247);
#5247 = CARTESIAN_POINT('',(2.01303889449,-0.425,0.76756452259));
#5248 = LINE('',#5249,#5250);
#5249 = CARTESIAN_POINT('',(2.6,-0.425,0.));
#5250 = VECTOR('',#5251,1.);
#5251 = DIRECTION('',(-0.607450107571,0.,0.794357832977));
#5252 = ORIENTED_EDGE('',*,*,#5253,.F.);
#5253 = EDGE_CURVE('',#5254,#5246,#5256,.T.);
#5254 = VERTEX_POINT('',#5255);
#5255 = CARTESIAN_POINT('',(1.95,-0.425,0.76756452259));
#5256 = LINE('',#5257,#5258);
#5257 = CARTESIAN_POINT('',(1.95,-0.425,0.76756452259));
#5258 = VECTOR('',#5259,1.);
#5259 = DIRECTION('',(1.,0.,0.));
#5260 = ORIENTED_EDGE('',*,*,#5261,.T.);
#5261 = EDGE_CURVE('',#5254,#5262,#5264,.T.);
#5262 = VERTEX_POINT('',#5263);
#5263 = CARTESIAN_POINT('',(1.95,-0.425,0.97756452259));
#5264 = LINE('',#5265,#5266);
#5265 = CARTESIAN_POINT('',(1.95,-0.425,0.76756452259));
#5266 = VECTOR('',#5267,1.);
#5267 = DIRECTION('',(0.,0.,1.));
#5268 = ORIENTED_EDGE('',*,*,#5269,.T.);
#5269 = EDGE_CURVE('',#5262,#5270,#5272,.T.);
#5270 = VERTEX_POINT('',#5271);
#5271 = CARTESIAN_POINT('',(2.064927019708,-0.425,0.97756452259));
#5272 = LINE('',#5273,#5274);
#5273 = CARTESIAN_POINT('',(1.95,-0.425,0.97756452259));
#5274 = VECTOR('',#5275,1.);
#5275 = DIRECTION('',(1.,0.,0.));
#5276 = ORIENTED_EDGE('',*,*,#5277,.F.);
#5277 = EDGE_CURVE('',#5278,#5270,#5280,.T.);
#5278 = VERTEX_POINT('',#5279);
#5279 = CARTESIAN_POINT('',(2.14833459217,-0.425,0.936346783885));
#5280 = CIRCLE('',#5281,0.105);
#5281 = AXIS2_PLACEMENT_3D('',#5282,#5283,#5284);
#5282 = CARTESIAN_POINT('',(2.064927019708,-0.425,0.87256452259));
#5283 = DIRECTION('',(0.,-1.,0.));
#5284 = DIRECTION('',(0.,0.,1.));
#5285 = ORIENTED_EDGE('',*,*,#5286,.F.);
#5286 = EDGE_CURVE('',#5287,#5278,#5289,.T.);
#5287 = VERTEX_POINT('',#5288);
#5288 = CARTESIAN_POINT('',(2.67225680319,-0.425,0.251217738705));
#5289 = LINE('',#5290,#5291);
#5290 = CARTESIAN_POINT('',(2.766815144925,-0.425,0.12756452259));
#5291 = VECTOR('',#5292,1.);
#5292 = DIRECTION('',(-0.607450107571,0.,0.794357832977));
#5293 = ORIENTED_EDGE('',*,*,#5294,.F.);
#5294 = EDGE_CURVE('',#5187,#5287,#5295,.T.);
#5295 = CIRCLE('',#5296,0.105);
#5296 = AXIS2_PLACEMENT_3D('',#5297,#5298,#5299);
#5297 = CARTESIAN_POINT('',(2.755664375653,-0.425,0.315));
#5298 = DIRECTION('',(0.,1.,0.));
#5299 = DIRECTION('',(0.,-0.,1.));
#5300 = ORIENTED_EDGE('',*,*,#5186,.T.);
#5301 = ORIENTED_EDGE('',*,*,#5302,.F.);
#5302 = EDGE_CURVE('',#5229,#5189,#5303,.T.);
#5303 = LINE('',#5304,#5305);
#5304 = CARTESIAN_POINT('',(3.,-0.425,0.));
#5305 = VECTOR('',#5306,1.);
#5306 = DIRECTION('',(0.,0.,1.));
#5307 = PLANE('',#5308);
#5308 = AXIS2_PLACEMENT_3D('',#5309,#5310,#5311);
#5309 = CARTESIAN_POINT('',(2.448022419547,-0.425,0.434190850724));
#5310 = DIRECTION('',(1.642817626267E-30,1.,1.296298289281E-30));
#5311 = DIRECTION('',(1.,-1.642817626267E-30,0.));
#5312 = ADVANCED_FACE('',(#5313),#5332,.F.);
#5313 = FACE_BOUND('',#5314,.F.);
#5314 = EDGE_LOOP('',(#5315,#5324,#5330,#5331));
#5315 = ORIENTED_EDGE('',*,*,#5316,.T.);
#5316 = EDGE_CURVE('',#5197,#5317,#5319,.T.);
#5317 = VERTEX_POINT('',#5318);
#5318 = CARTESIAN_POINT('',(2.67225680319,-0.845,0.251217738705));
#5319 = CIRCLE('',#5320,0.105);
#5320 = AXIS2_PLACEMENT_3D('',#5321,#5322,#5323);
#5321 = CARTESIAN_POINT('',(2.755664375653,-0.845,0.315));
#5322 = DIRECTION('',(0.,1.,0.));
#5323 = DIRECTION('',(0.,-0.,1.));
#5324 = ORIENTED_EDGE('',*,*,#5325,.T.);
#5325 = EDGE_CURVE('',#5317,#5287,#5326,.T.);
#5326 = LINE('',#5327,#5328);
#5327 = CARTESIAN_POINT('',(2.67225680319,-0.845,0.251217738705));
#5328 = VECTOR('',#5329,1.);
#5329 = DIRECTION('',(0.,1.,0.));
#5330 = ORIENTED_EDGE('',*,*,#5294,.F.);
#5331 = ORIENTED_EDGE('',*,*,#5196,.F.);
#5332 = CYLINDRICAL_SURFACE('',#5333,0.105);
#5333 = AXIS2_PLACEMENT_3D('',#5334,#5335,#5336);
#5334 = CARTESIAN_POINT('',(2.755664375653,-0.845,0.315));
#5335 = DIRECTION('',(0.,1.,0.));
#5336 = DIRECTION('',(0.,0.,-1.));
#5337 = ADVANCED_FACE('',(#5338),#5356,.T.);
#5338 = FACE_BOUND('',#5339,.T.);
#5339 = EDGE_LOOP('',(#5340,#5348,#5354,#5355));
#5340 = ORIENTED_EDGE('',*,*,#5341,.F.);
#5341 = EDGE_CURVE('',#5342,#5205,#5344,.T.);
#5342 = VERTEX_POINT('',#5343);
#5343 = CARTESIAN_POINT('',(3.,-0.845,0.));
#5344 = LINE('',#5345,#5346);
#5345 = CARTESIAN_POINT('',(3.,-0.845,0.));
#5346 = VECTOR('',#5347,1.);
#5347 = DIRECTION('',(0.,0.,1.));
#5348 = ORIENTED_EDGE('',*,*,#5349,.T.);
#5349 = EDGE_CURVE('',#5342,#5229,#5350,.T.);
#5350 = LINE('',#5351,#5352);
#5351 = CARTESIAN_POINT('',(3.,-0.845,0.));
#5352 = VECTOR('',#5353,1.);
#5353 = DIRECTION('',(0.,1.,0.));
#5354 = ORIENTED_EDGE('',*,*,#5302,.T.);
#5355 = ORIENTED_EDGE('',*,*,#5212,.F.);
#5356 = PLANE('',#5357);
#5357 = AXIS2_PLACEMENT_3D('',#5358,#5359,#5360);
#5358 = CARTESIAN_POINT('',(3.,-0.845,0.));
#5359 = DIRECTION('',(1.,0.,0.));
#5360 = DIRECTION('',(0.,0.,1.));
#5361 = ADVANCED_FACE('',(#5362),#5431,.T.);
#5362 = FACE_BOUND('',#5363,.T.);
#5363 = EDGE_LOOP('',(#5364,#5372,#5373,#5374,#5375,#5383,#5392,#5400,
    #5408,#5416,#5424));
#5364 = ORIENTED_EDGE('',*,*,#5365,.T.);
#5365 = EDGE_CURVE('',#5366,#5342,#5368,.T.);
#5366 = VERTEX_POINT('',#5367);
#5367 = CARTESIAN_POINT('',(2.651888125218,-0.845,0.));
#5368 = LINE('',#5369,#5370);
#5369 = CARTESIAN_POINT('',(2.6,-0.845,0.));
#5370 = VECTOR('',#5371,1.);
#5371 = DIRECTION('',(1.,0.,0.));
#5372 = ORIENTED_EDGE('',*,*,#5341,.T.);
#5373 = ORIENTED_EDGE('',*,*,#5204,.F.);
#5374 = ORIENTED_EDGE('',*,*,#5316,.T.);
#5375 = ORIENTED_EDGE('',*,*,#5376,.T.);
#5376 = EDGE_CURVE('',#5317,#5377,#5379,.T.);
#5377 = VERTEX_POINT('',#5378);
#5378 = CARTESIAN_POINT('',(2.14833459217,-0.845,0.936346783885));
#5379 = LINE('',#5380,#5381);
#5380 = CARTESIAN_POINT('',(2.766815144925,-0.845,0.12756452259));
#5381 = VECTOR('',#5382,1.);
#5382 = DIRECTION('',(-0.607450107571,0.,0.794357832977));
#5383 = ORIENTED_EDGE('',*,*,#5384,.T.);
#5384 = EDGE_CURVE('',#5377,#5385,#5387,.T.);
#5385 = VERTEX_POINT('',#5386);
#5386 = CARTESIAN_POINT('',(2.064927019708,-0.845,0.97756452259));
#5387 = CIRCLE('',#5388,0.105);
#5388 = AXIS2_PLACEMENT_3D('',#5389,#5390,#5391);
#5389 = CARTESIAN_POINT('',(2.064927019708,-0.845,0.87256452259));
#5390 = DIRECTION('',(0.,-1.,0.));
#5391 = DIRECTION('',(0.,0.,1.));
#5392 = ORIENTED_EDGE('',*,*,#5393,.F.);
#5393 = EDGE_CURVE('',#5394,#5385,#5396,.T.);
#5394 = VERTEX_POINT('',#5395);
#5395 = CARTESIAN_POINT('',(1.95,-0.845,0.97756452259));
#5396 = LINE('',#5397,#5398);
#5397 = CARTESIAN_POINT('',(1.95,-0.845,0.97756452259));
#5398 = VECTOR('',#5399,1.);
#5399 = DIRECTION('',(1.,0.,0.));
#5400 = ORIENTED_EDGE('',*,*,#5401,.F.);
#5401 = EDGE_CURVE('',#5402,#5394,#5404,.T.);
#5402 = VERTEX_POINT('',#5403);
#5403 = CARTESIAN_POINT('',(1.95,-0.845,0.76756452259));
#5404 = LINE('',#5405,#5406);
#5405 = CARTESIAN_POINT('',(1.95,-0.845,0.76756452259));
#5406 = VECTOR('',#5407,1.);
#5407 = DIRECTION('',(0.,0.,1.));
#5408 = ORIENTED_EDGE('',*,*,#5409,.T.);
#5409 = EDGE_CURVE('',#5402,#5410,#5412,.T.);
#5410 = VERTEX_POINT('',#5411);
#5411 = CARTESIAN_POINT('',(2.01303889449,-0.845,0.76756452259));
#5412 = LINE('',#5413,#5414);
#5413 = CARTESIAN_POINT('',(1.95,-0.845,0.76756452259));
#5414 = VECTOR('',#5415,1.);
#5415 = DIRECTION('',(1.,0.,0.));
#5416 = ORIENTED_EDGE('',*,*,#5417,.F.);
#5417 = EDGE_CURVE('',#5418,#5410,#5420,.T.);
#5418 = VERTEX_POINT('',#5419);
#5419 = CARTESIAN_POINT('',(2.568480552755,-0.845,4.121773870507E-02));
#5420 = LINE('',#5421,#5422);
#5421 = CARTESIAN_POINT('',(2.6,-0.845,0.));
#5422 = VECTOR('',#5423,1.);
#5423 = DIRECTION('',(-0.607450107571,0.,0.794357832977));
#5424 = ORIENTED_EDGE('',*,*,#5425,.F.);
#5425 = EDGE_CURVE('',#5366,#5418,#5426,.T.);
#5426 = CIRCLE('',#5427,0.105);
#5427 = AXIS2_PLACEMENT_3D('',#5428,#5429,#5430);
#5428 = CARTESIAN_POINT('',(2.651888125218,-0.845,0.105));
#5429 = DIRECTION('',(0.,1.,0.));
#5430 = DIRECTION('',(0.,-0.,1.));
#5431 = PLANE('',#5432);
#5432 = AXIS2_PLACEMENT_3D('',#5433,#5434,#5435);
#5433 = CARTESIAN_POINT('',(2.448022419547,-0.845,0.434190850724));
#5434 = DIRECTION('',(-0.,-1.,-0.));
#5435 = DIRECTION('',(0.,0.,-1.));
#5436 = ADVANCED_FACE('',(#5437),#5448,.F.);
#5437 = FACE_BOUND('',#5438,.F.);
#5438 = EDGE_LOOP('',(#5439,#5440,#5441,#5442));
#5439 = ORIENTED_EDGE('',*,*,#5365,.T.);
#5440 = ORIENTED_EDGE('',*,*,#5349,.T.);
#5441 = ORIENTED_EDGE('',*,*,#5226,.F.);
#5442 = ORIENTED_EDGE('',*,*,#5443,.F.);
#5443 = EDGE_CURVE('',#5366,#5227,#5444,.T.);
#5444 = LINE('',#5445,#5446);
#5445 = CARTESIAN_POINT('',(2.651888125218,-0.845,0.));
#5446 = VECTOR('',#5447,1.);
#5447 = DIRECTION('',(0.,1.,0.));
#5448 = PLANE('',#5449);
#5449 = AXIS2_PLACEMENT_3D('',#5450,#5451,#5452);
#5450 = CARTESIAN_POINT('',(2.6,-0.845,0.));
#5451 = DIRECTION('',(0.,0.,1.));
#5452 = DIRECTION('',(1.,0.,-0.));
#5453 = ADVANCED_FACE('',(#5454),#5465,.T.);
#5454 = FACE_BOUND('',#5455,.T.);
#5455 = EDGE_LOOP('',(#5456,#5457,#5463,#5464));
#5456 = ORIENTED_EDGE('',*,*,#5425,.T.);
#5457 = ORIENTED_EDGE('',*,*,#5458,.T.);
#5458 = EDGE_CURVE('',#5418,#5237,#5459,.T.);
#5459 = LINE('',#5460,#5461);
#5460 = CARTESIAN_POINT('',(2.568480552755,-0.845,4.121773870507E-02));
#5461 = VECTOR('',#5462,1.);
#5462 = DIRECTION('',(0.,1.,0.));
#5463 = ORIENTED_EDGE('',*,*,#5236,.F.);
#5464 = ORIENTED_EDGE('',*,*,#5443,.F.);
#5465 = CYLINDRICAL_SURFACE('',#5466,0.105);
#5466 = AXIS2_PLACEMENT_3D('',#5467,#5468,#5469);
#5467 = CARTESIAN_POINT('',(2.651888125218,-0.845,0.105));
#5468 = DIRECTION('',(0.,1.,0.));
#5469 = DIRECTION('',(0.,0.,-1.));
#5470 = ADVANCED_FACE('',(#5471),#5482,.F.);
#5471 = FACE_BOUND('',#5472,.F.);
#5472 = EDGE_LOOP('',(#5473,#5474,#5475,#5476));
#5473 = ORIENTED_EDGE('',*,*,#5417,.F.);
#5474 = ORIENTED_EDGE('',*,*,#5458,.T.);
#5475 = ORIENTED_EDGE('',*,*,#5245,.T.);
#5476 = ORIENTED_EDGE('',*,*,#5477,.F.);
#5477 = EDGE_CURVE('',#5410,#5246,#5478,.T.);
#5478 = LINE('',#5479,#5480);
#5479 = CARTESIAN_POINT('',(2.01303889449,-0.845,0.76756452259));
#5480 = VECTOR('',#5481,1.);
#5481 = DIRECTION('',(0.,1.,0.));
#5482 = PLANE('',#5483);
#5483 = AXIS2_PLACEMENT_3D('',#5484,#5485,#5486);
#5484 = CARTESIAN_POINT('',(2.6,-0.845,0.));
#5485 = DIRECTION('',(0.794357832977,0.,0.607450107571));
#5486 = DIRECTION('',(-0.607450107571,0.,0.794357832977));
#5487 = ADVANCED_FACE('',(#5488),#5499,.F.);
#5488 = FACE_BOUND('',#5489,.F.);
#5489 = EDGE_LOOP('',(#5490,#5491,#5497,#5498));
#5490 = ORIENTED_EDGE('',*,*,#5253,.F.);
#5491 = ORIENTED_EDGE('',*,*,#5492,.F.);
#5492 = EDGE_CURVE('',#5402,#5254,#5493,.T.);
#5493 = LINE('',#5494,#5495);
#5494 = CARTESIAN_POINT('',(1.95,-0.845,0.76756452259));
#5495 = VECTOR('',#5496,1.);
#5496 = DIRECTION('',(0.,1.,0.));
#5497 = ORIENTED_EDGE('',*,*,#5409,.T.);
#5498 = ORIENTED_EDGE('',*,*,#5477,.T.);
#5499 = PLANE('',#5500);
#5500 = AXIS2_PLACEMENT_3D('',#5501,#5502,#5503);
#5501 = CARTESIAN_POINT('',(1.95,-0.845,0.76756452259));
#5502 = DIRECTION('',(0.,0.,1.));
#5503 = DIRECTION('',(1.,0.,-0.));
#5504 = ADVANCED_FACE('',(#5505),#5516,.F.);
#5505 = FACE_BOUND('',#5506,.T.);
#5506 = EDGE_LOOP('',(#5507,#5508,#5514,#5515));
#5507 = ORIENTED_EDGE('',*,*,#5401,.T.);
#5508 = ORIENTED_EDGE('',*,*,#5509,.T.);
#5509 = EDGE_CURVE('',#5394,#5262,#5510,.T.);
#5510 = LINE('',#5511,#5512);
#5511 = CARTESIAN_POINT('',(1.95,-0.845,0.97756452259));
#5512 = VECTOR('',#5513,1.);
#5513 = DIRECTION('',(0.,1.,0.));
#5514 = ORIENTED_EDGE('',*,*,#5261,.F.);
#5515 = ORIENTED_EDGE('',*,*,#5492,.F.);
#5516 = PLANE('',#5517);
#5517 = AXIS2_PLACEMENT_3D('',#5518,#5519,#5520);
#5518 = CARTESIAN_POINT('',(1.95,-0.845,0.76756452259));
#5519 = DIRECTION('',(1.,0.,0.));
#5520 = DIRECTION('',(0.,0.,1.));
#5521 = ADVANCED_FACE('',(#5522),#5533,.T.);
#5522 = FACE_BOUND('',#5523,.T.);
#5523 = EDGE_LOOP('',(#5524,#5525,#5526,#5527));
#5524 = ORIENTED_EDGE('',*,*,#5376,.F.);
#5525 = ORIENTED_EDGE('',*,*,#5325,.T.);
#5526 = ORIENTED_EDGE('',*,*,#5286,.T.);
#5527 = ORIENTED_EDGE('',*,*,#5528,.F.);
#5528 = EDGE_CURVE('',#5377,#5278,#5529,.T.);
#5529 = LINE('',#5530,#5531);
#5530 = CARTESIAN_POINT('',(2.14833459217,-0.845,0.936346783885));
#5531 = VECTOR('',#5532,1.);
#5532 = DIRECTION('',(0.,1.,0.));
#5533 = PLANE('',#5534);
#5534 = AXIS2_PLACEMENT_3D('',#5535,#5536,#5537);
#5535 = CARTESIAN_POINT('',(2.766815144925,-0.845,0.12756452259));
#5536 = DIRECTION('',(0.794357832977,0.,0.607450107571));
#5537 = DIRECTION('',(-0.607450107571,0.,0.794357832977));
#5538 = ADVANCED_FACE('',(#5539),#5550,.T.);
#5539 = FACE_BOUND('',#5540,.T.);
#5540 = EDGE_LOOP('',(#5541,#5542,#5543,#5544));
#5541 = ORIENTED_EDGE('',*,*,#5269,.F.);
#5542 = ORIENTED_EDGE('',*,*,#5509,.F.);
#5543 = ORIENTED_EDGE('',*,*,#5393,.T.);
#5544 = ORIENTED_EDGE('',*,*,#5545,.T.);
#5545 = EDGE_CURVE('',#5385,#5270,#5546,.T.);
#5546 = LINE('',#5547,#5548);
#5547 = CARTESIAN_POINT('',(2.064927019708,-0.845,0.97756452259));
#5548 = VECTOR('',#5549,1.);
#5549 = DIRECTION('',(0.,1.,0.));
#5550 = PLANE('',#5551);
#5551 = AXIS2_PLACEMENT_3D('',#5552,#5553,#5554);
#5552 = CARTESIAN_POINT('',(1.95,-0.845,0.97756452259));
#5553 = DIRECTION('',(0.,0.,1.));
#5554 = DIRECTION('',(1.,0.,-0.));
#5555 = ADVANCED_FACE('',(#5556),#5562,.T.);
#5556 = FACE_BOUND('',#5557,.T.);
#5557 = EDGE_LOOP('',(#5558,#5559,#5560,#5561));
#5558 = ORIENTED_EDGE('',*,*,#5528,.T.);
#5559 = ORIENTED_EDGE('',*,*,#5277,.T.);
#5560 = ORIENTED_EDGE('',*,*,#5545,.F.);
#5561 = ORIENTED_EDGE('',*,*,#5384,.F.);
#5562 = CYLINDRICAL_SURFACE('',#5563,0.105);
#5563 = AXIS2_PLACEMENT_3D('',#5564,#5565,#5566);
#5564 = CARTESIAN_POINT('',(2.064927019708,-0.845,0.87256452259));
#5565 = DIRECTION('',(0.,1.,0.));
#5566 = DIRECTION('',(0.794357832977,-0.,0.607450107571));
#5567 = MANIFOLD_SOLID_BREP('',#5568);
#5568 = CLOSED_SHELL('',(#5569,#5609,#5699,#5724,#5748,#5823,#5840,#5857
    ,#5874,#5891,#5908,#5925,#5942));
#5569 = ADVANCED_FACE('',(#5570),#5604,.T.);
#5570 = FACE_BOUND('',#5571,.T.);
#5571 = EDGE_LOOP('',(#5572,#5582,#5590,#5598));
#5572 = ORIENTED_EDGE('',*,*,#5573,.F.);
#5573 = EDGE_CURVE('',#5574,#5576,#5578,.T.);
#5574 = VERTEX_POINT('',#5575);
#5575 = CARTESIAN_POINT('',(-3.,-1.695,0.21));
#5576 = VERTEX_POINT('',#5577);
#5577 = CARTESIAN_POINT('',(-2.755664375653,-1.695,0.21));
#5578 = LINE('',#5579,#5580);
#5579 = CARTESIAN_POINT('',(-3.,-1.695,0.21));
#5580 = VECTOR('',#5581,1.);
#5581 = DIRECTION('',(1.,0.,0.));
#5582 = ORIENTED_EDGE('',*,*,#5583,.F.);
#5583 = EDGE_CURVE('',#5584,#5574,#5586,.T.);
#5584 = VERTEX_POINT('',#5585);
#5585 = CARTESIAN_POINT('',(-3.,-2.115,0.21));
#5586 = LINE('',#5587,#5588);
#5587 = CARTESIAN_POINT('',(-3.,-2.115,0.21));
#5588 = VECTOR('',#5589,1.);
#5589 = DIRECTION('',(0.,1.,0.));
#5590 = ORIENTED_EDGE('',*,*,#5591,.T.);
#5591 = EDGE_CURVE('',#5584,#5592,#5594,.T.);
#5592 = VERTEX_POINT('',#5593);
#5593 = CARTESIAN_POINT('',(-2.755664375653,-2.115,0.21));
#5594 = LINE('',#5595,#5596);
#5595 = CARTESIAN_POINT('',(-3.,-2.115,0.21));
#5596 = VECTOR('',#5597,1.);
#5597 = DIRECTION('',(1.,0.,0.));
#5598 = ORIENTED_EDGE('',*,*,#5599,.T.);
#5599 = EDGE_CURVE('',#5592,#5576,#5600,.T.);
#5600 = LINE('',#5601,#5602);
#5601 = CARTESIAN_POINT('',(-2.755664375653,-2.115,0.21));
#5602 = VECTOR('',#5603,1.);
#5603 = DIRECTION('',(0.,1.,0.));
#5604 = PLANE('',#5605);
#5605 = AXIS2_PLACEMENT_3D('',#5606,#5607,#5608);
#5606 = CARTESIAN_POINT('',(-3.,-2.115,0.21));
#5607 = DIRECTION('',(0.,0.,1.));
#5608 = DIRECTION('',(1.,0.,-0.));
#5609 = ADVANCED_FACE('',(#5610),#5694,.T.);
#5610 = FACE_BOUND('',#5611,.T.);
#5611 = EDGE_LOOP('',(#5612,#5622,#5628,#5629,#5638,#5646,#5655,#5663,
    #5671,#5679,#5687));
#5612 = ORIENTED_EDGE('',*,*,#5613,.F.);
#5613 = EDGE_CURVE('',#5614,#5616,#5618,.T.);
#5614 = VERTEX_POINT('',#5615);
#5615 = CARTESIAN_POINT('',(-3.,-1.695,0.));
#5616 = VERTEX_POINT('',#5617);
#5617 = CARTESIAN_POINT('',(-2.651888125218,-1.695,0.));
#5618 = LINE('',#5619,#5620);
#5619 = CARTESIAN_POINT('',(-3.,-1.695,0.));
#5620 = VECTOR('',#5621,1.);
#5621 = DIRECTION('',(1.,0.,0.));
#5622 = ORIENTED_EDGE('',*,*,#5623,.T.);
#5623 = EDGE_CURVE('',#5614,#5574,#5624,.T.);
#5624 = LINE('',#5625,#5626);
#5625 = CARTESIAN_POINT('',(-3.,-1.695,0.));
#5626 = VECTOR('',#5627,1.);
#5627 = DIRECTION('',(0.,0.,1.));
#5628 = ORIENTED_EDGE('',*,*,#5573,.T.);
#5629 = ORIENTED_EDGE('',*,*,#5630,.T.);
#5630 = EDGE_CURVE('',#5576,#5631,#5633,.T.);
#5631 = VERTEX_POINT('',#5632);
#5632 = CARTESIAN_POINT('',(-2.67225680319,-1.695,0.251217738705));
#5633 = CIRCLE('',#5634,0.105);
#5634 = AXIS2_PLACEMENT_3D('',#5635,#5636,#5637);
#5635 = CARTESIAN_POINT('',(-2.755664375653,-1.695,0.315));
#5636 = DIRECTION('',(0.,-1.,0.));
#5637 = DIRECTION('',(0.,0.,1.));
#5638 = ORIENTED_EDGE('',*,*,#5639,.T.);
#5639 = EDGE_CURVE('',#5631,#5640,#5642,.T.);
#5640 = VERTEX_POINT('',#5641);
#5641 = CARTESIAN_POINT('',(-2.14833459217,-1.695,0.936346783885));
#5642 = LINE('',#5643,#5644);
#5643 = CARTESIAN_POINT('',(-2.766815144925,-1.695,0.12756452259));
#5644 = VECTOR('',#5645,1.);
#5645 = DIRECTION('',(0.607450107571,0.,0.794357832977));
#5646 = ORIENTED_EDGE('',*,*,#5647,.T.);
#5647 = EDGE_CURVE('',#5640,#5648,#5650,.T.);
#5648 = VERTEX_POINT('',#5649);
#5649 = CARTESIAN_POINT('',(-2.064927019708,-1.695,0.97756452259));
#5650 = CIRCLE('',#5651,0.105);
#5651 = AXIS2_PLACEMENT_3D('',#5652,#5653,#5654);
#5652 = CARTESIAN_POINT('',(-2.064927019708,-1.695,0.87256452259));
#5653 = DIRECTION('',(0.,1.,0.));
#5654 = DIRECTION('',(0.,-0.,1.));
#5655 = ORIENTED_EDGE('',*,*,#5656,.T.);
#5656 = EDGE_CURVE('',#5648,#5657,#5659,.T.);
#5657 = VERTEX_POINT('',#5658);
#5658 = CARTESIAN_POINT('',(-1.95,-1.695,0.97756452259));
#5659 = LINE('',#5660,#5661);
#5660 = CARTESIAN_POINT('',(-2.116815144925,-1.695,0.97756452259));
#5661 = VECTOR('',#5662,1.);
#5662 = DIRECTION('',(1.,0.,0.));
#5663 = ORIENTED_EDGE('',*,*,#5664,.F.);
#5664 = EDGE_CURVE('',#5665,#5657,#5667,.T.);
#5665 = VERTEX_POINT('',#5666);
#5666 = CARTESIAN_POINT('',(-1.95,-1.695,0.76756452259));
#5667 = LINE('',#5668,#5669);
#5668 = CARTESIAN_POINT('',(-1.95,-1.695,0.76756452259));
#5669 = VECTOR('',#5670,1.);
#5670 = DIRECTION('',(0.,0.,1.));
#5671 = ORIENTED_EDGE('',*,*,#5672,.F.);
#5672 = EDGE_CURVE('',#5673,#5665,#5675,.T.);
#5673 = VERTEX_POINT('',#5674);
#5674 = CARTESIAN_POINT('',(-2.01303889449,-1.695,0.76756452259));
#5675 = LINE('',#5676,#5677);
#5676 = CARTESIAN_POINT('',(-2.116815144925,-1.695,0.76756452259));
#5677 = VECTOR('',#5678,1.);
#5678 = DIRECTION('',(1.,0.,0.));
#5679 = ORIENTED_EDGE('',*,*,#5680,.F.);
#5680 = EDGE_CURVE('',#5681,#5673,#5683,.T.);
#5681 = VERTEX_POINT('',#5682);
#5682 = CARTESIAN_POINT('',(-2.568480552755,-1.695,4.121773870507E-02));
#5683 = LINE('',#5684,#5685);
#5684 = CARTESIAN_POINT('',(-2.6,-1.695,2.775557561563E-17));
#5685 = VECTOR('',#5686,1.);
#5686 = DIRECTION('',(0.607450107571,0.,0.794357832977));
#5687 = ORIENTED_EDGE('',*,*,#5688,.F.);
#5688 = EDGE_CURVE('',#5616,#5681,#5689,.T.);
#5689 = CIRCLE('',#5690,0.105);
#5690 = AXIS2_PLACEMENT_3D('',#5691,#5692,#5693);
#5691 = CARTESIAN_POINT('',(-2.651888125218,-1.695,0.105));
#5692 = DIRECTION('',(0.,-1.,0.));
#5693 = DIRECTION('',(0.,0.,1.));
#5694 = PLANE('',#5695);
#5695 = AXIS2_PLACEMENT_3D('',#5696,#5697,#5698);
#5696 = CARTESIAN_POINT('',(-2.448022419547,-1.695,0.434190850724));
#5697 = DIRECTION('',(1.133465950494E-29,1.,-9.935374400933E-30));
#5698 = DIRECTION('',(1.,-1.133465950494E-29,0.));
#5699 = ADVANCED_FACE('',(#5700),#5719,.F.);
#5700 = FACE_BOUND('',#5701,.F.);
#5701 = EDGE_LOOP('',(#5702,#5703,#5704,#5712));
#5702 = ORIENTED_EDGE('',*,*,#5599,.T.);
#5703 = ORIENTED_EDGE('',*,*,#5630,.T.);
#5704 = ORIENTED_EDGE('',*,*,#5705,.F.);
#5705 = EDGE_CURVE('',#5706,#5631,#5708,.T.);
#5706 = VERTEX_POINT('',#5707);
#5707 = CARTESIAN_POINT('',(-2.67225680319,-2.115,0.251217738705));
#5708 = LINE('',#5709,#5710);
#5709 = CARTESIAN_POINT('',(-2.67225680319,-2.115,0.251217738705));
#5710 = VECTOR('',#5711,1.);
#5711 = DIRECTION('',(0.,1.,0.));
#5712 = ORIENTED_EDGE('',*,*,#5713,.F.);
#5713 = EDGE_CURVE('',#5592,#5706,#5714,.T.);
#5714 = CIRCLE('',#5715,0.105);
#5715 = AXIS2_PLACEMENT_3D('',#5716,#5717,#5718);
#5716 = CARTESIAN_POINT('',(-2.755664375653,-2.115,0.315));
#5717 = DIRECTION('',(0.,-1.,0.));
#5718 = DIRECTION('',(0.,0.,1.));
#5719 = CYLINDRICAL_SURFACE('',#5720,0.105);
#5720 = AXIS2_PLACEMENT_3D('',#5721,#5722,#5723);
#5721 = CARTESIAN_POINT('',(-2.755664375653,-2.115,0.315));
#5722 = DIRECTION('',(0.,1.,0.));
#5723 = DIRECTION('',(0.,0.,-1.));
#5724 = ADVANCED_FACE('',(#5725),#5743,.F.);
#5725 = FACE_BOUND('',#5726,.F.);
#5726 = EDGE_LOOP('',(#5727,#5735,#5741,#5742));
#5727 = ORIENTED_EDGE('',*,*,#5728,.F.);
#5728 = EDGE_CURVE('',#5729,#5584,#5731,.T.);
#5729 = VERTEX_POINT('',#5730);
#5730 = CARTESIAN_POINT('',(-3.,-2.115,0.));
#5731 = LINE('',#5732,#5733);
#5732 = CARTESIAN_POINT('',(-3.,-2.115,0.));
#5733 = VECTOR('',#5734,1.);
#5734 = DIRECTION('',(0.,0.,1.));
#5735 = ORIENTED_EDGE('',*,*,#5736,.T.);
#5736 = EDGE_CURVE('',#5729,#5614,#5737,.T.);
#5737 = LINE('',#5738,#5739);
#5738 = CARTESIAN_POINT('',(-3.,-2.115,0.));
#5739 = VECTOR('',#5740,1.);
#5740 = DIRECTION('',(0.,1.,0.));
#5741 = ORIENTED_EDGE('',*,*,#5623,.T.);
#5742 = ORIENTED_EDGE('',*,*,#5583,.F.);
#5743 = PLANE('',#5744);
#5744 = AXIS2_PLACEMENT_3D('',#5745,#5746,#5747);
#5745 = CARTESIAN_POINT('',(-3.,-2.115,0.));
#5746 = DIRECTION('',(1.,0.,0.));
#5747 = DIRECTION('',(0.,0.,1.));
#5748 = ADVANCED_FACE('',(#5749),#5818,.T.);
#5749 = FACE_BOUND('',#5750,.T.);
#5750 = EDGE_LOOP('',(#5751,#5759,#5768,#5776,#5784,#5792,#5800,#5809,
    #5815,#5816,#5817));
#5751 = ORIENTED_EDGE('',*,*,#5752,.T.);
#5752 = EDGE_CURVE('',#5729,#5753,#5755,.T.);
#5753 = VERTEX_POINT('',#5754);
#5754 = CARTESIAN_POINT('',(-2.651888125218,-2.115,0.));
#5755 = LINE('',#5756,#5757);
#5756 = CARTESIAN_POINT('',(-3.,-2.115,0.));
#5757 = VECTOR('',#5758,1.);
#5758 = DIRECTION('',(1.,0.,0.));
#5759 = ORIENTED_EDGE('',*,*,#5760,.T.);
#5760 = EDGE_CURVE('',#5753,#5761,#5763,.T.);
#5761 = VERTEX_POINT('',#5762);
#5762 = CARTESIAN_POINT('',(-2.568480552755,-2.115,4.121773870507E-02));
#5763 = CIRCLE('',#5764,0.105);
#5764 = AXIS2_PLACEMENT_3D('',#5765,#5766,#5767);
#5765 = CARTESIAN_POINT('',(-2.651888125218,-2.115,0.105));
#5766 = DIRECTION('',(0.,-1.,0.));
#5767 = DIRECTION('',(0.,0.,1.));
#5768 = ORIENTED_EDGE('',*,*,#5769,.T.);
#5769 = EDGE_CURVE('',#5761,#5770,#5772,.T.);
#5770 = VERTEX_POINT('',#5771);
#5771 = CARTESIAN_POINT('',(-2.01303889449,-2.115,0.76756452259));
#5772 = LINE('',#5773,#5774);
#5773 = CARTESIAN_POINT('',(-2.6,-2.115,2.775557561563E-17));
#5774 = VECTOR('',#5775,1.);
#5775 = DIRECTION('',(0.607450107571,0.,0.794357832977));
#5776 = ORIENTED_EDGE('',*,*,#5777,.T.);
#5777 = EDGE_CURVE('',#5770,#5778,#5780,.T.);
#5778 = VERTEX_POINT('',#5779);
#5779 = CARTESIAN_POINT('',(-1.95,-2.115,0.76756452259));
#5780 = LINE('',#5781,#5782);
#5781 = CARTESIAN_POINT('',(-2.116815144925,-2.115,0.76756452259));
#5782 = VECTOR('',#5783,1.);
#5783 = DIRECTION('',(1.,0.,0.));
#5784 = ORIENTED_EDGE('',*,*,#5785,.T.);
#5785 = EDGE_CURVE('',#5778,#5786,#5788,.T.);
#5786 = VERTEX_POINT('',#5787);
#5787 = CARTESIAN_POINT('',(-1.95,-2.115,0.97756452259));
#5788 = LINE('',#5789,#5790);
#5789 = CARTESIAN_POINT('',(-1.95,-2.115,0.76756452259));
#5790 = VECTOR('',#5791,1.);
#5791 = DIRECTION('',(0.,0.,1.));
#5792 = ORIENTED_EDGE('',*,*,#5793,.F.);
#5793 = EDGE_CURVE('',#5794,#5786,#5796,.T.);
#5794 = VERTEX_POINT('',#5795);
#5795 = CARTESIAN_POINT('',(-2.064927019708,-2.115,0.97756452259));
#5796 = LINE('',#5797,#5798);
#5797 = CARTESIAN_POINT('',(-2.116815144925,-2.115,0.97756452259));
#5798 = VECTOR('',#5799,1.);
#5799 = DIRECTION('',(1.,0.,0.));
#5800 = ORIENTED_EDGE('',*,*,#5801,.F.);
#5801 = EDGE_CURVE('',#5802,#5794,#5804,.T.);
#5802 = VERTEX_POINT('',#5803);
#5803 = CARTESIAN_POINT('',(-2.14833459217,-2.115,0.936346783885));
#5804 = CIRCLE('',#5805,0.105);
#5805 = AXIS2_PLACEMENT_3D('',#5806,#5807,#5808);
#5806 = CARTESIAN_POINT('',(-2.064927019708,-2.115,0.87256452259));
#5807 = DIRECTION('',(0.,1.,0.));
#5808 = DIRECTION('',(0.,-0.,1.));
#5809 = ORIENTED_EDGE('',*,*,#5810,.F.);
#5810 = EDGE_CURVE('',#5706,#5802,#5811,.T.);
#5811 = LINE('',#5812,#5813);
#5812 = CARTESIAN_POINT('',(-2.766815144925,-2.115,0.12756452259));
#5813 = VECTOR('',#5814,1.);
#5814 = DIRECTION('',(0.607450107571,0.,0.794357832977));
#5815 = ORIENTED_EDGE('',*,*,#5713,.F.);
#5816 = ORIENTED_EDGE('',*,*,#5591,.F.);
#5817 = ORIENTED_EDGE('',*,*,#5728,.F.);
#5818 = PLANE('',#5819);
#5819 = AXIS2_PLACEMENT_3D('',#5820,#5821,#5822);
#5820 = CARTESIAN_POINT('',(-2.448022419547,-2.115,0.434190850724));
#5821 = DIRECTION('',(-0.,-1.,-0.));
#5822 = DIRECTION('',(0.,0.,-1.));
#5823 = ADVANCED_FACE('',(#5824),#5835,.F.);
#5824 = FACE_BOUND('',#5825,.F.);
#5825 = EDGE_LOOP('',(#5826,#5827,#5828,#5829));
#5826 = ORIENTED_EDGE('',*,*,#5613,.F.);
#5827 = ORIENTED_EDGE('',*,*,#5736,.F.);
#5828 = ORIENTED_EDGE('',*,*,#5752,.T.);
#5829 = ORIENTED_EDGE('',*,*,#5830,.T.);
#5830 = EDGE_CURVE('',#5753,#5616,#5831,.T.);
#5831 = LINE('',#5832,#5833);
#5832 = CARTESIAN_POINT('',(-2.651888125218,-2.115,0.));
#5833 = VECTOR('',#5834,1.);
#5834 = DIRECTION('',(0.,1.,0.));
#5835 = PLANE('',#5836);
#5836 = AXIS2_PLACEMENT_3D('',#5837,#5838,#5839);
#5837 = CARTESIAN_POINT('',(-3.,-2.115,0.));
#5838 = DIRECTION('',(0.,0.,1.));
#5839 = DIRECTION('',(1.,0.,-0.));
#5840 = ADVANCED_FACE('',(#5841),#5852,.T.);
#5841 = FACE_BOUND('',#5842,.T.);
#5842 = EDGE_LOOP('',(#5843,#5844,#5845,#5851));
#5843 = ORIENTED_EDGE('',*,*,#5830,.T.);
#5844 = ORIENTED_EDGE('',*,*,#5688,.T.);
#5845 = ORIENTED_EDGE('',*,*,#5846,.F.);
#5846 = EDGE_CURVE('',#5761,#5681,#5847,.T.);
#5847 = LINE('',#5848,#5849);
#5848 = CARTESIAN_POINT('',(-2.568480552755,-2.115,4.121773870507E-02));
#5849 = VECTOR('',#5850,1.);
#5850 = DIRECTION('',(0.,1.,0.));
#5851 = ORIENTED_EDGE('',*,*,#5760,.F.);
#5852 = CYLINDRICAL_SURFACE('',#5853,0.105);
#5853 = AXIS2_PLACEMENT_3D('',#5854,#5855,#5856);
#5854 = CARTESIAN_POINT('',(-2.651888125218,-2.115,0.105));
#5855 = DIRECTION('',(0.,1.,0.));
#5856 = DIRECTION('',(0.,0.,-1.));
#5857 = ADVANCED_FACE('',(#5858),#5869,.T.);
#5858 = FACE_BOUND('',#5859,.T.);
#5859 = EDGE_LOOP('',(#5860,#5861,#5862,#5863));
#5860 = ORIENTED_EDGE('',*,*,#5769,.F.);
#5861 = ORIENTED_EDGE('',*,*,#5846,.T.);
#5862 = ORIENTED_EDGE('',*,*,#5680,.T.);
#5863 = ORIENTED_EDGE('',*,*,#5864,.F.);
#5864 = EDGE_CURVE('',#5770,#5673,#5865,.T.);
#5865 = LINE('',#5866,#5867);
#5866 = CARTESIAN_POINT('',(-2.01303889449,-2.115,0.76756452259));
#5867 = VECTOR('',#5868,1.);
#5868 = DIRECTION('',(0.,1.,0.));
#5869 = PLANE('',#5870);
#5870 = AXIS2_PLACEMENT_3D('',#5871,#5872,#5873);
#5871 = CARTESIAN_POINT('',(-2.6,-2.115,2.775557561563E-17));
#5872 = DIRECTION('',(0.794357832977,0.,-0.607450107571));
#5873 = DIRECTION('',(0.607450107571,0.,0.794357832977));
#5874 = ADVANCED_FACE('',(#5875),#5886,.F.);
#5875 = FACE_BOUND('',#5876,.F.);
#5876 = EDGE_LOOP('',(#5877,#5878,#5879,#5880));
#5877 = ORIENTED_EDGE('',*,*,#5672,.F.);
#5878 = ORIENTED_EDGE('',*,*,#5864,.F.);
#5879 = ORIENTED_EDGE('',*,*,#5777,.T.);
#5880 = ORIENTED_EDGE('',*,*,#5881,.T.);
#5881 = EDGE_CURVE('',#5778,#5665,#5882,.T.);
#5882 = LINE('',#5883,#5884);
#5883 = CARTESIAN_POINT('',(-1.95,-2.115,0.76756452259));
#5884 = VECTOR('',#5885,1.);
#5885 = DIRECTION('',(0.,1.,0.));
#5886 = PLANE('',#5887);
#5887 = AXIS2_PLACEMENT_3D('',#5888,#5889,#5890);
#5888 = CARTESIAN_POINT('',(-2.116815144925,-2.115,0.76756452259));
#5889 = DIRECTION('',(0.,0.,1.));
#5890 = DIRECTION('',(1.,0.,-0.));
#5891 = ADVANCED_FACE('',(#5892),#5903,.T.);
#5892 = FACE_BOUND('',#5893,.T.);
#5893 = EDGE_LOOP('',(#5894,#5895,#5896,#5897));
#5894 = ORIENTED_EDGE('',*,*,#5785,.F.);
#5895 = ORIENTED_EDGE('',*,*,#5881,.T.);
#5896 = ORIENTED_EDGE('',*,*,#5664,.T.);
#5897 = ORIENTED_EDGE('',*,*,#5898,.F.);
#5898 = EDGE_CURVE('',#5786,#5657,#5899,.T.);
#5899 = LINE('',#5900,#5901);
#5900 = CARTESIAN_POINT('',(-1.95,-2.115,0.97756452259));
#5901 = VECTOR('',#5902,1.);
#5902 = DIRECTION('',(0.,1.,0.));
#5903 = PLANE('',#5904);
#5904 = AXIS2_PLACEMENT_3D('',#5905,#5906,#5907);
#5905 = CARTESIAN_POINT('',(-1.95,-2.115,0.76756452259));
#5906 = DIRECTION('',(1.,0.,0.));
#5907 = DIRECTION('',(0.,0.,1.));
#5908 = ADVANCED_FACE('',(#5909),#5920,.F.);
#5909 = FACE_BOUND('',#5910,.F.);
#5910 = EDGE_LOOP('',(#5911,#5912,#5913,#5914));
#5911 = ORIENTED_EDGE('',*,*,#5810,.F.);
#5912 = ORIENTED_EDGE('',*,*,#5705,.T.);
#5913 = ORIENTED_EDGE('',*,*,#5639,.T.);
#5914 = ORIENTED_EDGE('',*,*,#5915,.F.);
#5915 = EDGE_CURVE('',#5802,#5640,#5916,.T.);
#5916 = LINE('',#5917,#5918);
#5917 = CARTESIAN_POINT('',(-2.14833459217,-2.115,0.936346783885));
#5918 = VECTOR('',#5919,1.);
#5919 = DIRECTION('',(0.,1.,0.));
#5920 = PLANE('',#5921);
#5921 = AXIS2_PLACEMENT_3D('',#5922,#5923,#5924);
#5922 = CARTESIAN_POINT('',(-2.766815144925,-2.115,0.12756452259));
#5923 = DIRECTION('',(0.794357832977,0.,-0.607450107571));
#5924 = DIRECTION('',(0.607450107571,0.,0.794357832977));
#5925 = ADVANCED_FACE('',(#5926),#5937,.T.);
#5926 = FACE_BOUND('',#5927,.T.);
#5927 = EDGE_LOOP('',(#5928,#5929,#5930,#5931));
#5928 = ORIENTED_EDGE('',*,*,#5793,.T.);
#5929 = ORIENTED_EDGE('',*,*,#5898,.T.);
#5930 = ORIENTED_EDGE('',*,*,#5656,.F.);
#5931 = ORIENTED_EDGE('',*,*,#5932,.F.);
#5932 = EDGE_CURVE('',#5794,#5648,#5933,.T.);
#5933 = LINE('',#5934,#5935);
#5934 = CARTESIAN_POINT('',(-2.064927019708,-2.115,0.97756452259));
#5935 = VECTOR('',#5936,1.);
#5936 = DIRECTION('',(0.,1.,0.));
#5937 = PLANE('',#5938);
#5938 = AXIS2_PLACEMENT_3D('',#5939,#5940,#5941);
#5939 = CARTESIAN_POINT('',(-2.116815144925,-2.115,0.97756452259));
#5940 = DIRECTION('',(0.,0.,1.));
#5941 = DIRECTION('',(1.,0.,-0.));
#5942 = ADVANCED_FACE('',(#5943),#5949,.T.);
#5943 = FACE_BOUND('',#5944,.T.);
#5944 = EDGE_LOOP('',(#5945,#5946,#5947,#5948));
#5945 = ORIENTED_EDGE('',*,*,#5801,.T.);
#5946 = ORIENTED_EDGE('',*,*,#5932,.T.);
#5947 = ORIENTED_EDGE('',*,*,#5647,.F.);
#5948 = ORIENTED_EDGE('',*,*,#5915,.F.);
#5949 = CYLINDRICAL_SURFACE('',#5950,0.105);
#5950 = AXIS2_PLACEMENT_3D('',#5951,#5952,#5953);
#5951 = CARTESIAN_POINT('',(-2.064927019708,-2.115,0.87256452259));
#5952 = DIRECTION('',(0.,1.,0.));
#5953 = DIRECTION('',(-0.794357832977,0.,0.607450107571));
#5954 = MANIFOLD_SOLID_BREP('',#5955);
#5955 = CLOSED_SHELL('',(#5956,#5996,#6086,#6111,#6135,#6210,#6227,#6244
    ,#6261,#6278,#6295,#6312,#6329));
#5956 = ADVANCED_FACE('',(#5957),#5991,.T.);
#5957 = FACE_BOUND('',#5958,.T.);
#5958 = EDGE_LOOP('',(#5959,#5969,#5977,#5985));
#5959 = ORIENTED_EDGE('',*,*,#5960,.F.);
#5960 = EDGE_CURVE('',#5961,#5963,#5965,.T.);
#5961 = VERTEX_POINT('',#5962);
#5962 = CARTESIAN_POINT('',(2.755664375653,-1.695,0.21));
#5963 = VERTEX_POINT('',#5964);
#5964 = CARTESIAN_POINT('',(3.,-1.695,0.21));
#5965 = LINE('',#5966,#5967);
#5966 = CARTESIAN_POINT('',(2.6,-1.695,0.21));
#5967 = VECTOR('',#5968,1.);
#5968 = DIRECTION('',(1.,0.,0.));
#5969 = ORIENTED_EDGE('',*,*,#5970,.F.);
#5970 = EDGE_CURVE('',#5971,#5961,#5973,.T.);
#5971 = VERTEX_POINT('',#5972);
#5972 = CARTESIAN_POINT('',(2.755664375653,-2.115,0.21));
#5973 = LINE('',#5974,#5975);
#5974 = CARTESIAN_POINT('',(2.755664375653,-2.115,0.21));
#5975 = VECTOR('',#5976,1.);
#5976 = DIRECTION('',(0.,1.,0.));
#5977 = ORIENTED_EDGE('',*,*,#5978,.T.);
#5978 = EDGE_CURVE('',#5971,#5979,#5981,.T.);
#5979 = VERTEX_POINT('',#5980);
#5980 = CARTESIAN_POINT('',(3.,-2.115,0.21));
#5981 = LINE('',#5982,#5983);
#5982 = CARTESIAN_POINT('',(2.6,-2.115,0.21));
#5983 = VECTOR('',#5984,1.);
#5984 = DIRECTION('',(1.,0.,0.));
#5985 = ORIENTED_EDGE('',*,*,#5986,.T.);
#5986 = EDGE_CURVE('',#5979,#5963,#5987,.T.);
#5987 = LINE('',#5988,#5989);
#5988 = CARTESIAN_POINT('',(3.,-2.115,0.21));
#5989 = VECTOR('',#5990,1.);
#5990 = DIRECTION('',(0.,1.,0.));
#5991 = PLANE('',#5992);
#5992 = AXIS2_PLACEMENT_3D('',#5993,#5994,#5995);
#5993 = CARTESIAN_POINT('',(2.6,-2.115,0.21));
#5994 = DIRECTION('',(0.,0.,1.));
#5995 = DIRECTION('',(1.,0.,-0.));
#5996 = ADVANCED_FACE('',(#5997),#6081,.T.);
#5997 = FACE_BOUND('',#5998,.T.);
#5998 = EDGE_LOOP('',(#5999,#6009,#6018,#6026,#6034,#6042,#6050,#6059,
    #6067,#6074,#6075));
#5999 = ORIENTED_EDGE('',*,*,#6000,.F.);
#6000 = EDGE_CURVE('',#6001,#6003,#6005,.T.);
#6001 = VERTEX_POINT('',#6002);
#6002 = CARTESIAN_POINT('',(2.651888125218,-1.695,0.));
#6003 = VERTEX_POINT('',#6004);
#6004 = CARTESIAN_POINT('',(3.,-1.695,0.));
#6005 = LINE('',#6006,#6007);
#6006 = CARTESIAN_POINT('',(2.6,-1.695,0.));
#6007 = VECTOR('',#6008,1.);
#6008 = DIRECTION('',(1.,0.,0.));
#6009 = ORIENTED_EDGE('',*,*,#6010,.T.);
#6010 = EDGE_CURVE('',#6001,#6011,#6013,.T.);
#6011 = VERTEX_POINT('',#6012);
#6012 = CARTESIAN_POINT('',(2.568480552755,-1.695,4.121773870507E-02));
#6013 = CIRCLE('',#6014,0.105);
#6014 = AXIS2_PLACEMENT_3D('',#6015,#6016,#6017);
#6015 = CARTESIAN_POINT('',(2.651888125218,-1.695,0.105));
#6016 = DIRECTION('',(0.,1.,0.));
#6017 = DIRECTION('',(0.,-0.,1.));
#6018 = ORIENTED_EDGE('',*,*,#6019,.T.);
#6019 = EDGE_CURVE('',#6011,#6020,#6022,.T.);
#6020 = VERTEX_POINT('',#6021);
#6021 = CARTESIAN_POINT('',(2.01303889449,-1.695,0.76756452259));
#6022 = LINE('',#6023,#6024);
#6023 = CARTESIAN_POINT('',(2.6,-1.695,0.));
#6024 = VECTOR('',#6025,1.);
#6025 = DIRECTION('',(-0.607450107571,0.,0.794357832977));
#6026 = ORIENTED_EDGE('',*,*,#6027,.F.);
#6027 = EDGE_CURVE('',#6028,#6020,#6030,.T.);
#6028 = VERTEX_POINT('',#6029);
#6029 = CARTESIAN_POINT('',(1.95,-1.695,0.76756452259));
#6030 = LINE('',#6031,#6032);
#6031 = CARTESIAN_POINT('',(1.95,-1.695,0.76756452259));
#6032 = VECTOR('',#6033,1.);
#6033 = DIRECTION('',(1.,0.,0.));
#6034 = ORIENTED_EDGE('',*,*,#6035,.T.);
#6035 = EDGE_CURVE('',#6028,#6036,#6038,.T.);
#6036 = VERTEX_POINT('',#6037);
#6037 = CARTESIAN_POINT('',(1.95,-1.695,0.97756452259));
#6038 = LINE('',#6039,#6040);
#6039 = CARTESIAN_POINT('',(1.95,-1.695,0.76756452259));
#6040 = VECTOR('',#6041,1.);
#6041 = DIRECTION('',(0.,0.,1.));
#6042 = ORIENTED_EDGE('',*,*,#6043,.T.);
#6043 = EDGE_CURVE('',#6036,#6044,#6046,.T.);
#6044 = VERTEX_POINT('',#6045);
#6045 = CARTESIAN_POINT('',(2.064927019708,-1.695,0.97756452259));
#6046 = LINE('',#6047,#6048);
#6047 = CARTESIAN_POINT('',(1.95,-1.695,0.97756452259));
#6048 = VECTOR('',#6049,1.);
#6049 = DIRECTION('',(1.,0.,0.));
#6050 = ORIENTED_EDGE('',*,*,#6051,.F.);
#6051 = EDGE_CURVE('',#6052,#6044,#6054,.T.);
#6052 = VERTEX_POINT('',#6053);
#6053 = CARTESIAN_POINT('',(2.14833459217,-1.695,0.936346783885));
#6054 = CIRCLE('',#6055,0.105);
#6055 = AXIS2_PLACEMENT_3D('',#6056,#6057,#6058);
#6056 = CARTESIAN_POINT('',(2.064927019708,-1.695,0.87256452259));
#6057 = DIRECTION('',(0.,-1.,0.));
#6058 = DIRECTION('',(0.,0.,1.));
#6059 = ORIENTED_EDGE('',*,*,#6060,.F.);
#6060 = EDGE_CURVE('',#6061,#6052,#6063,.T.);
#6061 = VERTEX_POINT('',#6062);
#6062 = CARTESIAN_POINT('',(2.67225680319,-1.695,0.251217738705));
#6063 = LINE('',#6064,#6065);
#6064 = CARTESIAN_POINT('',(2.766815144925,-1.695,0.12756452259));
#6065 = VECTOR('',#6066,1.);
#6066 = DIRECTION('',(-0.607450107571,0.,0.794357832977));
#6067 = ORIENTED_EDGE('',*,*,#6068,.F.);
#6068 = EDGE_CURVE('',#5961,#6061,#6069,.T.);
#6069 = CIRCLE('',#6070,0.105);
#6070 = AXIS2_PLACEMENT_3D('',#6071,#6072,#6073);
#6071 = CARTESIAN_POINT('',(2.755664375653,-1.695,0.315));
#6072 = DIRECTION('',(0.,1.,0.));
#6073 = DIRECTION('',(0.,-0.,1.));
#6074 = ORIENTED_EDGE('',*,*,#5960,.T.);
#6075 = ORIENTED_EDGE('',*,*,#6076,.F.);
#6076 = EDGE_CURVE('',#6003,#5963,#6077,.T.);
#6077 = LINE('',#6078,#6079);
#6078 = CARTESIAN_POINT('',(3.,-1.695,0.));
#6079 = VECTOR('',#6080,1.);
#6080 = DIRECTION('',(0.,0.,1.));
#6081 = PLANE('',#6082);
#6082 = AXIS2_PLACEMENT_3D('',#6083,#6084,#6085);
#6083 = CARTESIAN_POINT('',(2.448022419547,-1.695,0.434190850724));
#6084 = DIRECTION('',(1.642817626267E-30,1.,1.296298289281E-30));
#6085 = DIRECTION('',(1.,-1.642817626267E-30,0.));
#6086 = ADVANCED_FACE('',(#6087),#6106,.F.);
#6087 = FACE_BOUND('',#6088,.F.);
#6088 = EDGE_LOOP('',(#6089,#6098,#6104,#6105));
#6089 = ORIENTED_EDGE('',*,*,#6090,.T.);
#6090 = EDGE_CURVE('',#5971,#6091,#6093,.T.);
#6091 = VERTEX_POINT('',#6092);
#6092 = CARTESIAN_POINT('',(2.67225680319,-2.115,0.251217738705));
#6093 = CIRCLE('',#6094,0.105);
#6094 = AXIS2_PLACEMENT_3D('',#6095,#6096,#6097);
#6095 = CARTESIAN_POINT('',(2.755664375653,-2.115,0.315));
#6096 = DIRECTION('',(0.,1.,0.));
#6097 = DIRECTION('',(0.,-0.,1.));
#6098 = ORIENTED_EDGE('',*,*,#6099,.T.);
#6099 = EDGE_CURVE('',#6091,#6061,#6100,.T.);
#6100 = LINE('',#6101,#6102);
#6101 = CARTESIAN_POINT('',(2.67225680319,-2.115,0.251217738705));
#6102 = VECTOR('',#6103,1.);
#6103 = DIRECTION('',(0.,1.,0.));
#6104 = ORIENTED_EDGE('',*,*,#6068,.F.);
#6105 = ORIENTED_EDGE('',*,*,#5970,.F.);
#6106 = CYLINDRICAL_SURFACE('',#6107,0.105);
#6107 = AXIS2_PLACEMENT_3D('',#6108,#6109,#6110);
#6108 = CARTESIAN_POINT('',(2.755664375653,-2.115,0.315));
#6109 = DIRECTION('',(0.,1.,0.));
#6110 = DIRECTION('',(0.,0.,-1.));
#6111 = ADVANCED_FACE('',(#6112),#6130,.T.);
#6112 = FACE_BOUND('',#6113,.T.);
#6113 = EDGE_LOOP('',(#6114,#6122,#6128,#6129));
#6114 = ORIENTED_EDGE('',*,*,#6115,.F.);
#6115 = EDGE_CURVE('',#6116,#5979,#6118,.T.);
#6116 = VERTEX_POINT('',#6117);
#6117 = CARTESIAN_POINT('',(3.,-2.115,0.));
#6118 = LINE('',#6119,#6120);
#6119 = CARTESIAN_POINT('',(3.,-2.115,0.));
#6120 = VECTOR('',#6121,1.);
#6121 = DIRECTION('',(0.,0.,1.));
#6122 = ORIENTED_EDGE('',*,*,#6123,.T.);
#6123 = EDGE_CURVE('',#6116,#6003,#6124,.T.);
#6124 = LINE('',#6125,#6126);
#6125 = CARTESIAN_POINT('',(3.,-2.115,0.));
#6126 = VECTOR('',#6127,1.);
#6127 = DIRECTION('',(0.,1.,0.));
#6128 = ORIENTED_EDGE('',*,*,#6076,.T.);
#6129 = ORIENTED_EDGE('',*,*,#5986,.F.);
#6130 = PLANE('',#6131);
#6131 = AXIS2_PLACEMENT_3D('',#6132,#6133,#6134);
#6132 = CARTESIAN_POINT('',(3.,-2.115,0.));
#6133 = DIRECTION('',(1.,0.,0.));
#6134 = DIRECTION('',(0.,0.,1.));
#6135 = ADVANCED_FACE('',(#6136),#6205,.T.);
#6136 = FACE_BOUND('',#6137,.T.);
#6137 = EDGE_LOOP('',(#6138,#6146,#6147,#6148,#6149,#6157,#6166,#6174,
    #6182,#6190,#6198));
#6138 = ORIENTED_EDGE('',*,*,#6139,.T.);
#6139 = EDGE_CURVE('',#6140,#6116,#6142,.T.);
#6140 = VERTEX_POINT('',#6141);
#6141 = CARTESIAN_POINT('',(2.651888125218,-2.115,0.));
#6142 = LINE('',#6143,#6144);
#6143 = CARTESIAN_POINT('',(2.6,-2.115,0.));
#6144 = VECTOR('',#6145,1.);
#6145 = DIRECTION('',(1.,0.,0.));
#6146 = ORIENTED_EDGE('',*,*,#6115,.T.);
#6147 = ORIENTED_EDGE('',*,*,#5978,.F.);
#6148 = ORIENTED_EDGE('',*,*,#6090,.T.);
#6149 = ORIENTED_EDGE('',*,*,#6150,.T.);
#6150 = EDGE_CURVE('',#6091,#6151,#6153,.T.);
#6151 = VERTEX_POINT('',#6152);
#6152 = CARTESIAN_POINT('',(2.14833459217,-2.115,0.936346783885));
#6153 = LINE('',#6154,#6155);
#6154 = CARTESIAN_POINT('',(2.766815144925,-2.115,0.12756452259));
#6155 = VECTOR('',#6156,1.);
#6156 = DIRECTION('',(-0.607450107571,0.,0.794357832977));
#6157 = ORIENTED_EDGE('',*,*,#6158,.T.);
#6158 = EDGE_CURVE('',#6151,#6159,#6161,.T.);
#6159 = VERTEX_POINT('',#6160);
#6160 = CARTESIAN_POINT('',(2.064927019708,-2.115,0.97756452259));
#6161 = CIRCLE('',#6162,0.105);
#6162 = AXIS2_PLACEMENT_3D('',#6163,#6164,#6165);
#6163 = CARTESIAN_POINT('',(2.064927019708,-2.115,0.87256452259));
#6164 = DIRECTION('',(0.,-1.,0.));
#6165 = DIRECTION('',(0.,0.,1.));
#6166 = ORIENTED_EDGE('',*,*,#6167,.F.);
#6167 = EDGE_CURVE('',#6168,#6159,#6170,.T.);
#6168 = VERTEX_POINT('',#6169);
#6169 = CARTESIAN_POINT('',(1.95,-2.115,0.97756452259));
#6170 = LINE('',#6171,#6172);
#6171 = CARTESIAN_POINT('',(1.95,-2.115,0.97756452259));
#6172 = VECTOR('',#6173,1.);
#6173 = DIRECTION('',(1.,0.,0.));
#6174 = ORIENTED_EDGE('',*,*,#6175,.F.);
#6175 = EDGE_CURVE('',#6176,#6168,#6178,.T.);
#6176 = VERTEX_POINT('',#6177);
#6177 = CARTESIAN_POINT('',(1.95,-2.115,0.76756452259));
#6178 = LINE('',#6179,#6180);
#6179 = CARTESIAN_POINT('',(1.95,-2.115,0.76756452259));
#6180 = VECTOR('',#6181,1.);
#6181 = DIRECTION('',(0.,0.,1.));
#6182 = ORIENTED_EDGE('',*,*,#6183,.T.);
#6183 = EDGE_CURVE('',#6176,#6184,#6186,.T.);
#6184 = VERTEX_POINT('',#6185);
#6185 = CARTESIAN_POINT('',(2.01303889449,-2.115,0.76756452259));
#6186 = LINE('',#6187,#6188);
#6187 = CARTESIAN_POINT('',(1.95,-2.115,0.76756452259));
#6188 = VECTOR('',#6189,1.);
#6189 = DIRECTION('',(1.,0.,0.));
#6190 = ORIENTED_EDGE('',*,*,#6191,.F.);
#6191 = EDGE_CURVE('',#6192,#6184,#6194,.T.);
#6192 = VERTEX_POINT('',#6193);
#6193 = CARTESIAN_POINT('',(2.568480552755,-2.115,4.121773870507E-02));
#6194 = LINE('',#6195,#6196);
#6195 = CARTESIAN_POINT('',(2.6,-2.115,0.));
#6196 = VECTOR('',#6197,1.);
#6197 = DIRECTION('',(-0.607450107571,0.,0.794357832977));
#6198 = ORIENTED_EDGE('',*,*,#6199,.F.);
#6199 = EDGE_CURVE('',#6140,#6192,#6200,.T.);
#6200 = CIRCLE('',#6201,0.105);
#6201 = AXIS2_PLACEMENT_3D('',#6202,#6203,#6204);
#6202 = CARTESIAN_POINT('',(2.651888125218,-2.115,0.105));
#6203 = DIRECTION('',(0.,1.,0.));
#6204 = DIRECTION('',(0.,-0.,1.));
#6205 = PLANE('',#6206);
#6206 = AXIS2_PLACEMENT_3D('',#6207,#6208,#6209);
#6207 = CARTESIAN_POINT('',(2.448022419547,-2.115,0.434190850724));
#6208 = DIRECTION('',(-0.,-1.,-0.));
#6209 = DIRECTION('',(0.,0.,-1.));
#6210 = ADVANCED_FACE('',(#6211),#6222,.F.);
#6211 = FACE_BOUND('',#6212,.F.);
#6212 = EDGE_LOOP('',(#6213,#6214,#6215,#6216));
#6213 = ORIENTED_EDGE('',*,*,#6139,.T.);
#6214 = ORIENTED_EDGE('',*,*,#6123,.T.);
#6215 = ORIENTED_EDGE('',*,*,#6000,.F.);
#6216 = ORIENTED_EDGE('',*,*,#6217,.F.);
#6217 = EDGE_CURVE('',#6140,#6001,#6218,.T.);
#6218 = LINE('',#6219,#6220);
#6219 = CARTESIAN_POINT('',(2.651888125218,-2.115,0.));
#6220 = VECTOR('',#6221,1.);
#6221 = DIRECTION('',(0.,1.,0.));
#6222 = PLANE('',#6223);
#6223 = AXIS2_PLACEMENT_3D('',#6224,#6225,#6226);
#6224 = CARTESIAN_POINT('',(2.6,-2.115,0.));
#6225 = DIRECTION('',(0.,0.,1.));
#6226 = DIRECTION('',(1.,0.,-0.));
#6227 = ADVANCED_FACE('',(#6228),#6239,.T.);
#6228 = FACE_BOUND('',#6229,.T.);
#6229 = EDGE_LOOP('',(#6230,#6231,#6237,#6238));
#6230 = ORIENTED_EDGE('',*,*,#6199,.T.);
#6231 = ORIENTED_EDGE('',*,*,#6232,.T.);
#6232 = EDGE_CURVE('',#6192,#6011,#6233,.T.);
#6233 = LINE('',#6234,#6235);
#6234 = CARTESIAN_POINT('',(2.568480552755,-2.115,4.121773870507E-02));
#6235 = VECTOR('',#6236,1.);
#6236 = DIRECTION('',(0.,1.,0.));
#6237 = ORIENTED_EDGE('',*,*,#6010,.F.);
#6238 = ORIENTED_EDGE('',*,*,#6217,.F.);
#6239 = CYLINDRICAL_SURFACE('',#6240,0.105);
#6240 = AXIS2_PLACEMENT_3D('',#6241,#6242,#6243);
#6241 = CARTESIAN_POINT('',(2.651888125218,-2.115,0.105));
#6242 = DIRECTION('',(0.,1.,0.));
#6243 = DIRECTION('',(0.,0.,-1.));
#6244 = ADVANCED_FACE('',(#6245),#6256,.F.);
#6245 = FACE_BOUND('',#6246,.F.);
#6246 = EDGE_LOOP('',(#6247,#6248,#6249,#6250));
#6247 = ORIENTED_EDGE('',*,*,#6191,.F.);
#6248 = ORIENTED_EDGE('',*,*,#6232,.T.);
#6249 = ORIENTED_EDGE('',*,*,#6019,.T.);
#6250 = ORIENTED_EDGE('',*,*,#6251,.F.);
#6251 = EDGE_CURVE('',#6184,#6020,#6252,.T.);
#6252 = LINE('',#6253,#6254);
#6253 = CARTESIAN_POINT('',(2.01303889449,-2.115,0.76756452259));
#6254 = VECTOR('',#6255,1.);
#6255 = DIRECTION('',(0.,1.,0.));
#6256 = PLANE('',#6257);
#6257 = AXIS2_PLACEMENT_3D('',#6258,#6259,#6260);
#6258 = CARTESIAN_POINT('',(2.6,-2.115,0.));
#6259 = DIRECTION('',(0.794357832977,0.,0.607450107571));
#6260 = DIRECTION('',(-0.607450107571,0.,0.794357832977));
#6261 = ADVANCED_FACE('',(#6262),#6273,.F.);
#6262 = FACE_BOUND('',#6263,.F.);
#6263 = EDGE_LOOP('',(#6264,#6265,#6271,#6272));
#6264 = ORIENTED_EDGE('',*,*,#6027,.F.);
#6265 = ORIENTED_EDGE('',*,*,#6266,.F.);
#6266 = EDGE_CURVE('',#6176,#6028,#6267,.T.);
#6267 = LINE('',#6268,#6269);
#6268 = CARTESIAN_POINT('',(1.95,-2.115,0.76756452259));
#6269 = VECTOR('',#6270,1.);
#6270 = DIRECTION('',(0.,1.,0.));
#6271 = ORIENTED_EDGE('',*,*,#6183,.T.);
#6272 = ORIENTED_EDGE('',*,*,#6251,.T.);
#6273 = PLANE('',#6274);
#6274 = AXIS2_PLACEMENT_3D('',#6275,#6276,#6277);
#6275 = CARTESIAN_POINT('',(1.95,-2.115,0.76756452259));
#6276 = DIRECTION('',(0.,0.,1.));
#6277 = DIRECTION('',(1.,0.,-0.));
#6278 = ADVANCED_FACE('',(#6279),#6290,.F.);
#6279 = FACE_BOUND('',#6280,.T.);
#6280 = EDGE_LOOP('',(#6281,#6282,#6288,#6289));
#6281 = ORIENTED_EDGE('',*,*,#6175,.T.);
#6282 = ORIENTED_EDGE('',*,*,#6283,.T.);
#6283 = EDGE_CURVE('',#6168,#6036,#6284,.T.);
#6284 = LINE('',#6285,#6286);
#6285 = CARTESIAN_POINT('',(1.95,-2.115,0.97756452259));
#6286 = VECTOR('',#6287,1.);
#6287 = DIRECTION('',(0.,1.,0.));
#6288 = ORIENTED_EDGE('',*,*,#6035,.F.);
#6289 = ORIENTED_EDGE('',*,*,#6266,.F.);
#6290 = PLANE('',#6291);
#6291 = AXIS2_PLACEMENT_3D('',#6292,#6293,#6294);
#6292 = CARTESIAN_POINT('',(1.95,-2.115,0.76756452259));
#6293 = DIRECTION('',(1.,0.,0.));
#6294 = DIRECTION('',(0.,0.,1.));
#6295 = ADVANCED_FACE('',(#6296),#6307,.T.);
#6296 = FACE_BOUND('',#6297,.T.);
#6297 = EDGE_LOOP('',(#6298,#6299,#6300,#6301));
#6298 = ORIENTED_EDGE('',*,*,#6150,.F.);
#6299 = ORIENTED_EDGE('',*,*,#6099,.T.);
#6300 = ORIENTED_EDGE('',*,*,#6060,.T.);
#6301 = ORIENTED_EDGE('',*,*,#6302,.F.);
#6302 = EDGE_CURVE('',#6151,#6052,#6303,.T.);
#6303 = LINE('',#6304,#6305);
#6304 = CARTESIAN_POINT('',(2.14833459217,-2.115,0.936346783885));
#6305 = VECTOR('',#6306,1.);
#6306 = DIRECTION('',(0.,1.,0.));
#6307 = PLANE('',#6308);
#6308 = AXIS2_PLACEMENT_3D('',#6309,#6310,#6311);
#6309 = CARTESIAN_POINT('',(2.766815144925,-2.115,0.12756452259));
#6310 = DIRECTION('',(0.794357832977,0.,0.607450107571));
#6311 = DIRECTION('',(-0.607450107571,0.,0.794357832977));
#6312 = ADVANCED_FACE('',(#6313),#6324,.T.);
#6313 = FACE_BOUND('',#6314,.T.);
#6314 = EDGE_LOOP('',(#6315,#6316,#6317,#6318));
#6315 = ORIENTED_EDGE('',*,*,#6043,.F.);
#6316 = ORIENTED_EDGE('',*,*,#6283,.F.);
#6317 = ORIENTED_EDGE('',*,*,#6167,.T.);
#6318 = ORIENTED_EDGE('',*,*,#6319,.T.);
#6319 = EDGE_CURVE('',#6159,#6044,#6320,.T.);
#6320 = LINE('',#6321,#6322);
#6321 = CARTESIAN_POINT('',(2.064927019708,-2.115,0.97756452259));
#6322 = VECTOR('',#6323,1.);
#6323 = DIRECTION('',(0.,1.,0.));
#6324 = PLANE('',#6325);
#6325 = AXIS2_PLACEMENT_3D('',#6326,#6327,#6328);
#6326 = CARTESIAN_POINT('',(1.95,-2.115,0.97756452259));
#6327 = DIRECTION('',(0.,0.,1.));
#6328 = DIRECTION('',(1.,0.,-0.));
#6329 = ADVANCED_FACE('',(#6330),#6336,.T.);
#6330 = FACE_BOUND('',#6331,.T.);
#6331 = EDGE_LOOP('',(#6332,#6333,#6334,#6335));
#6332 = ORIENTED_EDGE('',*,*,#6302,.T.);
#6333 = ORIENTED_EDGE('',*,*,#6051,.T.);
#6334 = ORIENTED_EDGE('',*,*,#6319,.F.);
#6335 = ORIENTED_EDGE('',*,*,#6158,.F.);
#6336 = CYLINDRICAL_SURFACE('',#6337,0.105);
#6337 = AXIS2_PLACEMENT_3D('',#6338,#6339,#6340);
#6338 = CARTESIAN_POINT('',(2.064927019708,-2.115,0.87256452259));
#6339 = DIRECTION('',(0.,1.,0.));
#6340 = DIRECTION('',(0.794357832977,-0.,0.607450107571));
#6341 = ( GEOMETRIC_REPRESENTATION_CONTEXT(3) 
GLOBAL_UNCERTAINTY_ASSIGNED_CONTEXT((#6345)) 
GLOBAL_UNIT_ASSIGNED_CONTEXT((#6342,#6343,#6344)) REPRESENTATION_CONTEXT
('Context #1','3D Context with UNIT and UNCERTAINTY') );
#6342 = ( LENGTH_UNIT() NAMED_UNIT(*) SI_UNIT(.MILLI.,.METRE.) );
#6343 = ( NAMED_UNIT(*) PLANE_ANGLE_UNIT() SI_UNIT($,.RADIAN.) );
#6344 = ( NAMED_UNIT(*) SI_UNIT($,.STERADIAN.) SOLID_ANGLE_UNIT() );
#6345 = UNCERTAINTY_MEASURE_WITH_UNIT(LENGTH_MEASURE(1.E-07),#6342,
  'distance_accuracy_value','confusion accuracy');
#6346 = CONTEXT_DEPENDENT_SHAPE_REPRESENTATION(#6347,#6349);
#6347 = ( REPRESENTATION_RELATIONSHIP('','',#3244,#2607) 
REPRESENTATION_RELATIONSHIP_WITH_TRANSFORMATION(#6348) 
SHAPE_REPRESENTATION_RELATIONSHIP() );
#6348 = ITEM_DEFINED_TRANSFORMATION('','',#11,#2612);
#6349 = PRODUCT_DEFINITION_SHAPE('Placement','Placement of an item',
  #6350);
#6350 = NEXT_ASSEMBLY_USAGE_OCCURRENCE('10','=>0:1:1:13','',#2602,#3239,
  $);
#6351 = PRODUCT_RELATED_PRODUCT_CATEGORY('part',$,(#3241));
#6352 = SHAPE_DEFINITION_REPRESENTATION(#6353,#6359);
#6353 = PRODUCT_DEFINITION_SHAPE('','',#6354);
#6354 = PRODUCT_DEFINITION('design','',#6355,#6358);
#6355 = PRODUCT_DEFINITION_FORMATION('','',#6356);
#6356 = PRODUCT('ThermalPad','ThermalPad','',(#6357));
#6357 = PRODUCT_CONTEXT('',#2,'mechanical');
#6358 = PRODUCT_DEFINITION_CONTEXT('part definition',#2,'design');
#6359 = ADVANCED_BREP_SHAPE_REPRESENTATION('',(#11,#6360),#6510);
#6360 = MANIFOLD_SOLID_BREP('',#6361);
#6361 = CLOSED_SHELL('',(#6362,#6402,#6442,#6464,#6486,#6498));
#6362 = ADVANCED_FACE('',(#6363),#6397,.F.);
#6363 = FACE_BOUND('',#6364,.F.);
#6364 = EDGE_LOOP('',(#6365,#6375,#6383,#6391));
#6365 = ORIENTED_EDGE('',*,*,#6366,.F.);
#6366 = EDGE_CURVE('',#6367,#6369,#6371,.T.);
#6367 = VERTEX_POINT('',#6368);
#6368 = CARTESIAN_POINT('',(0.,0.,0.));
#6369 = VERTEX_POINT('',#6370);
#6370 = CARTESIAN_POINT('',(0.,0.,5.E-02));
#6371 = LINE('',#6372,#6373);
#6372 = CARTESIAN_POINT('',(0.,0.,0.));
#6373 = VECTOR('',#6374,1.);
#6374 = DIRECTION('',(0.,0.,1.));
#6375 = ORIENTED_EDGE('',*,*,#6376,.T.);
#6376 = EDGE_CURVE('',#6367,#6377,#6379,.T.);
#6377 = VERTEX_POINT('',#6378);
#6378 = CARTESIAN_POINT('',(0.,3.15,0.));
#6379 = LINE('',#6380,#6381);
#6380 = CARTESIAN_POINT('',(0.,0.,0.));
#6381 = VECTOR('',#6382,1.);
#6382 = DIRECTION('',(-0.,1.,0.));
#6383 = ORIENTED_EDGE('',*,*,#6384,.T.);
#6384 = EDGE_CURVE('',#6377,#6385,#6387,.T.);
#6385 = VERTEX_POINT('',#6386);
#6386 = CARTESIAN_POINT('',(0.,3.15,5.E-02));
#6387 = LINE('',#6388,#6389);
#6388 = CARTESIAN_POINT('',(0.,3.15,0.));
#6389 = VECTOR('',#6390,1.);
#6390 = DIRECTION('',(0.,0.,1.));
#6391 = ORIENTED_EDGE('',*,*,#6392,.F.);
#6392 = EDGE_CURVE('',#6369,#6385,#6393,.T.);
#6393 = LINE('',#6394,#6395);
#6394 = CARTESIAN_POINT('',(0.,0.,5.E-02));
#6395 = VECTOR('',#6396,1.);
#6396 = DIRECTION('',(-0.,1.,0.));
#6397 = PLANE('',#6398);
#6398 = AXIS2_PLACEMENT_3D('',#6399,#6400,#6401);
#6399 = CARTESIAN_POINT('',(0.,0.,0.));
#6400 = DIRECTION('',(1.,0.,-0.));
#6401 = DIRECTION('',(0.,0.,1.));
#6402 = ADVANCED_FACE('',(#6403),#6437,.T.);
#6403 = FACE_BOUND('',#6404,.T.);
#6404 = EDGE_LOOP('',(#6405,#6415,#6423,#6431));
#6405 = ORIENTED_EDGE('',*,*,#6406,.F.);
#6406 = EDGE_CURVE('',#6407,#6409,#6411,.T.);
#6407 = VERTEX_POINT('',#6408);
#6408 = CARTESIAN_POINT('',(2.26,0.,0.));
#6409 = VERTEX_POINT('',#6410);
#6410 = CARTESIAN_POINT('',(2.26,0.,5.E-02));
#6411 = LINE('',#6412,#6413);
#6412 = CARTESIAN_POINT('',(2.26,0.,0.));
#6413 = VECTOR('',#6414,1.);
#6414 = DIRECTION('',(0.,0.,1.));
#6415 = ORIENTED_EDGE('',*,*,#6416,.T.);
#6416 = EDGE_CURVE('',#6407,#6417,#6419,.T.);
#6417 = VERTEX_POINT('',#6418);
#6418 = CARTESIAN_POINT('',(2.26,3.15,0.));
#6419 = LINE('',#6420,#6421);
#6420 = CARTESIAN_POINT('',(2.26,0.,0.));
#6421 = VECTOR('',#6422,1.);
#6422 = DIRECTION('',(-0.,1.,0.));
#6423 = ORIENTED_EDGE('',*,*,#6424,.T.);
#6424 = EDGE_CURVE('',#6417,#6425,#6427,.T.);
#6425 = VERTEX_POINT('',#6426);
#6426 = CARTESIAN_POINT('',(2.26,3.15,5.E-02));
#6427 = LINE('',#6428,#6429);
#6428 = CARTESIAN_POINT('',(2.26,3.15,0.));
#6429 = VECTOR('',#6430,1.);
#6430 = DIRECTION('',(0.,0.,1.));
#6431 = ORIENTED_EDGE('',*,*,#6432,.F.);
#6432 = EDGE_CURVE('',#6409,#6425,#6433,.T.);
#6433 = LINE('',#6434,#6435);
#6434 = CARTESIAN_POINT('',(2.26,0.,5.E-02));
#6435 = VECTOR('',#6436,1.);
#6436 = DIRECTION('',(0.,1.,0.));
#6437 = PLANE('',#6438);
#6438 = AXIS2_PLACEMENT_3D('',#6439,#6440,#6441);
#6439 = CARTESIAN_POINT('',(2.26,0.,0.));
#6440 = DIRECTION('',(1.,0.,-0.));
#6441 = DIRECTION('',(0.,0.,1.));
#6442 = ADVANCED_FACE('',(#6443),#6459,.F.);
#6443 = FACE_BOUND('',#6444,.F.);
#6444 = EDGE_LOOP('',(#6445,#6451,#6452,#6458));
#6445 = ORIENTED_EDGE('',*,*,#6446,.F.);
#6446 = EDGE_CURVE('',#6367,#6407,#6447,.T.);
#6447 = LINE('',#6448,#6449);
#6448 = CARTESIAN_POINT('',(0.,0.,0.));
#6449 = VECTOR('',#6450,1.);
#6450 = DIRECTION('',(1.,0.,-0.));
#6451 = ORIENTED_EDGE('',*,*,#6366,.T.);
#6452 = ORIENTED_EDGE('',*,*,#6453,.T.);
#6453 = EDGE_CURVE('',#6369,#6409,#6454,.T.);
#6454 = LINE('',#6455,#6456);
#6455 = CARTESIAN_POINT('',(0.,0.,5.E-02));
#6456 = VECTOR('',#6457,1.);
#6457 = DIRECTION('',(1.,0.,-0.));
#6458 = ORIENTED_EDGE('',*,*,#6406,.F.);
#6459 = PLANE('',#6460);
#6460 = AXIS2_PLACEMENT_3D('',#6461,#6462,#6463);
#6461 = CARTESIAN_POINT('',(0.,0.,0.));
#6462 = DIRECTION('',(-0.,1.,0.));
#6463 = DIRECTION('',(0.,0.,1.));
#6464 = ADVANCED_FACE('',(#6465),#6481,.T.);
#6465 = FACE_BOUND('',#6466,.T.);
#6466 = EDGE_LOOP('',(#6467,#6473,#6474,#6480));
#6467 = ORIENTED_EDGE('',*,*,#6468,.F.);
#6468 = EDGE_CURVE('',#6377,#6417,#6469,.T.);
#6469 = LINE('',#6470,#6471);
#6470 = CARTESIAN_POINT('',(0.,3.15,0.));
#6471 = VECTOR('',#6472,1.);
#6472 = DIRECTION('',(1.,0.,-0.));
#6473 = ORIENTED_EDGE('',*,*,#6384,.T.);
#6474 = ORIENTED_EDGE('',*,*,#6475,.T.);
#6475 = EDGE_CURVE('',#6385,#6425,#6476,.T.);
#6476 = LINE('',#6477,#6478);
#6477 = CARTESIAN_POINT('',(0.,3.15,5.E-02));
#6478 = VECTOR('',#6479,1.);
#6479 = DIRECTION('',(1.,0.,-0.));
#6480 = ORIENTED_EDGE('',*,*,#6424,.F.);
#6481 = PLANE('',#6482);
#6482 = AXIS2_PLACEMENT_3D('',#6483,#6484,#6485);
#6483 = CARTESIAN_POINT('',(0.,3.15,0.));
#6484 = DIRECTION('',(-0.,1.,0.));
#6485 = DIRECTION('',(0.,0.,1.));
#6486 = ADVANCED_FACE('',(#6487),#6493,.F.);
#6487 = FACE_BOUND('',#6488,.F.);
#6488 = EDGE_LOOP('',(#6489,#6490,#6491,#6492));
#6489 = ORIENTED_EDGE('',*,*,#6376,.F.);
#6490 = ORIENTED_EDGE('',*,*,#6446,.T.);
#6491 = ORIENTED_EDGE('',*,*,#6416,.T.);
#6492 = ORIENTED_EDGE('',*,*,#6468,.F.);
#6493 = PLANE('',#6494);
#6494 = AXIS2_PLACEMENT_3D('',#6495,#6496,#6497);
#6495 = CARTESIAN_POINT('',(0.,0.,0.));
#6496 = DIRECTION('',(0.,0.,1.));
#6497 = DIRECTION('',(1.,0.,-0.));
#6498 = ADVANCED_FACE('',(#6499),#6505,.T.);
#6499 = FACE_BOUND('',#6500,.T.);
#6500 = EDGE_LOOP('',(#6501,#6502,#6503,#6504));
#6501 = ORIENTED_EDGE('',*,*,#6392,.F.);
#6502 = ORIENTED_EDGE('',*,*,#6453,.T.);
#6503 = ORIENTED_EDGE('',*,*,#6432,.T.);
#6504 = ORIENTED_EDGE('',*,*,#6475,.F.);
#6505 = PLANE('',#6506);
#6506 = AXIS2_PLACEMENT_3D('',#6507,#6508,#6509);
#6507 = CARTESIAN_POINT('',(0.,0.,5.E-02));
#6508 = DIRECTION('',(0.,0.,1.));
#6509 = DIRECTION('',(1.,0.,-0.));
#6510 = ( GEOMETRIC_REPRESENTATION_CONTEXT(3) 
GLOBAL_UNCERTAINTY_ASSIGNED_CONTEXT((#6514)) 
GLOBAL_UNIT_ASSIGNED_CONTEXT((#6511,#6512,#6513)) REPRESENTATION_CONTEXT
('Context #1','3D Context with UNIT and UNCERTAINTY') );
#6511 = ( LENGTH_UNIT() NAMED_UNIT(*) SI_UNIT(.MILLI.,.METRE.) );
#6512 = ( NAMED_UNIT(*) PLANE_ANGLE_UNIT() SI_UNIT($,.RADIAN.) );
#6513 = ( NAMED_UNIT(*) SI_UNIT($,.STERADIAN.) SOLID_ANGLE_UNIT() );
#6514 = UNCERTAINTY_MEASURE_WITH_UNIT(LENGTH_MEASURE(1.E-07),#6511,
  'distance_accuracy_value','confusion accuracy');
#6515 = CONTEXT_DEPENDENT_SHAPE_REPRESENTATION(#6516,#6518);
#6516 = ( REPRESENTATION_RELATIONSHIP('','',#6359,#2607) 
REPRESENTATION_RELATIONSHIP_WITH_TRANSFORMATION(#6517) 
SHAPE_REPRESENTATION_RELATIONSHIP() );
#6517 = ITEM_DEFINED_TRANSFORMATION('','',#11,#2616);
#6518 = PRODUCT_DEFINITION_SHAPE('Placement','Placement of an item',
  #6519);
#6519 = NEXT_ASSEMBLY_USAGE_OCCURRENCE('11','=>0:1:1:14','',#2602,#6354,
  $);
#6520 = PRODUCT_RELATED_PRODUCT_CATEGORY('part',$,(#6356));
#6521 = SHAPE_DEFINITION_REPRESENTATION(#6522,#6528);
#6522 = PRODUCT_DEFINITION_SHAPE('','',#6523);
#6523 = PRODUCT_DEFINITION('design','',#6524,#6527);
#6524 = PRODUCT_DEFINITION_FORMATION('','',#6525);
#6525 = PRODUCT('R_0603_1608Metric','R_0603_1608Metric','',(#6526));
#6526 = PRODUCT_CONTEXT('',#2,'mechanical');
#6527 = PRODUCT_DEFINITION_CONTEXT('part definition',#2,'design');
#6528 = SHAPE_REPRESENTATION('',(#11,#6529),#6533);
#6529 = AXIS2_PLACEMENT_3D('',#6530,#6531,#6532);
#6530 = CARTESIAN_POINT('',(0.,0.,0.));
#6531 = DIRECTION('',(0.,0.,1.));
#6532 = DIRECTION('',(1.,0.,-0.));
#6533 = ( GEOMETRIC_REPRESENTATION_CONTEXT(3) 
GLOBAL_UNCERTAINTY_ASSIGNED_CONTEXT((#6537)) 
GLOBAL_UNIT_ASSIGNED_CONTEXT((#6534,#6535,#6536)) REPRESENTATION_CONTEXT
('Context #1','3D Context with UNIT and UNCERTAINTY') );
#6534 = ( LENGTH_UNIT() NAMED_UNIT(*) SI_UNIT(.MILLI.,.METRE.) );
#6535 = ( NAMED_UNIT(*) PLANE_ANGLE_UNIT() SI_UNIT($,.RADIAN.) );
#6536 = ( NAMED_UNIT(*) SI_UNIT($,.STERADIAN.) SOLID_ANGLE_UNIT() );
#6537 = UNCERTAINTY_MEASURE_WITH_UNIT(LENGTH_MEASURE(1.E-07),#6534,
  'distance_accuracy_value','confusion accuracy');
#6538 = CONTEXT_DEPENDENT_SHAPE_REPRESENTATION(#6539,#6541);
#6539 = ( REPRESENTATION_RELATIONSHIP('','',#6528,#10) 
REPRESENTATION_RELATIONSHIP_WITH_TRANSFORMATION(#6540) 
SHAPE_REPRESENTATION_RELATIONSHIP() );
#6540 = ITEM_DEFINED_TRANSFORMATION('','',#11,#31);
#6541 = PRODUCT_DEFINITION_SHAPE('Placement','Placement of an item',
  #6542);
#6542 = NEXT_ASSEMBLY_USAGE_OCCURRENCE('15','R6','',#5,#6523,$);
#6543 = PRODUCT_RELATED_PRODUCT_CATEGORY('part',$,(#6525));
#6544 = SHAPE_DEFINITION_REPRESENTATION(#6545,#6551);
#6545 = PRODUCT_DEFINITION_SHAPE('','',#6546);
#6546 = PRODUCT_DEFINITION('design','',#6547,#6550);
#6547 = PRODUCT_DEFINITION_FORMATION('','',#6548);
#6548 = PRODUCT('R_0603_1608Metric','R_0603_1608Metric','',(#6549));
#6549 = PRODUCT_CONTEXT('',#2,'mechanical');
#6550 = PRODUCT_DEFINITION_CONTEXT('part definition',#2,'design');
#6551 = ADVANCED_BREP_SHAPE_REPRESENTATION('',(#11,#6552),#7342);
#6552 = MANIFOLD_SOLID_BREP('',#6553);
#6553 = CLOSED_SHELL('',(#6554,#6594,#6677,#6702,#6727,#6794,#6811,#6828
    ,#6877,#6894,#6911,#6960,#6977,#7046,#7077,#7101,#7170,#7194,#7211,
    #7228,#7245,#7262,#7279,#7296,#7313,#7330));
#6554 = ADVANCED_FACE('',(#6555),#6589,.F.);
#6555 = FACE_BOUND('',#6556,.F.);
#6556 = EDGE_LOOP('',(#6557,#6567,#6575,#6583));
#6557 = ORIENTED_EDGE('',*,*,#6558,.F.);
#6558 = EDGE_CURVE('',#6559,#6561,#6563,.T.);
#6559 = VERTEX_POINT('',#6560);
#6560 = CARTESIAN_POINT('',(-0.8,-0.4,4.5E-02));
#6561 = VERTEX_POINT('',#6562);
#6562 = CARTESIAN_POINT('',(-0.8,-0.4,0.405));
#6563 = LINE('',#6564,#6565);
#6564 = CARTESIAN_POINT('',(-0.8,-0.4,0.));
#6565 = VECTOR('',#6566,1.);
#6566 = DIRECTION('',(0.,0.,1.));
#6567 = ORIENTED_EDGE('',*,*,#6568,.T.);
#6568 = EDGE_CURVE('',#6559,#6569,#6571,.T.);
#6569 = VERTEX_POINT('',#6570);
#6570 = CARTESIAN_POINT('',(-0.8,0.4,4.5E-02));
#6571 = LINE('',#6572,#6573);
#6572 = CARTESIAN_POINT('',(-0.8,-0.4,4.5E-02));
#6573 = VECTOR('',#6574,1.);
#6574 = DIRECTION('',(0.,1.,0.));
#6575 = ORIENTED_EDGE('',*,*,#6576,.T.);
#6576 = EDGE_CURVE('',#6569,#6577,#6579,.T.);
#6577 = VERTEX_POINT('',#6578);
#6578 = CARTESIAN_POINT('',(-0.8,0.4,0.405));
#6579 = LINE('',#6580,#6581);
#6580 = CARTESIAN_POINT('',(-0.8,0.4,0.));
#6581 = VECTOR('',#6582,1.);
#6582 = DIRECTION('',(0.,0.,1.));
#6583 = ORIENTED_EDGE('',*,*,#6584,.F.);
#6584 = EDGE_CURVE('',#6561,#6577,#6585,.T.);
#6585 = LINE('',#6586,#6587);
#6586 = CARTESIAN_POINT('',(-0.8,-0.4,0.405));
#6587 = VECTOR('',#6588,1.);
#6588 = DIRECTION('',(0.,1.,0.));
#6589 = PLANE('',#6590);
#6590 = AXIS2_PLACEMENT_3D('',#6591,#6592,#6593);
#6591 = CARTESIAN_POINT('',(-0.8,-0.4,0.));
#6592 = DIRECTION('',(1.,0.,0.));
#6593 = DIRECTION('',(0.,0.,1.));
#6594 = ADVANCED_FACE('',(#6595),#6672,.F.);
#6595 = FACE_BOUND('',#6596,.F.);
#6596 = EDGE_LOOP('',(#6597,#6607,#6614,#6615,#6624,#6632,#6641,#6649,
    #6657,#6665));
#6597 = ORIENTED_EDGE('',*,*,#6598,.F.);
#6598 = EDGE_CURVE('',#6599,#6601,#6603,.T.);
#6599 = VERTEX_POINT('',#6600);
#6600 = CARTESIAN_POINT('',(-0.755,-0.4,-2.775557561563E-17));
#6601 = VERTEX_POINT('',#6602);
#6602 = CARTESIAN_POINT('',(-0.545,-0.4,-2.775557561563E-17));
#6603 = LINE('',#6604,#6605);
#6604 = CARTESIAN_POINT('',(-0.8,-0.4,0.));
#6605 = VECTOR('',#6606,1.);
#6606 = DIRECTION('',(1.,0.,0.));
#6607 = ORIENTED_EDGE('',*,*,#6608,.F.);
#6608 = EDGE_CURVE('',#6559,#6599,#6609,.T.);
#6609 = CIRCLE('',#6610,4.5E-02);
#6610 = AXIS2_PLACEMENT_3D('',#6611,#6612,#6613);
#6611 = CARTESIAN_POINT('',(-0.755,-0.4,4.5E-02));
#6612 = DIRECTION('',(0.,-1.,0.));
#6613 = DIRECTION('',(0.,0.,1.));
#6614 = ORIENTED_EDGE('',*,*,#6558,.T.);
#6615 = ORIENTED_EDGE('',*,*,#6616,.T.);
#6616 = EDGE_CURVE('',#6561,#6617,#6619,.T.);
#6617 = VERTEX_POINT('',#6618);
#6618 = CARTESIAN_POINT('',(-0.755,-0.4,0.45));
#6619 = CIRCLE('',#6620,4.5E-02);
#6620 = AXIS2_PLACEMENT_3D('',#6621,#6622,#6623);
#6621 = CARTESIAN_POINT('',(-0.755,-0.4,0.405));
#6622 = DIRECTION('',(0.,1.,0.));
#6623 = DIRECTION('',(0.,-0.,1.));
#6624 = ORIENTED_EDGE('',*,*,#6625,.T.);
#6625 = EDGE_CURVE('',#6617,#6626,#6628,.T.);
#6626 = VERTEX_POINT('',#6627);
#6627 = CARTESIAN_POINT('',(-0.545,-0.4,0.45));
#6628 = LINE('',#6629,#6630);
#6629 = CARTESIAN_POINT('',(-0.8,-0.4,0.45));
#6630 = VECTOR('',#6631,1.);
#6631 = DIRECTION('',(1.,0.,0.));
#6632 = ORIENTED_EDGE('',*,*,#6633,.F.);
#6633 = EDGE_CURVE('',#6634,#6626,#6636,.T.);
#6634 = VERTEX_POINT('',#6635);
#6635 = CARTESIAN_POINT('',(-0.5,-0.4,0.405));
#6636 = CIRCLE('',#6637,4.5E-02);
#6637 = AXIS2_PLACEMENT_3D('',#6638,#6639,#6640);
#6638 = CARTESIAN_POINT('',(-0.545,-0.4,0.405));
#6639 = DIRECTION('',(0.,-1.,0.));
#6640 = DIRECTION('',(0.,0.,1.));
#6641 = ORIENTED_EDGE('',*,*,#6642,.F.);
#6642 = EDGE_CURVE('',#6643,#6634,#6645,.T.);
#6643 = VERTEX_POINT('',#6644);
#6644 = CARTESIAN_POINT('',(-0.755,-0.4,0.405));
#6645 = LINE('',#6646,#6647);
#6646 = CARTESIAN_POINT('',(-0.755,-0.4,0.405));
#6647 = VECTOR('',#6648,1.);
#6648 = DIRECTION('',(1.,0.,0.));
#6649 = ORIENTED_EDGE('',*,*,#6650,.F.);
#6650 = EDGE_CURVE('',#6651,#6643,#6653,.T.);
#6651 = VERTEX_POINT('',#6652);
#6652 = CARTESIAN_POINT('',(-0.755,-0.4,4.5E-02));
#6653 = LINE('',#6654,#6655);
#6654 = CARTESIAN_POINT('',(-0.755,-0.4,4.5E-02));
#6655 = VECTOR('',#6656,1.);
#6656 = DIRECTION('',(0.,0.,1.));
#6657 = ORIENTED_EDGE('',*,*,#6658,.T.);
#6658 = EDGE_CURVE('',#6651,#6659,#6661,.T.);
#6659 = VERTEX_POINT('',#6660);
#6660 = CARTESIAN_POINT('',(-0.5,-0.4,4.5E-02));
#6661 = LINE('',#6662,#6663);
#6662 = CARTESIAN_POINT('',(-0.755,-0.4,4.5E-02));
#6663 = VECTOR('',#6664,1.);
#6664 = DIRECTION('',(1.,0.,0.));
#6665 = ORIENTED_EDGE('',*,*,#6666,.T.);
#6666 = EDGE_CURVE('',#6659,#6601,#6667,.T.);
#6667 = CIRCLE('',#6668,4.5E-02);
#6668 = AXIS2_PLACEMENT_3D('',#6669,#6670,#6671);
#6669 = CARTESIAN_POINT('',(-0.545,-0.4,4.5E-02));
#6670 = DIRECTION('',(0.,1.,0.));
#6671 = DIRECTION('',(0.,-0.,1.));
#6672 = PLANE('',#6673);
#6673 = AXIS2_PLACEMENT_3D('',#6674,#6675,#6676);
#6674 = CARTESIAN_POINT('',(-0.8,-0.4,0.));
#6675 = DIRECTION('',(0.,1.,0.));
#6676 = DIRECTION('',(0.,-0.,1.));
#6677 = ADVANCED_FACE('',(#6678),#6697,.T.);
#6678 = FACE_BOUND('',#6679,.T.);
#6679 = EDGE_LOOP('',(#6680,#6681,#6690,#6696));
#6680 = ORIENTED_EDGE('',*,*,#6568,.T.);
#6681 = ORIENTED_EDGE('',*,*,#6682,.T.);
#6682 = EDGE_CURVE('',#6569,#6683,#6685,.T.);
#6683 = VERTEX_POINT('',#6684);
#6684 = CARTESIAN_POINT('',(-0.755,0.4,-2.775557561563E-17));
#6685 = CIRCLE('',#6686,4.5E-02);
#6686 = AXIS2_PLACEMENT_3D('',#6687,#6688,#6689);
#6687 = CARTESIAN_POINT('',(-0.755,0.4,4.5E-02));
#6688 = DIRECTION('',(0.,-1.,0.));
#6689 = DIRECTION('',(0.,0.,1.));
#6690 = ORIENTED_EDGE('',*,*,#6691,.F.);
#6691 = EDGE_CURVE('',#6599,#6683,#6692,.T.);
#6692 = LINE('',#6693,#6694);
#6693 = CARTESIAN_POINT('',(-0.755,-0.4,-2.775557561563E-17));
#6694 = VECTOR('',#6695,1.);
#6695 = DIRECTION('',(0.,1.,0.));
#6696 = ORIENTED_EDGE('',*,*,#6608,.F.);
#6697 = CYLINDRICAL_SURFACE('',#6698,4.5E-02);
#6698 = AXIS2_PLACEMENT_3D('',#6699,#6700,#6701);
#6699 = CARTESIAN_POINT('',(-0.755,-0.4,4.5E-02));
#6700 = DIRECTION('',(0.,1.,0.));
#6701 = DIRECTION('',(-1.,0.,0.));
#6702 = ADVANCED_FACE('',(#6703),#6722,.T.);
#6703 = FACE_BOUND('',#6704,.T.);
#6704 = EDGE_LOOP('',(#6705,#6706,#6714,#6721));
#6705 = ORIENTED_EDGE('',*,*,#6616,.T.);
#6706 = ORIENTED_EDGE('',*,*,#6707,.T.);
#6707 = EDGE_CURVE('',#6617,#6708,#6710,.T.);
#6708 = VERTEX_POINT('',#6709);
#6709 = CARTESIAN_POINT('',(-0.755,0.4,0.45));
#6710 = LINE('',#6711,#6712);
#6711 = CARTESIAN_POINT('',(-0.755,-0.4,0.45));
#6712 = VECTOR('',#6713,1.);
#6713 = DIRECTION('',(0.,1.,0.));
#6714 = ORIENTED_EDGE('',*,*,#6715,.F.);
#6715 = EDGE_CURVE('',#6577,#6708,#6716,.T.);
#6716 = CIRCLE('',#6717,4.5E-02);
#6717 = AXIS2_PLACEMENT_3D('',#6718,#6719,#6720);
#6718 = CARTESIAN_POINT('',(-0.755,0.4,0.405));
#6719 = DIRECTION('',(0.,1.,0.));
#6720 = DIRECTION('',(0.,-0.,1.));
#6721 = ORIENTED_EDGE('',*,*,#6584,.F.);
#6722 = CYLINDRICAL_SURFACE('',#6723,4.5E-02);
#6723 = AXIS2_PLACEMENT_3D('',#6724,#6725,#6726);
#6724 = CARTESIAN_POINT('',(-0.755,-0.4,0.405));
#6725 = DIRECTION('',(0.,1.,0.));
#6726 = DIRECTION('',(-1.,0.,0.));
#6727 = ADVANCED_FACE('',(#6728),#6789,.T.);
#6728 = FACE_BOUND('',#6729,.T.);
#6729 = EDGE_LOOP('',(#6730,#6738,#6739,#6740,#6741,#6749,#6758,#6766,
    #6774,#6782));
#6730 = ORIENTED_EDGE('',*,*,#6731,.F.);
#6731 = EDGE_CURVE('',#6683,#6732,#6734,.T.);
#6732 = VERTEX_POINT('',#6733);
#6733 = CARTESIAN_POINT('',(-0.545,0.4,-2.775557561563E-17));
#6734 = LINE('',#6735,#6736);
#6735 = CARTESIAN_POINT('',(-0.8,0.4,0.));
#6736 = VECTOR('',#6737,1.);
#6737 = DIRECTION('',(1.,0.,0.));
#6738 = ORIENTED_EDGE('',*,*,#6682,.F.);
#6739 = ORIENTED_EDGE('',*,*,#6576,.T.);
#6740 = ORIENTED_EDGE('',*,*,#6715,.T.);
#6741 = ORIENTED_EDGE('',*,*,#6742,.T.);
#6742 = EDGE_CURVE('',#6708,#6743,#6745,.T.);
#6743 = VERTEX_POINT('',#6744);
#6744 = CARTESIAN_POINT('',(-0.545,0.4,0.45));
#6745 = LINE('',#6746,#6747);
#6746 = CARTESIAN_POINT('',(-0.8,0.4,0.45));
#6747 = VECTOR('',#6748,1.);
#6748 = DIRECTION('',(1.,0.,0.));
#6749 = ORIENTED_EDGE('',*,*,#6750,.F.);
#6750 = EDGE_CURVE('',#6751,#6743,#6753,.T.);
#6751 = VERTEX_POINT('',#6752);
#6752 = CARTESIAN_POINT('',(-0.5,0.4,0.405));
#6753 = CIRCLE('',#6754,4.5E-02);
#6754 = AXIS2_PLACEMENT_3D('',#6755,#6756,#6757);
#6755 = CARTESIAN_POINT('',(-0.545,0.4,0.405));
#6756 = DIRECTION('',(0.,-1.,0.));
#6757 = DIRECTION('',(0.,0.,1.));
#6758 = ORIENTED_EDGE('',*,*,#6759,.F.);
#6759 = EDGE_CURVE('',#6760,#6751,#6762,.T.);
#6760 = VERTEX_POINT('',#6761);
#6761 = CARTESIAN_POINT('',(-0.755,0.4,0.405));
#6762 = LINE('',#6763,#6764);
#6763 = CARTESIAN_POINT('',(-0.755,0.4,0.405));
#6764 = VECTOR('',#6765,1.);
#6765 = DIRECTION('',(1.,0.,0.));
#6766 = ORIENTED_EDGE('',*,*,#6767,.F.);
#6767 = EDGE_CURVE('',#6768,#6760,#6770,.T.);
#6768 = VERTEX_POINT('',#6769);
#6769 = CARTESIAN_POINT('',(-0.755,0.4,4.5E-02));
#6770 = LINE('',#6771,#6772);
#6771 = CARTESIAN_POINT('',(-0.755,0.4,4.5E-02));
#6772 = VECTOR('',#6773,1.);
#6773 = DIRECTION('',(0.,0.,1.));
#6774 = ORIENTED_EDGE('',*,*,#6775,.T.);
#6775 = EDGE_CURVE('',#6768,#6776,#6778,.T.);
#6776 = VERTEX_POINT('',#6777);
#6777 = CARTESIAN_POINT('',(-0.5,0.4,4.5E-02));
#6778 = LINE('',#6779,#6780);
#6779 = CARTESIAN_POINT('',(-0.755,0.4,4.5E-02));
#6780 = VECTOR('',#6781,1.);
#6781 = DIRECTION('',(1.,0.,0.));
#6782 = ORIENTED_EDGE('',*,*,#6783,.T.);
#6783 = EDGE_CURVE('',#6776,#6732,#6784,.T.);
#6784 = CIRCLE('',#6785,4.5E-02);
#6785 = AXIS2_PLACEMENT_3D('',#6786,#6787,#6788);
#6786 = CARTESIAN_POINT('',(-0.545,0.4,4.5E-02));
#6787 = DIRECTION('',(0.,1.,0.));
#6788 = DIRECTION('',(0.,-0.,1.));
#6789 = PLANE('',#6790);
#6790 = AXIS2_PLACEMENT_3D('',#6791,#6792,#6793);
#6791 = CARTESIAN_POINT('',(-0.8,0.4,0.));
#6792 = DIRECTION('',(0.,1.,0.));
#6793 = DIRECTION('',(0.,-0.,1.));
#6794 = ADVANCED_FACE('',(#6795),#6806,.F.);
#6795 = FACE_BOUND('',#6796,.F.);
#6796 = EDGE_LOOP('',(#6797,#6798,#6799,#6800));
#6797 = ORIENTED_EDGE('',*,*,#6731,.F.);
#6798 = ORIENTED_EDGE('',*,*,#6691,.F.);
#6799 = ORIENTED_EDGE('',*,*,#6598,.T.);
#6800 = ORIENTED_EDGE('',*,*,#6801,.T.);
#6801 = EDGE_CURVE('',#6601,#6732,#6802,.T.);
#6802 = LINE('',#6803,#6804);
#6803 = CARTESIAN_POINT('',(-0.545,-0.4,-2.775557561563E-17));
#6804 = VECTOR('',#6805,1.);
#6805 = DIRECTION('',(0.,1.,0.));
#6806 = PLANE('',#6807);
#6807 = AXIS2_PLACEMENT_3D('',#6808,#6809,#6810);
#6808 = CARTESIAN_POINT('',(-0.8,-0.4,0.));
#6809 = DIRECTION('',(0.,0.,1.));
#6810 = DIRECTION('',(1.,0.,-0.));
#6811 = ADVANCED_FACE('',(#6812),#6823,.T.);
#6812 = FACE_BOUND('',#6813,.T.);
#6813 = EDGE_LOOP('',(#6814,#6815,#6816,#6817));
#6814 = ORIENTED_EDGE('',*,*,#6666,.T.);
#6815 = ORIENTED_EDGE('',*,*,#6801,.T.);
#6816 = ORIENTED_EDGE('',*,*,#6783,.F.);
#6817 = ORIENTED_EDGE('',*,*,#6818,.F.);
#6818 = EDGE_CURVE('',#6659,#6776,#6819,.T.);
#6819 = LINE('',#6820,#6821);
#6820 = CARTESIAN_POINT('',(-0.5,-0.4,4.5E-02));
#6821 = VECTOR('',#6822,1.);
#6822 = DIRECTION('',(0.,1.,0.));
#6823 = CYLINDRICAL_SURFACE('',#6824,4.5E-02);
#6824 = AXIS2_PLACEMENT_3D('',#6825,#6826,#6827);
#6825 = CARTESIAN_POINT('',(-0.545,-0.4,4.5E-02));
#6826 = DIRECTION('',(0.,1.,0.));
#6827 = DIRECTION('',(1.,0.,0.));
#6828 = ADVANCED_FACE('',(#6829),#6872,.F.);
#6829 = FACE_BOUND('',#6830,.F.);
#6830 = EDGE_LOOP('',(#6831,#6832,#6833,#6834,#6842,#6850,#6858,#6866));
#6831 = ORIENTED_EDGE('',*,*,#6658,.F.);
#6832 = ORIENTED_EDGE('',*,*,#6650,.T.);
#6833 = ORIENTED_EDGE('',*,*,#6642,.T.);
#6834 = ORIENTED_EDGE('',*,*,#6835,.T.);
#6835 = EDGE_CURVE('',#6634,#6836,#6838,.T.);
#6836 = VERTEX_POINT('',#6837);
#6837 = CARTESIAN_POINT('',(0.5,-0.4,0.405));
#6838 = LINE('',#6839,#6840);
#6839 = CARTESIAN_POINT('',(-0.5,-0.4,0.405));
#6840 = VECTOR('',#6841,1.);
#6841 = DIRECTION('',(1.,0.,0.));
#6842 = ORIENTED_EDGE('',*,*,#6843,.T.);
#6843 = EDGE_CURVE('',#6836,#6844,#6846,.T.);
#6844 = VERTEX_POINT('',#6845);
#6845 = CARTESIAN_POINT('',(0.755,-0.4,0.405));
#6846 = LINE('',#6847,#6848);
#6847 = CARTESIAN_POINT('',(-0.755,-0.4,0.405));
#6848 = VECTOR('',#6849,1.);
#6849 = DIRECTION('',(1.,0.,0.));
#6850 = ORIENTED_EDGE('',*,*,#6851,.F.);
#6851 = EDGE_CURVE('',#6852,#6844,#6854,.T.);
#6852 = VERTEX_POINT('',#6853);
#6853 = CARTESIAN_POINT('',(0.755,-0.4,4.5E-02));
#6854 = LINE('',#6855,#6856);
#6855 = CARTESIAN_POINT('',(0.755,-0.4,4.5E-02));
#6856 = VECTOR('',#6857,1.);
#6857 = DIRECTION('',(0.,0.,1.));
#6858 = ORIENTED_EDGE('',*,*,#6859,.F.);
#6859 = EDGE_CURVE('',#6860,#6852,#6862,.T.);
#6860 = VERTEX_POINT('',#6861);
#6861 = CARTESIAN_POINT('',(0.5,-0.4,4.5E-02));
#6862 = LINE('',#6863,#6864);
#6863 = CARTESIAN_POINT('',(-0.755,-0.4,4.5E-02));
#6864 = VECTOR('',#6865,1.);
#6865 = DIRECTION('',(1.,0.,0.));
#6866 = ORIENTED_EDGE('',*,*,#6867,.F.);
#6867 = EDGE_CURVE('',#6659,#6860,#6868,.T.);
#6868 = LINE('',#6869,#6870);
#6869 = CARTESIAN_POINT('',(-0.755,-0.4,4.5E-02));
#6870 = VECTOR('',#6871,1.);
#6871 = DIRECTION('',(1.,0.,0.));
#6872 = PLANE('',#6873);
#6873 = AXIS2_PLACEMENT_3D('',#6874,#6875,#6876);
#6874 = CARTESIAN_POINT('',(-0.755,-0.4,4.5E-02));
#6875 = DIRECTION('',(0.,1.,0.));
#6876 = DIRECTION('',(0.,-0.,1.));
#6877 = ADVANCED_FACE('',(#6878),#6889,.T.);
#6878 = FACE_BOUND('',#6879,.T.);
#6879 = EDGE_LOOP('',(#6880,#6881,#6882,#6883));
#6880 = ORIENTED_EDGE('',*,*,#6742,.F.);
#6881 = ORIENTED_EDGE('',*,*,#6707,.F.);
#6882 = ORIENTED_EDGE('',*,*,#6625,.T.);
#6883 = ORIENTED_EDGE('',*,*,#6884,.T.);
#6884 = EDGE_CURVE('',#6626,#6743,#6885,.T.);
#6885 = LINE('',#6886,#6887);
#6886 = CARTESIAN_POINT('',(-0.545,-0.4,0.45));
#6887 = VECTOR('',#6888,1.);
#6888 = DIRECTION('',(0.,1.,0.));
#6889 = PLANE('',#6890);
#6890 = AXIS2_PLACEMENT_3D('',#6891,#6892,#6893);
#6891 = CARTESIAN_POINT('',(-0.8,-0.4,0.45));
#6892 = DIRECTION('',(0.,0.,1.));
#6893 = DIRECTION('',(1.,0.,-0.));
#6894 = ADVANCED_FACE('',(#6895),#6906,.T.);
#6895 = FACE_BOUND('',#6896,.T.);
#6896 = EDGE_LOOP('',(#6897,#6903,#6904,#6905));
#6897 = ORIENTED_EDGE('',*,*,#6898,.T.);
#6898 = EDGE_CURVE('',#6634,#6751,#6899,.T.);
#6899 = LINE('',#6900,#6901);
#6900 = CARTESIAN_POINT('',(-0.5,-0.4,0.405));
#6901 = VECTOR('',#6902,1.);
#6902 = DIRECTION('',(0.,1.,0.));
#6903 = ORIENTED_EDGE('',*,*,#6750,.T.);
#6904 = ORIENTED_EDGE('',*,*,#6884,.F.);
#6905 = ORIENTED_EDGE('',*,*,#6633,.F.);
#6906 = CYLINDRICAL_SURFACE('',#6907,4.5E-02);
#6907 = AXIS2_PLACEMENT_3D('',#6908,#6909,#6910);
#6908 = CARTESIAN_POINT('',(-0.545,-0.4,0.405));
#6909 = DIRECTION('',(0.,1.,0.));
#6910 = DIRECTION('',(1.,0.,0.));
#6911 = ADVANCED_FACE('',(#6912),#6955,.T.);
#6912 = FACE_BOUND('',#6913,.T.);
#6913 = EDGE_LOOP('',(#6914,#6915,#6916,#6917,#6925,#6933,#6941,#6949));
#6914 = ORIENTED_EDGE('',*,*,#6775,.F.);
#6915 = ORIENTED_EDGE('',*,*,#6767,.T.);
#6916 = ORIENTED_EDGE('',*,*,#6759,.T.);
#6917 = ORIENTED_EDGE('',*,*,#6918,.T.);
#6918 = EDGE_CURVE('',#6751,#6919,#6921,.T.);
#6919 = VERTEX_POINT('',#6920);
#6920 = CARTESIAN_POINT('',(0.5,0.4,0.405));
#6921 = LINE('',#6922,#6923);
#6922 = CARTESIAN_POINT('',(-0.5,0.4,0.405));
#6923 = VECTOR('',#6924,1.);
#6924 = DIRECTION('',(1.,0.,0.));
#6925 = ORIENTED_EDGE('',*,*,#6926,.T.);
#6926 = EDGE_CURVE('',#6919,#6927,#6929,.T.);
#6927 = VERTEX_POINT('',#6928);
#6928 = CARTESIAN_POINT('',(0.755,0.4,0.405));
#6929 = LINE('',#6930,#6931);
#6930 = CARTESIAN_POINT('',(-0.755,0.4,0.405));
#6931 = VECTOR('',#6932,1.);
#6932 = DIRECTION('',(1.,0.,0.));
#6933 = ORIENTED_EDGE('',*,*,#6934,.F.);
#6934 = EDGE_CURVE('',#6935,#6927,#6937,.T.);
#6935 = VERTEX_POINT('',#6936);
#6936 = CARTESIAN_POINT('',(0.755,0.4,4.5E-02));
#6937 = LINE('',#6938,#6939);
#6938 = CARTESIAN_POINT('',(0.755,0.4,4.5E-02));
#6939 = VECTOR('',#6940,1.);
#6940 = DIRECTION('',(0.,0.,1.));
#6941 = ORIENTED_EDGE('',*,*,#6942,.F.);
#6942 = EDGE_CURVE('',#6943,#6935,#6945,.T.);
#6943 = VERTEX_POINT('',#6944);
#6944 = CARTESIAN_POINT('',(0.5,0.4,4.5E-02));
#6945 = LINE('',#6946,#6947);
#6946 = CARTESIAN_POINT('',(-0.755,0.4,4.5E-02));
#6947 = VECTOR('',#6948,1.);
#6948 = DIRECTION('',(1.,0.,0.));
#6949 = ORIENTED_EDGE('',*,*,#6950,.F.);
#6950 = EDGE_CURVE('',#6776,#6943,#6951,.T.);
#6951 = LINE('',#6952,#6953);
#6952 = CARTESIAN_POINT('',(-0.755,0.4,4.5E-02));
#6953 = VECTOR('',#6954,1.);
#6954 = DIRECTION('',(1.,0.,0.));
#6955 = PLANE('',#6956);
#6956 = AXIS2_PLACEMENT_3D('',#6957,#6958,#6959);
#6957 = CARTESIAN_POINT('',(-0.755,0.4,4.5E-02));
#6958 = DIRECTION('',(0.,1.,0.));
#6959 = DIRECTION('',(0.,-0.,1.));
#6960 = ADVANCED_FACE('',(#6961),#6972,.F.);
#6961 = FACE_BOUND('',#6962,.F.);
#6962 = EDGE_LOOP('',(#6963,#6964,#6965,#6971));
#6963 = ORIENTED_EDGE('',*,*,#6818,.F.);
#6964 = ORIENTED_EDGE('',*,*,#6867,.T.);
#6965 = ORIENTED_EDGE('',*,*,#6966,.T.);
#6966 = EDGE_CURVE('',#6860,#6943,#6967,.T.);
#6967 = LINE('',#6968,#6969);
#6968 = CARTESIAN_POINT('',(0.5,-0.4,4.5E-02));
#6969 = VECTOR('',#6970,1.);
#6970 = DIRECTION('',(0.,1.,0.));
#6971 = ORIENTED_EDGE('',*,*,#6950,.F.);
#6972 = PLANE('',#6973);
#6973 = AXIS2_PLACEMENT_3D('',#6974,#6975,#6976);
#6974 = CARTESIAN_POINT('',(-0.755,-0.4,4.5E-02));
#6975 = DIRECTION('',(0.,0.,1.));
#6976 = DIRECTION('',(1.,0.,-0.));
#6977 = ADVANCED_FACE('',(#6978),#7041,.F.);
#6978 = FACE_BOUND('',#6979,.F.);
#6979 = EDGE_LOOP('',(#6980,#6990,#6997,#6998,#6999,#7000,#7009,#7017,
    #7026,#7034));
#6980 = ORIENTED_EDGE('',*,*,#6981,.F.);
#6981 = EDGE_CURVE('',#6982,#6984,#6986,.T.);
#6982 = VERTEX_POINT('',#6983);
#6983 = CARTESIAN_POINT('',(0.545,-0.4,-2.775557561563E-17));
#6984 = VERTEX_POINT('',#6985);
#6985 = CARTESIAN_POINT('',(0.755,-0.4,-2.775557561563E-17));
#6986 = LINE('',#6987,#6988);
#6987 = CARTESIAN_POINT('',(0.5,-0.4,0.));
#6988 = VECTOR('',#6989,1.);
#6989 = DIRECTION('',(1.,0.,0.));
#6990 = ORIENTED_EDGE('',*,*,#6991,.F.);
#6991 = EDGE_CURVE('',#6860,#6982,#6992,.T.);
#6992 = CIRCLE('',#6993,4.5E-02);
#6993 = AXIS2_PLACEMENT_3D('',#6994,#6995,#6996);
#6994 = CARTESIAN_POINT('',(0.545,-0.4,4.5E-02));
#6995 = DIRECTION('',(0.,-1.,0.));
#6996 = DIRECTION('',(0.,0.,1.));
#6997 = ORIENTED_EDGE('',*,*,#6859,.T.);
#6998 = ORIENTED_EDGE('',*,*,#6851,.T.);
#6999 = ORIENTED_EDGE('',*,*,#6843,.F.);
#7000 = ORIENTED_EDGE('',*,*,#7001,.T.);
#7001 = EDGE_CURVE('',#6836,#7002,#7004,.T.);
#7002 = VERTEX_POINT('',#7003);
#7003 = CARTESIAN_POINT('',(0.545,-0.4,0.45));
#7004 = CIRCLE('',#7005,4.5E-02);
#7005 = AXIS2_PLACEMENT_3D('',#7006,#7007,#7008);
#7006 = CARTESIAN_POINT('',(0.545,-0.4,0.405));
#7007 = DIRECTION('',(0.,1.,0.));
#7008 = DIRECTION('',(0.,-0.,1.));
#7009 = ORIENTED_EDGE('',*,*,#7010,.T.);
#7010 = EDGE_CURVE('',#7002,#7011,#7013,.T.);
#7011 = VERTEX_POINT('',#7012);
#7012 = CARTESIAN_POINT('',(0.755,-0.4,0.45));
#7013 = LINE('',#7014,#7015);
#7014 = CARTESIAN_POINT('',(0.5,-0.4,0.45));
#7015 = VECTOR('',#7016,1.);
#7016 = DIRECTION('',(1.,0.,0.));
#7017 = ORIENTED_EDGE('',*,*,#7018,.F.);
#7018 = EDGE_CURVE('',#7019,#7011,#7021,.T.);
#7019 = VERTEX_POINT('',#7020);
#7020 = CARTESIAN_POINT('',(0.8,-0.4,0.405));
#7021 = CIRCLE('',#7022,4.5E-02);
#7022 = AXIS2_PLACEMENT_3D('',#7023,#7024,#7025);
#7023 = CARTESIAN_POINT('',(0.755,-0.4,0.405));
#7024 = DIRECTION('',(0.,-1.,0.));
#7025 = DIRECTION('',(0.,0.,1.));
#7026 = ORIENTED_EDGE('',*,*,#7027,.F.);
#7027 = EDGE_CURVE('',#7028,#7019,#7030,.T.);
#7028 = VERTEX_POINT('',#7029);
#7029 = CARTESIAN_POINT('',(0.8,-0.4,4.5E-02));
#7030 = LINE('',#7031,#7032);
#7031 = CARTESIAN_POINT('',(0.8,-0.4,0.));
#7032 = VECTOR('',#7033,1.);
#7033 = DIRECTION('',(0.,0.,1.));
#7034 = ORIENTED_EDGE('',*,*,#7035,.T.);
#7035 = EDGE_CURVE('',#7028,#6984,#7036,.T.);
#7036 = CIRCLE('',#7037,4.5E-02);
#7037 = AXIS2_PLACEMENT_3D('',#7038,#7039,#7040);
#7038 = CARTESIAN_POINT('',(0.755,-0.4,4.5E-02));
#7039 = DIRECTION('',(0.,1.,0.));
#7040 = DIRECTION('',(0.,-0.,1.));
#7041 = PLANE('',#7042);
#7042 = AXIS2_PLACEMENT_3D('',#7043,#7044,#7045);
#7043 = CARTESIAN_POINT('',(0.5,-0.4,0.));
#7044 = DIRECTION('',(0.,1.,0.));
#7045 = DIRECTION('',(0.,-0.,1.));
#7046 = ADVANCED_FACE('',(#7047),#7072,.F.);
#7047 = FACE_BOUND('',#7048,.F.);
#7048 = EDGE_LOOP('',(#7049,#7050,#7058,#7066));
#7049 = ORIENTED_EDGE('',*,*,#6835,.F.);
#7050 = ORIENTED_EDGE('',*,*,#7051,.T.);
#7051 = EDGE_CURVE('',#6634,#7052,#7054,.T.);
#7052 = VERTEX_POINT('',#7053);
#7053 = CARTESIAN_POINT('',(-0.5,-0.4,0.45));
#7054 = LINE('',#7055,#7056);
#7055 = CARTESIAN_POINT('',(-0.5,-0.4,0.405));
#7056 = VECTOR('',#7057,1.);
#7057 = DIRECTION('',(0.,0.,1.));
#7058 = ORIENTED_EDGE('',*,*,#7059,.T.);
#7059 = EDGE_CURVE('',#7052,#7060,#7062,.T.);
#7060 = VERTEX_POINT('',#7061);
#7061 = CARTESIAN_POINT('',(0.5,-0.4,0.45));
#7062 = LINE('',#7063,#7064);
#7063 = CARTESIAN_POINT('',(-0.5,-0.4,0.45));
#7064 = VECTOR('',#7065,1.);
#7065 = DIRECTION('',(1.,0.,0.));
#7066 = ORIENTED_EDGE('',*,*,#7067,.F.);
#7067 = EDGE_CURVE('',#6836,#7060,#7068,.T.);
#7068 = LINE('',#7069,#7070);
#7069 = CARTESIAN_POINT('',(0.5,-0.4,0.405));
#7070 = VECTOR('',#7071,1.);
#7071 = DIRECTION('',(0.,0.,1.));
#7072 = PLANE('',#7073);
#7073 = AXIS2_PLACEMENT_3D('',#7074,#7075,#7076);
#7074 = CARTESIAN_POINT('',(-0.5,-0.4,0.405));
#7075 = DIRECTION('',(0.,1.,0.));
#7076 = DIRECTION('',(0.,-0.,1.));
#7077 = ADVANCED_FACE('',(#7078),#7096,.F.);
#7078 = FACE_BOUND('',#7079,.F.);
#7079 = EDGE_LOOP('',(#7080,#7081,#7082,#7090));
#7080 = ORIENTED_EDGE('',*,*,#7051,.F.);
#7081 = ORIENTED_EDGE('',*,*,#6898,.T.);
#7082 = ORIENTED_EDGE('',*,*,#7083,.T.);
#7083 = EDGE_CURVE('',#6751,#7084,#7086,.T.);
#7084 = VERTEX_POINT('',#7085);
#7085 = CARTESIAN_POINT('',(-0.5,0.4,0.45));
#7086 = LINE('',#7087,#7088);
#7087 = CARTESIAN_POINT('',(-0.5,0.4,0.405));
#7088 = VECTOR('',#7089,1.);
#7089 = DIRECTION('',(0.,0.,1.));
#7090 = ORIENTED_EDGE('',*,*,#7091,.F.);
#7091 = EDGE_CURVE('',#7052,#7084,#7092,.T.);
#7092 = LINE('',#7093,#7094);
#7093 = CARTESIAN_POINT('',(-0.5,-0.4,0.45));
#7094 = VECTOR('',#7095,1.);
#7095 = DIRECTION('',(0.,1.,0.));
#7096 = PLANE('',#7097);
#7097 = AXIS2_PLACEMENT_3D('',#7098,#7099,#7100);
#7098 = CARTESIAN_POINT('',(-0.5,-0.4,0.405));
#7099 = DIRECTION('',(1.,0.,0.));
#7100 = DIRECTION('',(0.,0.,1.));
#7101 = ADVANCED_FACE('',(#7102),#7165,.T.);
#7102 = FACE_BOUND('',#7103,.T.);
#7103 = EDGE_LOOP('',(#7104,#7114,#7121,#7122,#7123,#7124,#7133,#7141,
    #7150,#7158));
#7104 = ORIENTED_EDGE('',*,*,#7105,.F.);
#7105 = EDGE_CURVE('',#7106,#7108,#7110,.T.);
#7106 = VERTEX_POINT('',#7107);
#7107 = CARTESIAN_POINT('',(0.545,0.4,-2.775557561563E-17));
#7108 = VERTEX_POINT('',#7109);
#7109 = CARTESIAN_POINT('',(0.755,0.4,-2.775557561563E-17));
#7110 = LINE('',#7111,#7112);
#7111 = CARTESIAN_POINT('',(0.5,0.4,0.));
#7112 = VECTOR('',#7113,1.);
#7113 = DIRECTION('',(1.,0.,0.));
#7114 = ORIENTED_EDGE('',*,*,#7115,.F.);
#7115 = EDGE_CURVE('',#6943,#7106,#7116,.T.);
#7116 = CIRCLE('',#7117,4.5E-02);
#7117 = AXIS2_PLACEMENT_3D('',#7118,#7119,#7120);
#7118 = CARTESIAN_POINT('',(0.545,0.4,4.5E-02));
#7119 = DIRECTION('',(0.,-1.,0.));
#7120 = DIRECTION('',(0.,0.,1.));
#7121 = ORIENTED_EDGE('',*,*,#6942,.T.);
#7122 = ORIENTED_EDGE('',*,*,#6934,.T.);
#7123 = ORIENTED_EDGE('',*,*,#6926,.F.);
#7124 = ORIENTED_EDGE('',*,*,#7125,.T.);
#7125 = EDGE_CURVE('',#6919,#7126,#7128,.T.);
#7126 = VERTEX_POINT('',#7127);
#7127 = CARTESIAN_POINT('',(0.545,0.4,0.45));
#7128 = CIRCLE('',#7129,4.5E-02);
#7129 = AXIS2_PLACEMENT_3D('',#7130,#7131,#7132);
#7130 = CARTESIAN_POINT('',(0.545,0.4,0.405));
#7131 = DIRECTION('',(0.,1.,0.));
#7132 = DIRECTION('',(0.,-0.,1.));
#7133 = ORIENTED_EDGE('',*,*,#7134,.T.);
#7134 = EDGE_CURVE('',#7126,#7135,#7137,.T.);
#7135 = VERTEX_POINT('',#7136);
#7136 = CARTESIAN_POINT('',(0.755,0.4,0.45));
#7137 = LINE('',#7138,#7139);
#7138 = CARTESIAN_POINT('',(0.5,0.4,0.45));
#7139 = VECTOR('',#7140,1.);
#7140 = DIRECTION('',(1.,0.,0.));
#7141 = ORIENTED_EDGE('',*,*,#7142,.F.);
#7142 = EDGE_CURVE('',#7143,#7135,#7145,.T.);
#7143 = VERTEX_POINT('',#7144);
#7144 = CARTESIAN_POINT('',(0.8,0.4,0.405));
#7145 = CIRCLE('',#7146,4.5E-02);
#7146 = AXIS2_PLACEMENT_3D('',#7147,#7148,#7149);
#7147 = CARTESIAN_POINT('',(0.755,0.4,0.405));
#7148 = DIRECTION('',(0.,-1.,0.));
#7149 = DIRECTION('',(0.,0.,1.));
#7150 = ORIENTED_EDGE('',*,*,#7151,.F.);
#7151 = EDGE_CURVE('',#7152,#7143,#7154,.T.);
#7152 = VERTEX_POINT('',#7153);
#7153 = CARTESIAN_POINT('',(0.8,0.4,4.5E-02));
#7154 = LINE('',#7155,#7156);
#7155 = CARTESIAN_POINT('',(0.8,0.4,0.));
#7156 = VECTOR('',#7157,1.);
#7157 = DIRECTION('',(0.,0.,1.));
#7158 = ORIENTED_EDGE('',*,*,#7159,.T.);
#7159 = EDGE_CURVE('',#7152,#7108,#7160,.T.);
#7160 = CIRCLE('',#7161,4.5E-02);
#7161 = AXIS2_PLACEMENT_3D('',#7162,#7163,#7164);
#7162 = CARTESIAN_POINT('',(0.755,0.4,4.5E-02));
#7163 = DIRECTION('',(0.,1.,0.));
#7164 = DIRECTION('',(0.,-0.,1.));
#7165 = PLANE('',#7166);
#7166 = AXIS2_PLACEMENT_3D('',#7167,#7168,#7169);
#7167 = CARTESIAN_POINT('',(0.5,0.4,0.));
#7168 = DIRECTION('',(0.,1.,0.));
#7169 = DIRECTION('',(0.,-0.,1.));
#7170 = ADVANCED_FACE('',(#7171),#7189,.T.);
#7171 = FACE_BOUND('',#7172,.T.);
#7172 = EDGE_LOOP('',(#7173,#7174,#7175,#7183));
#7173 = ORIENTED_EDGE('',*,*,#6918,.F.);
#7174 = ORIENTED_EDGE('',*,*,#7083,.T.);
#7175 = ORIENTED_EDGE('',*,*,#7176,.T.);
#7176 = EDGE_CURVE('',#7084,#7177,#7179,.T.);
#7177 = VERTEX_POINT('',#7178);
#7178 = CARTESIAN_POINT('',(0.5,0.4,0.45));
#7179 = LINE('',#7180,#7181);
#7180 = CARTESIAN_POINT('',(-0.5,0.4,0.45));
#7181 = VECTOR('',#7182,1.);
#7182 = DIRECTION('',(1.,0.,0.));
#7183 = ORIENTED_EDGE('',*,*,#7184,.F.);
#7184 = EDGE_CURVE('',#6919,#7177,#7185,.T.);
#7185 = LINE('',#7186,#7187);
#7186 = CARTESIAN_POINT('',(0.5,0.4,0.405));
#7187 = VECTOR('',#7188,1.);
#7188 = DIRECTION('',(0.,0.,1.));
#7189 = PLANE('',#7190);
#7190 = AXIS2_PLACEMENT_3D('',#7191,#7192,#7193);
#7191 = CARTESIAN_POINT('',(-0.5,0.4,0.405));
#7192 = DIRECTION('',(0.,1.,0.));
#7193 = DIRECTION('',(0.,-0.,1.));
#7194 = ADVANCED_FACE('',(#7195),#7206,.T.);
#7195 = FACE_BOUND('',#7196,.T.);
#7196 = EDGE_LOOP('',(#7197,#7198,#7199,#7205));
#7197 = ORIENTED_EDGE('',*,*,#6966,.T.);
#7198 = ORIENTED_EDGE('',*,*,#7115,.T.);
#7199 = ORIENTED_EDGE('',*,*,#7200,.F.);
#7200 = EDGE_CURVE('',#6982,#7106,#7201,.T.);
#7201 = LINE('',#7202,#7203);
#7202 = CARTESIAN_POINT('',(0.545,-0.4,-2.775557561563E-17));
#7203 = VECTOR('',#7204,1.);
#7204 = DIRECTION('',(0.,1.,0.));
#7205 = ORIENTED_EDGE('',*,*,#6991,.F.);
#7206 = CYLINDRICAL_SURFACE('',#7207,4.5E-02);
#7207 = AXIS2_PLACEMENT_3D('',#7208,#7209,#7210);
#7208 = CARTESIAN_POINT('',(0.545,-0.4,4.5E-02));
#7209 = DIRECTION('',(0.,1.,0.));
#7210 = DIRECTION('',(-1.,0.,0.));
#7211 = ADVANCED_FACE('',(#7212),#7223,.F.);
#7212 = FACE_BOUND('',#7213,.F.);
#7213 = EDGE_LOOP('',(#7214,#7215,#7216,#7217));
#7214 = ORIENTED_EDGE('',*,*,#7105,.F.);
#7215 = ORIENTED_EDGE('',*,*,#7200,.F.);
#7216 = ORIENTED_EDGE('',*,*,#6981,.T.);
#7217 = ORIENTED_EDGE('',*,*,#7218,.T.);
#7218 = EDGE_CURVE('',#6984,#7108,#7219,.T.);
#7219 = LINE('',#7220,#7221);
#7220 = CARTESIAN_POINT('',(0.755,-0.4,-2.775557561563E-17));
#7221 = VECTOR('',#7222,1.);
#7222 = DIRECTION('',(0.,1.,0.));
#7223 = PLANE('',#7224);
#7224 = AXIS2_PLACEMENT_3D('',#7225,#7226,#7227);
#7225 = CARTESIAN_POINT('',(0.5,-0.4,0.));
#7226 = DIRECTION('',(0.,0.,1.));
#7227 = DIRECTION('',(1.,0.,-0.));
#7228 = ADVANCED_FACE('',(#7229),#7240,.T.);
#7229 = FACE_BOUND('',#7230,.T.);
#7230 = EDGE_LOOP('',(#7231,#7232,#7233,#7234));
#7231 = ORIENTED_EDGE('',*,*,#7035,.T.);
#7232 = ORIENTED_EDGE('',*,*,#7218,.T.);
#7233 = ORIENTED_EDGE('',*,*,#7159,.F.);
#7234 = ORIENTED_EDGE('',*,*,#7235,.F.);
#7235 = EDGE_CURVE('',#7028,#7152,#7236,.T.);
#7236 = LINE('',#7237,#7238);
#7237 = CARTESIAN_POINT('',(0.8,-0.4,4.5E-02));
#7238 = VECTOR('',#7239,1.);
#7239 = DIRECTION('',(0.,1.,0.));
#7240 = CYLINDRICAL_SURFACE('',#7241,4.5E-02);
#7241 = AXIS2_PLACEMENT_3D('',#7242,#7243,#7244);
#7242 = CARTESIAN_POINT('',(0.755,-0.4,4.5E-02));
#7243 = DIRECTION('',(0.,1.,0.));
#7244 = DIRECTION('',(1.,0.,0.));
#7245 = ADVANCED_FACE('',(#7246),#7257,.T.);
#7246 = FACE_BOUND('',#7247,.T.);
#7247 = EDGE_LOOP('',(#7248,#7249,#7250,#7251));
#7248 = ORIENTED_EDGE('',*,*,#7027,.F.);
#7249 = ORIENTED_EDGE('',*,*,#7235,.T.);
#7250 = ORIENTED_EDGE('',*,*,#7151,.T.);
#7251 = ORIENTED_EDGE('',*,*,#7252,.F.);
#7252 = EDGE_CURVE('',#7019,#7143,#7253,.T.);
#7253 = LINE('',#7254,#7255);
#7254 = CARTESIAN_POINT('',(0.8,-0.4,0.405));
#7255 = VECTOR('',#7256,1.);
#7256 = DIRECTION('',(0.,1.,0.));
#7257 = PLANE('',#7258);
#7258 = AXIS2_PLACEMENT_3D('',#7259,#7260,#7261);
#7259 = CARTESIAN_POINT('',(0.8,-0.4,0.));
#7260 = DIRECTION('',(1.,0.,0.));
#7261 = DIRECTION('',(0.,0.,1.));
#7262 = ADVANCED_FACE('',(#7263),#7274,.T.);
#7263 = FACE_BOUND('',#7264,.T.);
#7264 = EDGE_LOOP('',(#7265,#7266,#7267,#7273));
#7265 = ORIENTED_EDGE('',*,*,#7252,.T.);
#7266 = ORIENTED_EDGE('',*,*,#7142,.T.);
#7267 = ORIENTED_EDGE('',*,*,#7268,.F.);
#7268 = EDGE_CURVE('',#7011,#7135,#7269,.T.);
#7269 = LINE('',#7270,#7271);
#7270 = CARTESIAN_POINT('',(0.755,-0.4,0.45));
#7271 = VECTOR('',#7272,1.);
#7272 = DIRECTION('',(0.,1.,0.));
#7273 = ORIENTED_EDGE('',*,*,#7018,.F.);
#7274 = CYLINDRICAL_SURFACE('',#7275,4.5E-02);
#7275 = AXIS2_PLACEMENT_3D('',#7276,#7277,#7278);
#7276 = CARTESIAN_POINT('',(0.755,-0.4,0.405));
#7277 = DIRECTION('',(0.,1.,0.));
#7278 = DIRECTION('',(1.,0.,0.));
#7279 = ADVANCED_FACE('',(#7280),#7291,.T.);
#7280 = FACE_BOUND('',#7281,.T.);
#7281 = EDGE_LOOP('',(#7282,#7283,#7289,#7290));
#7282 = ORIENTED_EDGE('',*,*,#7134,.F.);
#7283 = ORIENTED_EDGE('',*,*,#7284,.F.);
#7284 = EDGE_CURVE('',#7002,#7126,#7285,.T.);
#7285 = LINE('',#7286,#7287);
#7286 = CARTESIAN_POINT('',(0.545,-0.4,0.45));
#7287 = VECTOR('',#7288,1.);
#7288 = DIRECTION('',(0.,1.,0.));
#7289 = ORIENTED_EDGE('',*,*,#7010,.T.);
#7290 = ORIENTED_EDGE('',*,*,#7268,.T.);
#7291 = PLANE('',#7292);
#7292 = AXIS2_PLACEMENT_3D('',#7293,#7294,#7295);
#7293 = CARTESIAN_POINT('',(0.5,-0.4,0.45));
#7294 = DIRECTION('',(0.,0.,1.));
#7295 = DIRECTION('',(1.,0.,-0.));
#7296 = ADVANCED_FACE('',(#7297),#7308,.T.);
#7297 = FACE_BOUND('',#7298,.T.);
#7298 = EDGE_LOOP('',(#7299,#7300,#7301,#7302));
#7299 = ORIENTED_EDGE('',*,*,#7001,.T.);
#7300 = ORIENTED_EDGE('',*,*,#7284,.T.);
#7301 = ORIENTED_EDGE('',*,*,#7125,.F.);
#7302 = ORIENTED_EDGE('',*,*,#7303,.F.);
#7303 = EDGE_CURVE('',#6836,#6919,#7304,.T.);
#7304 = LINE('',#7305,#7306);
#7305 = CARTESIAN_POINT('',(0.5,-0.4,0.405));
#7306 = VECTOR('',#7307,1.);
#7307 = DIRECTION('',(0.,1.,0.));
#7308 = CYLINDRICAL_SURFACE('',#7309,4.5E-02);
#7309 = AXIS2_PLACEMENT_3D('',#7310,#7311,#7312);
#7310 = CARTESIAN_POINT('',(0.545,-0.4,0.405));
#7311 = DIRECTION('',(0.,1.,0.));
#7312 = DIRECTION('',(-1.,0.,0.));
#7313 = ADVANCED_FACE('',(#7314),#7325,.T.);
#7314 = FACE_BOUND('',#7315,.T.);
#7315 = EDGE_LOOP('',(#7316,#7317,#7318,#7319));
#7316 = ORIENTED_EDGE('',*,*,#7067,.F.);
#7317 = ORIENTED_EDGE('',*,*,#7303,.T.);
#7318 = ORIENTED_EDGE('',*,*,#7184,.T.);
#7319 = ORIENTED_EDGE('',*,*,#7320,.F.);
#7320 = EDGE_CURVE('',#7060,#7177,#7321,.T.);
#7321 = LINE('',#7322,#7323);
#7322 = CARTESIAN_POINT('',(0.5,-0.4,0.45));
#7323 = VECTOR('',#7324,1.);
#7324 = DIRECTION('',(0.,1.,0.));
#7325 = PLANE('',#7326);
#7326 = AXIS2_PLACEMENT_3D('',#7327,#7328,#7329);
#7327 = CARTESIAN_POINT('',(0.5,-0.4,0.405));
#7328 = DIRECTION('',(1.,0.,0.));
#7329 = DIRECTION('',(0.,0.,1.));
#7330 = ADVANCED_FACE('',(#7331),#7337,.T.);
#7331 = FACE_BOUND('',#7332,.T.);
#7332 = EDGE_LOOP('',(#7333,#7334,#7335,#7336));
#7333 = ORIENTED_EDGE('',*,*,#7091,.F.);
#7334 = ORIENTED_EDGE('',*,*,#7059,.T.);
#7335 = ORIENTED_EDGE('',*,*,#7320,.T.);
#7336 = ORIENTED_EDGE('',*,*,#7176,.F.);
#7337 = PLANE('',#7338);
#7338 = AXIS2_PLACEMENT_3D('',#7339,#7340,#7341);
#7339 = CARTESIAN_POINT('',(-0.5,-0.4,0.45));
#7340 = DIRECTION('',(0.,0.,1.));
#7341 = DIRECTION('',(1.,0.,-0.));
#7342 = ( GEOMETRIC_REPRESENTATION_CONTEXT(3) 
GLOBAL_UNCERTAINTY_ASSIGNED_CONTEXT((#7346)) 
GLOBAL_UNIT_ASSIGNED_CONTEXT((#7343,#7344,#7345)) REPRESENTATION_CONTEXT
('Context #1','3D Context with UNIT and UNCERTAINTY') );
#7343 = ( LENGTH_UNIT() NAMED_UNIT(*) SI_UNIT(.MILLI.,.METRE.) );
#7344 = ( NAMED_UNIT(*) PLANE_ANGLE_UNIT() SI_UNIT($,.RADIAN.) );
#7345 = ( NAMED_UNIT(*) SI_UNIT($,.STERADIAN.) SOLID_ANGLE_UNIT() );
#7346 = UNCERTAINTY_MEASURE_WITH_UNIT(LENGTH_MEASURE(1.E-07),#7343,
  'distance_accuracy_value','confusion accuracy');
#7347 = CONTEXT_DEPENDENT_SHAPE_REPRESENTATION(#7348,#7350);
#7348 = ( REPRESENTATION_RELATIONSHIP('','',#6551,#6528) 
REPRESENTATION_RELATIONSHIP_WITH_TRANSFORMATION(#7349) 
SHAPE_REPRESENTATION_RELATIONSHIP() );
#7349 = ITEM_DEFINED_TRANSFORMATION('','',#11,#6529);
#7350 = PRODUCT_DEFINITION_SHAPE('Placement','Placement of an item',
  #7351);
#7351 = NEXT_ASSEMBLY_USAGE_OCCURRENCE('14','=>[0:1:1:16]','',#6523,
  #6546,$);
#7352 = PRODUCT_RELATED_PRODUCT_CATEGORY('part',$,(#6548));
#7353 = CONTEXT_DEPENDENT_SHAPE_REPRESENTATION(#7354,#7356);
#7354 = ( REPRESENTATION_RELATIONSHIP('','',#6528,#10) 
REPRESENTATION_RELATIONSHIP_WITH_TRANSFORMATION(#7355) 
SHAPE_REPRESENTATION_RELATIONSHIP() );
#7355 = ITEM_DEFINED_TRANSFORMATION('','',#11,#35);
#7356 = PRODUCT_DEFINITION_SHAPE('Placement','Placement of an item',
  #7357);
#7357 = NEXT_ASSEMBLY_USAGE_OCCURRENCE('16','R7','',#5,#6523,$);
#7358 = CONTEXT_DEPENDENT_SHAPE_REPRESENTATION(#7359,#7361);
#7359 = ( REPRESENTATION_RELATIONSHIP('','',#6528,#10) 
REPRESENTATION_RELATIONSHIP_WITH_TRANSFORMATION(#7360) 
SHAPE_REPRESENTATION_RELATIONSHIP() );
#7360 = ITEM_DEFINED_TRANSFORMATION('','',#11,#39);
#7361 = PRODUCT_DEFINITION_SHAPE('Placement','Placement of an item',
  #7362);
#7362 = NEXT_ASSEMBLY_USAGE_OCCURRENCE('17','R1','',#5,#6523,$);
#7363 = CONTEXT_DEPENDENT_SHAPE_REPRESENTATION(#7364,#7366);
#7364 = ( REPRESENTATION_RELATIONSHIP('','',#104,#10) 
REPRESENTATION_RELATIONSHIP_WITH_TRANSFORMATION(#7365) 
SHAPE_REPRESENTATION_RELATIONSHIP() );
#7365 = ITEM_DEFINED_TRANSFORMATION('','',#11,#43);
#7366 = PRODUCT_DEFINITION_SHAPE('Placement','Placement of an item',
  #7367);
#7367 = NEXT_ASSEMBLY_USAGE_OCCURRENCE('18','C9','',#5,#99,$);
#7368 = CONTEXT_DEPENDENT_SHAPE_REPRESENTATION(#7369,#7371);
#7369 = ( REPRESENTATION_RELATIONSHIP('','',#6528,#10) 
REPRESENTATION_RELATIONSHIP_WITH_TRANSFORMATION(#7370) 
SHAPE_REPRESENTATION_RELATIONSHIP() );
#7370 = ITEM_DEFINED_TRANSFORMATION('','',#11,#47);
#7371 = PRODUCT_DEFINITION_SHAPE('Placement','Placement of an item',
  #7372);
#7372 = NEXT_ASSEMBLY_USAGE_OCCURRENCE('19','R5','',#5,#6523,$);
#7373 = SHAPE_DEFINITION_REPRESENTATION(#7374,#7380);
#7374 = PRODUCT_DEFINITION_SHAPE('','',#7375);
#7375 = PRODUCT_DEFINITION('design','',#7376,#7379);
#7376 = PRODUCT_DEFINITION_FORMATION('','',#7377);
#7377 = PRODUCT('C_1210_3225Metric','C_1210_3225Metric','',(#7378));
#7378 = PRODUCT_CONTEXT('',#2,'mechanical');
#7379 = PRODUCT_DEFINITION_CONTEXT('part definition',#2,'design');
#7380 = SHAPE_REPRESENTATION('',(#11,#7381),#7385);
#7381 = AXIS2_PLACEMENT_3D('',#7382,#7383,#7384);
#7382 = CARTESIAN_POINT('',(0.,0.,0.));
#7383 = DIRECTION('',(0.,0.,1.));
#7384 = DIRECTION('',(1.,0.,-0.));
#7385 = ( GEOMETRIC_REPRESENTATION_CONTEXT(3) 
GLOBAL_UNCERTAINTY_ASSIGNED_CONTEXT((#7389)) 
GLOBAL_UNIT_ASSIGNED_CONTEXT((#7386,#7387,#7388)) REPRESENTATION_CONTEXT
('Context #1','3D Context with UNIT and UNCERTAINTY') );
#7386 = ( LENGTH_UNIT() NAMED_UNIT(*) SI_UNIT(.MILLI.,.METRE.) );
#7387 = ( NAMED_UNIT(*) PLANE_ANGLE_UNIT() SI_UNIT($,.RADIAN.) );
#7388 = ( NAMED_UNIT(*) SI_UNIT($,.STERADIAN.) SOLID_ANGLE_UNIT() );
#7389 = UNCERTAINTY_MEASURE_WITH_UNIT(LENGTH_MEASURE(1.E-07),#7386,
  'distance_accuracy_value','confusion accuracy');
#7390 = CONTEXT_DEPENDENT_SHAPE_REPRESENTATION(#7391,#7393);
#7391 = ( REPRESENTATION_RELATIONSHIP('','',#7380,#10) 
REPRESENTATION_RELATIONSHIP_WITH_TRANSFORMATION(#7392) 
SHAPE_REPRESENTATION_RELATIONSHIP() );
#7392 = ITEM_DEFINED_TRANSFORMATION('','',#11,#51);
#7393 = PRODUCT_DEFINITION_SHAPE('Placement','Placement of an item',
  #7394);
#7394 = NEXT_ASSEMBLY_USAGE_OCCURRENCE('21','C11','',#5,#7375,$);
#7395 = PRODUCT_RELATED_PRODUCT_CATEGORY('part',$,(#7377));
#7396 = SHAPE_DEFINITION_REPRESENTATION(#7397,#7403);
#7397 = PRODUCT_DEFINITION_SHAPE('','',#7398);
#7398 = PRODUCT_DEFINITION('design','',#7399,#7402);
#7399 = PRODUCT_DEFINITION_FORMATION('','',#7400);
#7400 = PRODUCT('C_1210_3225Metric','C_1210_3225Metric','',(#7401));
#7401 = PRODUCT_CONTEXT('',#2,'mechanical');
#7402 = PRODUCT_DEFINITION_CONTEXT('part definition',#2,'design');
#7403 = ADVANCED_BREP_SHAPE_REPRESENTATION('',(#11,#7404),#8258);
#7404 = MANIFOLD_SOLID_BREP('',#7405);
#7405 = CLOSED_SHELL('',(#7406,#7482,#7513,#7538,#7563,#7587,#7611,#7636
    ,#7661,#7678,#7764,#7796,#7820,#7845,#7869,#7894,#7918,#7943,#7960,
    #8046,#8077,#8102,#8127,#8151,#8175,#8200,#8225,#8242));
#7406 = ADVANCED_FACE('',(#7407),#7477,.F.);
#7407 = FACE_BOUND('',#7408,.F.);
#7408 = EDGE_LOOP('',(#7409,#7419,#7428,#7436,#7445,#7453,#7462,#7470));
#7409 = ORIENTED_EDGE('',*,*,#7410,.F.);
#7410 = EDGE_CURVE('',#7411,#7413,#7415,.T.);
#7411 = VERTEX_POINT('',#7412);
#7412 = CARTESIAN_POINT('',(-1.6,-1.25,4.E-02));
#7413 = VERTEX_POINT('',#7414);
#7414 = CARTESIAN_POINT('',(-1.6,-1.25,2.46));
#7415 = LINE('',#7416,#7417);
#7416 = CARTESIAN_POINT('',(-1.6,-1.25,0.));
#7417 = VECTOR('',#7418,1.);
#7418 = DIRECTION('',(0.,0.,1.));
#7419 = ORIENTED_EDGE('',*,*,#7420,.T.);
#7420 = EDGE_CURVE('',#7411,#7421,#7423,.T.);
#7421 = VERTEX_POINT('',#7422);
#7422 = CARTESIAN_POINT('',(-1.6,-1.21,0.));
#7423 = CIRCLE('',#7424,4.E-02);
#7424 = AXIS2_PLACEMENT_3D('',#7425,#7426,#7427);
#7425 = CARTESIAN_POINT('',(-1.6,-1.21,4.E-02));
#7426 = DIRECTION('',(1.,0.,-0.));
#7427 = DIRECTION('',(0.,0.,1.));
#7428 = ORIENTED_EDGE('',*,*,#7429,.T.);
#7429 = EDGE_CURVE('',#7421,#7430,#7432,.T.);
#7430 = VERTEX_POINT('',#7431);
#7431 = CARTESIAN_POINT('',(-1.6,1.21,0.));
#7432 = LINE('',#7433,#7434);
#7433 = CARTESIAN_POINT('',(-1.6,-1.25,0.));
#7434 = VECTOR('',#7435,1.);
#7435 = DIRECTION('',(0.,1.,0.));
#7436 = ORIENTED_EDGE('',*,*,#7437,.F.);
#7437 = EDGE_CURVE('',#7438,#7430,#7440,.T.);
#7438 = VERTEX_POINT('',#7439);
#7439 = CARTESIAN_POINT('',(-1.6,1.25,4.E-02));
#7440 = CIRCLE('',#7441,4.E-02);
#7441 = AXIS2_PLACEMENT_3D('',#7442,#7443,#7444);
#7442 = CARTESIAN_POINT('',(-1.6,1.21,4.E-02));
#7443 = DIRECTION('',(-1.,0.,0.));
#7444 = DIRECTION('',(0.,0.,1.));
#7445 = ORIENTED_EDGE('',*,*,#7446,.T.);
#7446 = EDGE_CURVE('',#7438,#7447,#7449,.T.);
#7447 = VERTEX_POINT('',#7448);
#7448 = CARTESIAN_POINT('',(-1.6,1.25,2.46));
#7449 = LINE('',#7450,#7451);
#7450 = CARTESIAN_POINT('',(-1.6,1.25,0.));
#7451 = VECTOR('',#7452,1.);
#7452 = DIRECTION('',(0.,0.,1.));
#7453 = ORIENTED_EDGE('',*,*,#7454,.T.);
#7454 = EDGE_CURVE('',#7447,#7455,#7457,.T.);
#7455 = VERTEX_POINT('',#7456);
#7456 = CARTESIAN_POINT('',(-1.6,1.21,2.5));
#7457 = CIRCLE('',#7458,4.E-02);
#7458 = AXIS2_PLACEMENT_3D('',#7459,#7460,#7461);
#7459 = CARTESIAN_POINT('',(-1.6,1.21,2.46));
#7460 = DIRECTION('',(1.,0.,-0.));
#7461 = DIRECTION('',(0.,0.,1.));
#7462 = ORIENTED_EDGE('',*,*,#7463,.F.);
#7463 = EDGE_CURVE('',#7464,#7455,#7466,.T.);
#7464 = VERTEX_POINT('',#7465);
#7465 = CARTESIAN_POINT('',(-1.6,-1.21,2.5));
#7466 = LINE('',#7467,#7468);
#7467 = CARTESIAN_POINT('',(-1.6,-1.25,2.5));
#7468 = VECTOR('',#7469,1.);
#7469 = DIRECTION('',(0.,1.,0.));
#7470 = ORIENTED_EDGE('',*,*,#7471,.F.);
#7471 = EDGE_CURVE('',#7413,#7464,#7472,.T.);
#7472 = CIRCLE('',#7473,4.E-02);
#7473 = AXIS2_PLACEMENT_3D('',#7474,#7475,#7476);
#7474 = CARTESIAN_POINT('',(-1.6,-1.21,2.46));
#7475 = DIRECTION('',(-1.,0.,0.));
#7476 = DIRECTION('',(0.,0.,1.));
#7477 = PLANE('',#7478);
#7478 = AXIS2_PLACEMENT_3D('',#7479,#7480,#7481);
#7479 = CARTESIAN_POINT('',(-1.6,-1.25,0.));
#7480 = DIRECTION('',(1.,0.,0.));
#7481 = DIRECTION('',(0.,0.,1.));
#7482 = ADVANCED_FACE('',(#7483),#7508,.F.);
#7483 = FACE_BOUND('',#7484,.F.);
#7484 = EDGE_LOOP('',(#7485,#7495,#7501,#7502));
#7485 = ORIENTED_EDGE('',*,*,#7486,.F.);
#7486 = EDGE_CURVE('',#7487,#7489,#7491,.T.);
#7487 = VERTEX_POINT('',#7488);
#7488 = CARTESIAN_POINT('',(-1.2,-1.25,4.E-02));
#7489 = VERTEX_POINT('',#7490);
#7490 = CARTESIAN_POINT('',(-1.2,-1.25,2.46));
#7491 = LINE('',#7492,#7493);
#7492 = CARTESIAN_POINT('',(-1.2,-1.25,0.));
#7493 = VECTOR('',#7494,1.);
#7494 = DIRECTION('',(0.,0.,1.));
#7495 = ORIENTED_EDGE('',*,*,#7496,.F.);
#7496 = EDGE_CURVE('',#7411,#7487,#7497,.T.);
#7497 = LINE('',#7498,#7499);
#7498 = CARTESIAN_POINT('',(-1.6,-1.25,4.E-02));
#7499 = VECTOR('',#7500,1.);
#7500 = DIRECTION('',(1.,0.,0.));
#7501 = ORIENTED_EDGE('',*,*,#7410,.T.);
#7502 = ORIENTED_EDGE('',*,*,#7503,.T.);
#7503 = EDGE_CURVE('',#7413,#7489,#7504,.T.);
#7504 = LINE('',#7505,#7506);
#7505 = CARTESIAN_POINT('',(-1.6,-1.25,2.46));
#7506 = VECTOR('',#7507,1.);
#7507 = DIRECTION('',(1.,0.,0.));
#7508 = PLANE('',#7509);
#7509 = AXIS2_PLACEMENT_3D('',#7510,#7511,#7512);
#7510 = CARTESIAN_POINT('',(-1.6,-1.25,0.));
#7511 = DIRECTION('',(0.,1.,0.));
#7512 = DIRECTION('',(0.,-0.,1.));
#7513 = ADVANCED_FACE('',(#7514),#7533,.T.);
#7514 = FACE_BOUND('',#7515,.T.);
#7515 = EDGE_LOOP('',(#7516,#7517,#7525,#7532));
#7516 = ORIENTED_EDGE('',*,*,#7420,.T.);
#7517 = ORIENTED_EDGE('',*,*,#7518,.T.);
#7518 = EDGE_CURVE('',#7421,#7519,#7521,.T.);
#7519 = VERTEX_POINT('',#7520);
#7520 = CARTESIAN_POINT('',(-1.2,-1.21,0.));
#7521 = LINE('',#7522,#7523);
#7522 = CARTESIAN_POINT('',(-1.6,-1.21,0.));
#7523 = VECTOR('',#7524,1.);
#7524 = DIRECTION('',(1.,0.,0.));
#7525 = ORIENTED_EDGE('',*,*,#7526,.F.);
#7526 = EDGE_CURVE('',#7487,#7519,#7527,.T.);
#7527 = CIRCLE('',#7528,4.E-02);
#7528 = AXIS2_PLACEMENT_3D('',#7529,#7530,#7531);
#7529 = CARTESIAN_POINT('',(-1.2,-1.21,4.E-02));
#7530 = DIRECTION('',(1.,0.,-0.));
#7531 = DIRECTION('',(0.,0.,1.));
#7532 = ORIENTED_EDGE('',*,*,#7496,.F.);
#7533 = CYLINDRICAL_SURFACE('',#7534,4.E-02);
#7534 = AXIS2_PLACEMENT_3D('',#7535,#7536,#7537);
#7535 = CARTESIAN_POINT('',(-1.6,-1.21,4.E-02));
#7536 = DIRECTION('',(1.,0.,0.));
#7537 = DIRECTION('',(0.,-1.,0.));
#7538 = ADVANCED_FACE('',(#7539),#7558,.T.);
#7539 = FACE_BOUND('',#7540,.T.);
#7540 = EDGE_LOOP('',(#7541,#7542,#7551,#7557));
#7541 = ORIENTED_EDGE('',*,*,#7503,.T.);
#7542 = ORIENTED_EDGE('',*,*,#7543,.T.);
#7543 = EDGE_CURVE('',#7489,#7544,#7546,.T.);
#7544 = VERTEX_POINT('',#7545);
#7545 = CARTESIAN_POINT('',(-1.2,-1.21,2.5));
#7546 = CIRCLE('',#7547,4.E-02);
#7547 = AXIS2_PLACEMENT_3D('',#7548,#7549,#7550);
#7548 = CARTESIAN_POINT('',(-1.2,-1.21,2.46));
#7549 = DIRECTION('',(-1.,0.,0.));
#7550 = DIRECTION('',(0.,0.,1.));
#7551 = ORIENTED_EDGE('',*,*,#7552,.F.);
#7552 = EDGE_CURVE('',#7464,#7544,#7553,.T.);
#7553 = LINE('',#7554,#7555);
#7554 = CARTESIAN_POINT('',(-1.6,-1.21,2.5));
#7555 = VECTOR('',#7556,1.);
#7556 = DIRECTION('',(1.,0.,0.));
#7557 = ORIENTED_EDGE('',*,*,#7471,.F.);
#7558 = CYLINDRICAL_SURFACE('',#7559,4.E-02);
#7559 = AXIS2_PLACEMENT_3D('',#7560,#7561,#7562);
#7560 = CARTESIAN_POINT('',(-1.6,-1.21,2.46));
#7561 = DIRECTION('',(1.,0.,0.));
#7562 = DIRECTION('',(0.,-1.,0.));
#7563 = ADVANCED_FACE('',(#7564),#7582,.F.);
#7564 = FACE_BOUND('',#7565,.F.);
#7565 = EDGE_LOOP('',(#7566,#7567,#7568,#7576));
#7566 = ORIENTED_EDGE('',*,*,#7429,.F.);
#7567 = ORIENTED_EDGE('',*,*,#7518,.T.);
#7568 = ORIENTED_EDGE('',*,*,#7569,.T.);
#7569 = EDGE_CURVE('',#7519,#7570,#7572,.T.);
#7570 = VERTEX_POINT('',#7571);
#7571 = CARTESIAN_POINT('',(-1.2,1.21,0.));
#7572 = LINE('',#7573,#7574);
#7573 = CARTESIAN_POINT('',(-1.2,-1.25,0.));
#7574 = VECTOR('',#7575,1.);
#7575 = DIRECTION('',(0.,1.,0.));
#7576 = ORIENTED_EDGE('',*,*,#7577,.F.);
#7577 = EDGE_CURVE('',#7430,#7570,#7578,.T.);
#7578 = LINE('',#7579,#7580);
#7579 = CARTESIAN_POINT('',(-1.6,1.21,0.));
#7580 = VECTOR('',#7581,1.);
#7581 = DIRECTION('',(1.,0.,0.));
#7582 = PLANE('',#7583);
#7583 = AXIS2_PLACEMENT_3D('',#7584,#7585,#7586);
#7584 = CARTESIAN_POINT('',(-1.6,-1.25,0.));
#7585 = DIRECTION('',(0.,0.,1.));
#7586 = DIRECTION('',(1.,0.,-0.));
#7587 = ADVANCED_FACE('',(#7588),#7606,.T.);
#7588 = FACE_BOUND('',#7589,.T.);
#7589 = EDGE_LOOP('',(#7590,#7591,#7592,#7600));
#7590 = ORIENTED_EDGE('',*,*,#7463,.F.);
#7591 = ORIENTED_EDGE('',*,*,#7552,.T.);
#7592 = ORIENTED_EDGE('',*,*,#7593,.T.);
#7593 = EDGE_CURVE('',#7544,#7594,#7596,.T.);
#7594 = VERTEX_POINT('',#7595);
#7595 = CARTESIAN_POINT('',(-1.2,1.21,2.5));
#7596 = LINE('',#7597,#7598);
#7597 = CARTESIAN_POINT('',(-1.2,-1.25,2.5));
#7598 = VECTOR('',#7599,1.);
#7599 = DIRECTION('',(0.,1.,0.));
#7600 = ORIENTED_EDGE('',*,*,#7601,.F.);
#7601 = EDGE_CURVE('',#7455,#7594,#7602,.T.);
#7602 = LINE('',#7603,#7604);
#7603 = CARTESIAN_POINT('',(-1.6,1.21,2.5));
#7604 = VECTOR('',#7605,1.);
#7605 = DIRECTION('',(1.,0.,0.));
#7606 = PLANE('',#7607);
#7607 = AXIS2_PLACEMENT_3D('',#7608,#7609,#7610);
#7608 = CARTESIAN_POINT('',(-1.6,-1.25,2.5));
#7609 = DIRECTION('',(0.,0.,1.));
#7610 = DIRECTION('',(1.,0.,-0.));
#7611 = ADVANCED_FACE('',(#7612),#7631,.T.);
#7612 = FACE_BOUND('',#7613,.T.);
#7613 = EDGE_LOOP('',(#7614,#7622,#7629,#7630));
#7614 = ORIENTED_EDGE('',*,*,#7615,.T.);
#7615 = EDGE_CURVE('',#7438,#7616,#7618,.T.);
#7616 = VERTEX_POINT('',#7617);
#7617 = CARTESIAN_POINT('',(-1.2,1.25,4.E-02));
#7618 = LINE('',#7619,#7620);
#7619 = CARTESIAN_POINT('',(-1.6,1.25,4.E-02));
#7620 = VECTOR('',#7621,1.);
#7621 = DIRECTION('',(1.,0.,0.));
#7622 = ORIENTED_EDGE('',*,*,#7623,.T.);
#7623 = EDGE_CURVE('',#7616,#7570,#7624,.T.);
#7624 = CIRCLE('',#7625,4.E-02);
#7625 = AXIS2_PLACEMENT_3D('',#7626,#7627,#7628);
#7626 = CARTESIAN_POINT('',(-1.2,1.21,4.E-02));
#7627 = DIRECTION('',(-1.,0.,0.));
#7628 = DIRECTION('',(0.,0.,1.));
#7629 = ORIENTED_EDGE('',*,*,#7577,.F.);
#7630 = ORIENTED_EDGE('',*,*,#7437,.F.);
#7631 = CYLINDRICAL_SURFACE('',#7632,4.E-02);
#7632 = AXIS2_PLACEMENT_3D('',#7633,#7634,#7635);
#7633 = CARTESIAN_POINT('',(-1.6,1.21,4.E-02));
#7634 = DIRECTION('',(1.,0.,0.));
#7635 = DIRECTION('',(-0.,1.,0.));
#7636 = ADVANCED_FACE('',(#7637),#7656,.T.);
#7637 = FACE_BOUND('',#7638,.T.);
#7638 = EDGE_LOOP('',(#7639,#7640,#7641,#7650));
#7639 = ORIENTED_EDGE('',*,*,#7454,.T.);
#7640 = ORIENTED_EDGE('',*,*,#7601,.T.);
#7641 = ORIENTED_EDGE('',*,*,#7642,.F.);
#7642 = EDGE_CURVE('',#7643,#7594,#7645,.T.);
#7643 = VERTEX_POINT('',#7644);
#7644 = CARTESIAN_POINT('',(-1.2,1.25,2.46));
#7645 = CIRCLE('',#7646,4.E-02);
#7646 = AXIS2_PLACEMENT_3D('',#7647,#7648,#7649);
#7647 = CARTESIAN_POINT('',(-1.2,1.21,2.46));
#7648 = DIRECTION('',(1.,0.,-0.));
#7649 = DIRECTION('',(0.,0.,1.));
#7650 = ORIENTED_EDGE('',*,*,#7651,.F.);
#7651 = EDGE_CURVE('',#7447,#7643,#7652,.T.);
#7652 = LINE('',#7653,#7654);
#7653 = CARTESIAN_POINT('',(-1.6,1.25,2.46));
#7654 = VECTOR('',#7655,1.);
#7655 = DIRECTION('',(1.,0.,0.));
#7656 = CYLINDRICAL_SURFACE('',#7657,4.E-02);
#7657 = AXIS2_PLACEMENT_3D('',#7658,#7659,#7660);
#7658 = CARTESIAN_POINT('',(-1.6,1.21,2.46));
#7659 = DIRECTION('',(1.,0.,0.));
#7660 = DIRECTION('',(-0.,1.,0.));
#7661 = ADVANCED_FACE('',(#7662),#7673,.T.);
#7662 = FACE_BOUND('',#7663,.T.);
#7663 = EDGE_LOOP('',(#7664,#7670,#7671,#7672));
#7664 = ORIENTED_EDGE('',*,*,#7665,.F.);
#7665 = EDGE_CURVE('',#7616,#7643,#7666,.T.);
#7666 = LINE('',#7667,#7668);
#7667 = CARTESIAN_POINT('',(-1.2,1.25,0.));
#7668 = VECTOR('',#7669,1.);
#7669 = DIRECTION('',(0.,0.,1.));
#7670 = ORIENTED_EDGE('',*,*,#7615,.F.);
#7671 = ORIENTED_EDGE('',*,*,#7446,.T.);
#7672 = ORIENTED_EDGE('',*,*,#7651,.T.);
#7673 = PLANE('',#7674);
#7674 = AXIS2_PLACEMENT_3D('',#7675,#7676,#7677);
#7675 = CARTESIAN_POINT('',(-1.6,1.25,0.));
#7676 = DIRECTION('',(0.,1.,0.));
#7677 = DIRECTION('',(0.,-0.,1.));
#7678 = ADVANCED_FACE('',(#7679,#7689),#7759,.T.);
#7679 = FACE_BOUND('',#7680,.T.);
#7680 = EDGE_LOOP('',(#7681,#7682,#7683,#7684,#7685,#7686,#7687,#7688));
#7681 = ORIENTED_EDGE('',*,*,#7486,.F.);
#7682 = ORIENTED_EDGE('',*,*,#7526,.T.);
#7683 = ORIENTED_EDGE('',*,*,#7569,.T.);
#7684 = ORIENTED_EDGE('',*,*,#7623,.F.);
#7685 = ORIENTED_EDGE('',*,*,#7665,.T.);
#7686 = ORIENTED_EDGE('',*,*,#7642,.T.);
#7687 = ORIENTED_EDGE('',*,*,#7593,.F.);
#7688 = ORIENTED_EDGE('',*,*,#7543,.F.);
#7689 = FACE_BOUND('',#7690,.T.);
#7690 = EDGE_LOOP('',(#7691,#7702,#7710,#7719,#7727,#7736,#7744,#7753));
#7691 = ORIENTED_EDGE('',*,*,#7692,.F.);
#7692 = EDGE_CURVE('',#7693,#7695,#7697,.T.);
#7693 = VERTEX_POINT('',#7694);
#7694 = CARTESIAN_POINT('',(-1.2,-1.21,8.E-02));
#7695 = VERTEX_POINT('',#7696);
#7696 = CARTESIAN_POINT('',(-1.2,-1.17,4.E-02));
#7697 = CIRCLE('',#7698,4.E-02);
#7698 = AXIS2_PLACEMENT_3D('',#7699,#7700,#7701);
#7699 = CARTESIAN_POINT('',(-1.2,-1.17,8.E-02));
#7700 = DIRECTION('',(1.,0.,-0.));
#7701 = DIRECTION('',(0.,0.,1.));
#7702 = ORIENTED_EDGE('',*,*,#7703,.T.);
#7703 = EDGE_CURVE('',#7693,#7704,#7706,.T.);
#7704 = VERTEX_POINT('',#7705);
#7705 = CARTESIAN_POINT('',(-1.2,-1.21,2.42));
#7706 = LINE('',#7707,#7708);
#7707 = CARTESIAN_POINT('',(-1.2,-1.21,4.E-02));
#7708 = VECTOR('',#7709,1.);
#7709 = DIRECTION('',(0.,0.,1.));
#7710 = ORIENTED_EDGE('',*,*,#7711,.T.);
#7711 = EDGE_CURVE('',#7704,#7712,#7714,.T.);
#7712 = VERTEX_POINT('',#7713);
#7713 = CARTESIAN_POINT('',(-1.2,-1.17,2.46));
#7714 = CIRCLE('',#7715,4.E-02);
#7715 = AXIS2_PLACEMENT_3D('',#7716,#7717,#7718);
#7716 = CARTESIAN_POINT('',(-1.2,-1.17,2.42));
#7717 = DIRECTION('',(-1.,0.,0.));
#7718 = DIRECTION('',(0.,0.,1.));
#7719 = ORIENTED_EDGE('',*,*,#7720,.T.);
#7720 = EDGE_CURVE('',#7712,#7721,#7723,.T.);
#7721 = VERTEX_POINT('',#7722);
#7722 = CARTESIAN_POINT('',(-1.2,1.17,2.46));
#7723 = LINE('',#7724,#7725);
#7724 = CARTESIAN_POINT('',(-1.2,-1.21,2.46));
#7725 = VECTOR('',#7726,1.);
#7726 = DIRECTION('',(0.,1.,0.));
#7727 = ORIENTED_EDGE('',*,*,#7728,.F.);
#7728 = EDGE_CURVE('',#7729,#7721,#7731,.T.);
#7729 = VERTEX_POINT('',#7730);
#7730 = CARTESIAN_POINT('',(-1.2,1.21,2.42));
#7731 = CIRCLE('',#7732,4.E-02);
#7732 = AXIS2_PLACEMENT_3D('',#7733,#7734,#7735);
#7733 = CARTESIAN_POINT('',(-1.2,1.17,2.42));
#7734 = DIRECTION('',(1.,0.,-0.));
#7735 = DIRECTION('',(0.,0.,1.));
#7736 = ORIENTED_EDGE('',*,*,#7737,.F.);
#7737 = EDGE_CURVE('',#7738,#7729,#7740,.T.);
#7738 = VERTEX_POINT('',#7739);
#7739 = CARTESIAN_POINT('',(-1.2,1.21,8.E-02));
#7740 = LINE('',#7741,#7742);
#7741 = CARTESIAN_POINT('',(-1.2,1.21,4.E-02));
#7742 = VECTOR('',#7743,1.);
#7743 = DIRECTION('',(0.,0.,1.));
#7744 = ORIENTED_EDGE('',*,*,#7745,.T.);
#7745 = EDGE_CURVE('',#7738,#7746,#7748,.T.);
#7746 = VERTEX_POINT('',#7747);
#7747 = CARTESIAN_POINT('',(-1.2,1.17,4.E-02));
#7748 = CIRCLE('',#7749,4.E-02);
#7749 = AXIS2_PLACEMENT_3D('',#7750,#7751,#7752);
#7750 = CARTESIAN_POINT('',(-1.2,1.17,8.E-02));
#7751 = DIRECTION('',(-1.,0.,0.));
#7752 = DIRECTION('',(0.,0.,1.));
#7753 = ORIENTED_EDGE('',*,*,#7754,.F.);
#7754 = EDGE_CURVE('',#7695,#7746,#7755,.T.);
#7755 = LINE('',#7756,#7757);
#7756 = CARTESIAN_POINT('',(-1.2,-1.21,4.E-02));
#7757 = VECTOR('',#7758,1.);
#7758 = DIRECTION('',(0.,1.,0.));
#7759 = PLANE('',#7760);
#7760 = AXIS2_PLACEMENT_3D('',#7761,#7762,#7763);
#7761 = CARTESIAN_POINT('',(-1.2,-1.25,0.));
#7762 = DIRECTION('',(1.,0.,0.));
#7763 = DIRECTION('',(0.,0.,1.));
#7764 = ADVANCED_FACE('',(#7765),#7791,.T.);
#7765 = FACE_BOUND('',#7766,.T.);
#7766 = EDGE_LOOP('',(#7767,#7768,#7776,#7785));
#7767 = ORIENTED_EDGE('',*,*,#7692,.T.);
#7768 = ORIENTED_EDGE('',*,*,#7769,.T.);
#7769 = EDGE_CURVE('',#7695,#7770,#7772,.T.);
#7770 = VERTEX_POINT('',#7771);
#7771 = CARTESIAN_POINT('',(1.2,-1.17,4.E-02));
#7772 = LINE('',#7773,#7774);
#7773 = CARTESIAN_POINT('',(-1.2,-1.17,4.E-02));
#7774 = VECTOR('',#7775,1.);
#7775 = DIRECTION('',(1.,0.,0.));
#7776 = ORIENTED_EDGE('',*,*,#7777,.F.);
#7777 = EDGE_CURVE('',#7778,#7770,#7780,.T.);
#7778 = VERTEX_POINT('',#7779);
#7779 = CARTESIAN_POINT('',(1.2,-1.21,8.E-02));
#7780 = CIRCLE('',#7781,4.E-02);
#7781 = AXIS2_PLACEMENT_3D('',#7782,#7783,#7784);
#7782 = CARTESIAN_POINT('',(1.2,-1.17,8.E-02));
#7783 = DIRECTION('',(1.,0.,-0.));
#7784 = DIRECTION('',(0.,0.,1.));
#7785 = ORIENTED_EDGE('',*,*,#7786,.F.);
#7786 = EDGE_CURVE('',#7693,#7778,#7787,.T.);
#7787 = LINE('',#7788,#7789);
#7788 = CARTESIAN_POINT('',(-1.2,-1.21,8.E-02));
#7789 = VECTOR('',#7790,1.);
#7790 = DIRECTION('',(1.,0.,0.));
#7791 = CYLINDRICAL_SURFACE('',#7792,4.E-02);
#7792 = AXIS2_PLACEMENT_3D('',#7793,#7794,#7795);
#7793 = CARTESIAN_POINT('',(-1.2,-1.17,8.E-02));
#7794 = DIRECTION('',(1.,0.,0.));
#7795 = DIRECTION('',(0.,-1.,0.));
#7796 = ADVANCED_FACE('',(#7797),#7815,.F.);
#7797 = FACE_BOUND('',#7798,.F.);
#7798 = EDGE_LOOP('',(#7799,#7800,#7801,#7809));
#7799 = ORIENTED_EDGE('',*,*,#7754,.F.);
#7800 = ORIENTED_EDGE('',*,*,#7769,.T.);
#7801 = ORIENTED_EDGE('',*,*,#7802,.T.);
#7802 = EDGE_CURVE('',#7770,#7803,#7805,.T.);
#7803 = VERTEX_POINT('',#7804);
#7804 = CARTESIAN_POINT('',(1.2,1.17,4.E-02));
#7805 = LINE('',#7806,#7807);
#7806 = CARTESIAN_POINT('',(1.2,-1.21,4.E-02));
#7807 = VECTOR('',#7808,1.);
#7808 = DIRECTION('',(0.,1.,0.));
#7809 = ORIENTED_EDGE('',*,*,#7810,.F.);
#7810 = EDGE_CURVE('',#7746,#7803,#7811,.T.);
#7811 = LINE('',#7812,#7813);
#7812 = CARTESIAN_POINT('',(-1.2,1.17,4.E-02));
#7813 = VECTOR('',#7814,1.);
#7814 = DIRECTION('',(1.,0.,0.));
#7815 = PLANE('',#7816);
#7816 = AXIS2_PLACEMENT_3D('',#7817,#7818,#7819);
#7817 = CARTESIAN_POINT('',(-1.2,-1.21,4.E-02));
#7818 = DIRECTION('',(0.,0.,1.));
#7819 = DIRECTION('',(1.,0.,-0.));
#7820 = ADVANCED_FACE('',(#7821),#7840,.T.);
#7821 = FACE_BOUND('',#7822,.T.);
#7822 = EDGE_LOOP('',(#7823,#7831,#7838,#7839));
#7823 = ORIENTED_EDGE('',*,*,#7824,.T.);
#7824 = EDGE_CURVE('',#7738,#7825,#7827,.T.);
#7825 = VERTEX_POINT('',#7826);
#7826 = CARTESIAN_POINT('',(1.2,1.21,8.E-02));
#7827 = LINE('',#7828,#7829);
#7828 = CARTESIAN_POINT('',(-1.2,1.21,8.E-02));
#7829 = VECTOR('',#7830,1.);
#7830 = DIRECTION('',(1.,0.,0.));
#7831 = ORIENTED_EDGE('',*,*,#7832,.T.);
#7832 = EDGE_CURVE('',#7825,#7803,#7833,.T.);
#7833 = CIRCLE('',#7834,4.E-02);
#7834 = AXIS2_PLACEMENT_3D('',#7835,#7836,#7837);
#7835 = CARTESIAN_POINT('',(1.2,1.17,8.E-02));
#7836 = DIRECTION('',(-1.,0.,0.));
#7837 = DIRECTION('',(0.,0.,1.));
#7838 = ORIENTED_EDGE('',*,*,#7810,.F.);
#7839 = ORIENTED_EDGE('',*,*,#7745,.F.);
#7840 = CYLINDRICAL_SURFACE('',#7841,4.E-02);
#7841 = AXIS2_PLACEMENT_3D('',#7842,#7843,#7844);
#7842 = CARTESIAN_POINT('',(-1.2,1.17,8.E-02));
#7843 = DIRECTION('',(1.,0.,0.));
#7844 = DIRECTION('',(-0.,1.,0.));
#7845 = ADVANCED_FACE('',(#7846),#7864,.T.);
#7846 = FACE_BOUND('',#7847,.T.);
#7847 = EDGE_LOOP('',(#7848,#7856,#7857,#7858));
#7848 = ORIENTED_EDGE('',*,*,#7849,.F.);
#7849 = EDGE_CURVE('',#7825,#7850,#7852,.T.);
#7850 = VERTEX_POINT('',#7851);
#7851 = CARTESIAN_POINT('',(1.2,1.21,2.42));
#7852 = LINE('',#7853,#7854);
#7853 = CARTESIAN_POINT('',(1.2,1.21,4.E-02));
#7854 = VECTOR('',#7855,1.);
#7855 = DIRECTION('',(0.,0.,1.));
#7856 = ORIENTED_EDGE('',*,*,#7824,.F.);
#7857 = ORIENTED_EDGE('',*,*,#7737,.T.);
#7858 = ORIENTED_EDGE('',*,*,#7859,.T.);
#7859 = EDGE_CURVE('',#7729,#7850,#7860,.T.);
#7860 = LINE('',#7861,#7862);
#7861 = CARTESIAN_POINT('',(-1.2,1.21,2.42));
#7862 = VECTOR('',#7863,1.);
#7863 = DIRECTION('',(1.,0.,0.));
#7864 = PLANE('',#7865);
#7865 = AXIS2_PLACEMENT_3D('',#7866,#7867,#7868);
#7866 = CARTESIAN_POINT('',(-1.2,1.21,4.E-02));
#7867 = DIRECTION('',(0.,1.,0.));
#7868 = DIRECTION('',(0.,-0.,1.));
#7869 = ADVANCED_FACE('',(#7870),#7889,.T.);
#7870 = FACE_BOUND('',#7871,.T.);
#7871 = EDGE_LOOP('',(#7872,#7873,#7881,#7888));
#7872 = ORIENTED_EDGE('',*,*,#7728,.T.);
#7873 = ORIENTED_EDGE('',*,*,#7874,.T.);
#7874 = EDGE_CURVE('',#7721,#7875,#7877,.T.);
#7875 = VERTEX_POINT('',#7876);
#7876 = CARTESIAN_POINT('',(1.2,1.17,2.46));
#7877 = LINE('',#7878,#7879);
#7878 = CARTESIAN_POINT('',(-1.2,1.17,2.46));
#7879 = VECTOR('',#7880,1.);
#7880 = DIRECTION('',(1.,0.,0.));
#7881 = ORIENTED_EDGE('',*,*,#7882,.F.);
#7882 = EDGE_CURVE('',#7850,#7875,#7883,.T.);
#7883 = CIRCLE('',#7884,4.E-02);
#7884 = AXIS2_PLACEMENT_3D('',#7885,#7886,#7887);
#7885 = CARTESIAN_POINT('',(1.2,1.17,2.42));
#7886 = DIRECTION('',(1.,0.,-0.));
#7887 = DIRECTION('',(0.,0.,1.));
#7888 = ORIENTED_EDGE('',*,*,#7859,.F.);
#7889 = CYLINDRICAL_SURFACE('',#7890,4.E-02);
#7890 = AXIS2_PLACEMENT_3D('',#7891,#7892,#7893);
#7891 = CARTESIAN_POINT('',(-1.2,1.17,2.42));
#7892 = DIRECTION('',(1.,0.,0.));
#7893 = DIRECTION('',(-0.,1.,0.));
#7894 = ADVANCED_FACE('',(#7895),#7913,.T.);
#7895 = FACE_BOUND('',#7896,.T.);
#7896 = EDGE_LOOP('',(#7897,#7898,#7906,#7912));
#7897 = ORIENTED_EDGE('',*,*,#7720,.F.);
#7898 = ORIENTED_EDGE('',*,*,#7899,.T.);
#7899 = EDGE_CURVE('',#7712,#7900,#7902,.T.);
#7900 = VERTEX_POINT('',#7901);
#7901 = CARTESIAN_POINT('',(1.2,-1.17,2.46));
#7902 = LINE('',#7903,#7904);
#7903 = CARTESIAN_POINT('',(-1.2,-1.17,2.46));
#7904 = VECTOR('',#7905,1.);
#7905 = DIRECTION('',(1.,0.,0.));
#7906 = ORIENTED_EDGE('',*,*,#7907,.T.);
#7907 = EDGE_CURVE('',#7900,#7875,#7908,.T.);
#7908 = LINE('',#7909,#7910);
#7909 = CARTESIAN_POINT('',(1.2,-1.21,2.46));
#7910 = VECTOR('',#7911,1.);
#7911 = DIRECTION('',(0.,1.,0.));
#7912 = ORIENTED_EDGE('',*,*,#7874,.F.);
#7913 = PLANE('',#7914);
#7914 = AXIS2_PLACEMENT_3D('',#7915,#7916,#7917);
#7915 = CARTESIAN_POINT('',(-1.2,-1.21,2.46));
#7916 = DIRECTION('',(0.,0.,1.));
#7917 = DIRECTION('',(1.,0.,-0.));
#7918 = ADVANCED_FACE('',(#7919),#7938,.T.);
#7919 = FACE_BOUND('',#7920,.T.);
#7920 = EDGE_LOOP('',(#7921,#7929,#7936,#7937));
#7921 = ORIENTED_EDGE('',*,*,#7922,.T.);
#7922 = EDGE_CURVE('',#7704,#7923,#7925,.T.);
#7923 = VERTEX_POINT('',#7924);
#7924 = CARTESIAN_POINT('',(1.2,-1.21,2.42));
#7925 = LINE('',#7926,#7927);
#7926 = CARTESIAN_POINT('',(-1.2,-1.21,2.42));
#7927 = VECTOR('',#7928,1.);
#7928 = DIRECTION('',(1.,0.,0.));
#7929 = ORIENTED_EDGE('',*,*,#7930,.T.);
#7930 = EDGE_CURVE('',#7923,#7900,#7931,.T.);
#7931 = CIRCLE('',#7932,4.E-02);
#7932 = AXIS2_PLACEMENT_3D('',#7933,#7934,#7935);
#7933 = CARTESIAN_POINT('',(1.2,-1.17,2.42));
#7934 = DIRECTION('',(-1.,0.,0.));
#7935 = DIRECTION('',(0.,0.,1.));
#7936 = ORIENTED_EDGE('',*,*,#7899,.F.);
#7937 = ORIENTED_EDGE('',*,*,#7711,.F.);
#7938 = CYLINDRICAL_SURFACE('',#7939,4.E-02);
#7939 = AXIS2_PLACEMENT_3D('',#7940,#7941,#7942);
#7940 = CARTESIAN_POINT('',(-1.2,-1.17,2.42));
#7941 = DIRECTION('',(1.,0.,0.));
#7942 = DIRECTION('',(0.,-1.,0.));
#7943 = ADVANCED_FACE('',(#7944),#7955,.F.);
#7944 = FACE_BOUND('',#7945,.F.);
#7945 = EDGE_LOOP('',(#7946,#7952,#7953,#7954));
#7946 = ORIENTED_EDGE('',*,*,#7947,.F.);
#7947 = EDGE_CURVE('',#7778,#7923,#7948,.T.);
#7948 = LINE('',#7949,#7950);
#7949 = CARTESIAN_POINT('',(1.2,-1.21,4.E-02));
#7950 = VECTOR('',#7951,1.);
#7951 = DIRECTION('',(0.,0.,1.));
#7952 = ORIENTED_EDGE('',*,*,#7786,.F.);
#7953 = ORIENTED_EDGE('',*,*,#7703,.T.);
#7954 = ORIENTED_EDGE('',*,*,#7922,.T.);
#7955 = PLANE('',#7956);
#7956 = AXIS2_PLACEMENT_3D('',#7957,#7958,#7959);
#7957 = CARTESIAN_POINT('',(-1.2,-1.21,4.E-02));
#7958 = DIRECTION('',(0.,1.,0.));
#7959 = DIRECTION('',(0.,-0.,1.));
#7960 = ADVANCED_FACE('',(#7961,#8031),#8041,.F.);
#7961 = FACE_BOUND('',#7962,.F.);
#7962 = EDGE_LOOP('',(#7963,#7973,#7982,#7990,#7999,#8007,#8016,#8024));
#7963 = ORIENTED_EDGE('',*,*,#7964,.F.);
#7964 = EDGE_CURVE('',#7965,#7967,#7969,.T.);
#7965 = VERTEX_POINT('',#7966);
#7966 = CARTESIAN_POINT('',(1.2,-1.25,4.E-02));
#7967 = VERTEX_POINT('',#7968);
#7968 = CARTESIAN_POINT('',(1.2,-1.25,2.46));
#7969 = LINE('',#7970,#7971);
#7970 = CARTESIAN_POINT('',(1.2,-1.25,0.));
#7971 = VECTOR('',#7972,1.);
#7972 = DIRECTION('',(0.,0.,1.));
#7973 = ORIENTED_EDGE('',*,*,#7974,.T.);
#7974 = EDGE_CURVE('',#7965,#7975,#7977,.T.);
#7975 = VERTEX_POINT('',#7976);
#7976 = CARTESIAN_POINT('',(1.2,-1.21,0.));
#7977 = CIRCLE('',#7978,4.E-02);
#7978 = AXIS2_PLACEMENT_3D('',#7979,#7980,#7981);
#7979 = CARTESIAN_POINT('',(1.2,-1.21,4.E-02));
#7980 = DIRECTION('',(1.,0.,-0.));
#7981 = DIRECTION('',(0.,0.,1.));
#7982 = ORIENTED_EDGE('',*,*,#7983,.T.);
#7983 = EDGE_CURVE('',#7975,#7984,#7986,.T.);
#7984 = VERTEX_POINT('',#7985);
#7985 = CARTESIAN_POINT('',(1.2,1.21,0.));
#7986 = LINE('',#7987,#7988);
#7987 = CARTESIAN_POINT('',(1.2,-1.25,0.));
#7988 = VECTOR('',#7989,1.);
#7989 = DIRECTION('',(0.,1.,0.));
#7990 = ORIENTED_EDGE('',*,*,#7991,.F.);
#7991 = EDGE_CURVE('',#7992,#7984,#7994,.T.);
#7992 = VERTEX_POINT('',#7993);
#7993 = CARTESIAN_POINT('',(1.2,1.25,4.E-02));
#7994 = CIRCLE('',#7995,4.E-02);
#7995 = AXIS2_PLACEMENT_3D('',#7996,#7997,#7998);
#7996 = CARTESIAN_POINT('',(1.2,1.21,4.E-02));
#7997 = DIRECTION('',(-1.,0.,0.));
#7998 = DIRECTION('',(0.,0.,1.));
#7999 = ORIENTED_EDGE('',*,*,#8000,.T.);
#8000 = EDGE_CURVE('',#7992,#8001,#8003,.T.);
#8001 = VERTEX_POINT('',#8002);
#8002 = CARTESIAN_POINT('',(1.2,1.25,2.46));
#8003 = LINE('',#8004,#8005);
#8004 = CARTESIAN_POINT('',(1.2,1.25,0.));
#8005 = VECTOR('',#8006,1.);
#8006 = DIRECTION('',(0.,0.,1.));
#8007 = ORIENTED_EDGE('',*,*,#8008,.T.);
#8008 = EDGE_CURVE('',#8001,#8009,#8011,.T.);
#8009 = VERTEX_POINT('',#8010);
#8010 = CARTESIAN_POINT('',(1.2,1.21,2.5));
#8011 = CIRCLE('',#8012,4.E-02);
#8012 = AXIS2_PLACEMENT_3D('',#8013,#8014,#8015);
#8013 = CARTESIAN_POINT('',(1.2,1.21,2.46));
#8014 = DIRECTION('',(1.,0.,-0.));
#8015 = DIRECTION('',(0.,0.,1.));
#8016 = ORIENTED_EDGE('',*,*,#8017,.F.);
#8017 = EDGE_CURVE('',#8018,#8009,#8020,.T.);
#8018 = VERTEX_POINT('',#8019);
#8019 = CARTESIAN_POINT('',(1.2,-1.21,2.5));
#8020 = LINE('',#8021,#8022);
#8021 = CARTESIAN_POINT('',(1.2,-1.25,2.5));
#8022 = VECTOR('',#8023,1.);
#8023 = DIRECTION('',(0.,1.,0.));
#8024 = ORIENTED_EDGE('',*,*,#8025,.F.);
#8025 = EDGE_CURVE('',#7967,#8018,#8026,.T.);
#8026 = CIRCLE('',#8027,4.E-02);
#8027 = AXIS2_PLACEMENT_3D('',#8028,#8029,#8030);
#8028 = CARTESIAN_POINT('',(1.2,-1.21,2.46));
#8029 = DIRECTION('',(-1.,0.,0.));
#8030 = DIRECTION('',(0.,0.,1.));
#8031 = FACE_BOUND('',#8032,.F.);
#8032 = EDGE_LOOP('',(#8033,#8034,#8035,#8036,#8037,#8038,#8039,#8040));
#8033 = ORIENTED_EDGE('',*,*,#7777,.F.);
#8034 = ORIENTED_EDGE('',*,*,#7947,.T.);
#8035 = ORIENTED_EDGE('',*,*,#7930,.T.);
#8036 = ORIENTED_EDGE('',*,*,#7907,.T.);
#8037 = ORIENTED_EDGE('',*,*,#7882,.F.);
#8038 = ORIENTED_EDGE('',*,*,#7849,.F.);
#8039 = ORIENTED_EDGE('',*,*,#7832,.T.);
#8040 = ORIENTED_EDGE('',*,*,#7802,.F.);
#8041 = PLANE('',#8042);
#8042 = AXIS2_PLACEMENT_3D('',#8043,#8044,#8045);
#8043 = CARTESIAN_POINT('',(1.2,-1.25,0.));
#8044 = DIRECTION('',(1.,0.,0.));
#8045 = DIRECTION('',(0.,0.,1.));
#8046 = ADVANCED_FACE('',(#8047),#8072,.F.);
#8047 = FACE_BOUND('',#8048,.F.);
#8048 = EDGE_LOOP('',(#8049,#8059,#8065,#8066));
#8049 = ORIENTED_EDGE('',*,*,#8050,.F.);
#8050 = EDGE_CURVE('',#8051,#8053,#8055,.T.);
#8051 = VERTEX_POINT('',#8052);
#8052 = CARTESIAN_POINT('',(1.6,-1.25,4.E-02));
#8053 = VERTEX_POINT('',#8054);
#8054 = CARTESIAN_POINT('',(1.6,-1.25,2.46));
#8055 = LINE('',#8056,#8057);
#8056 = CARTESIAN_POINT('',(1.6,-1.25,0.));
#8057 = VECTOR('',#8058,1.);
#8058 = DIRECTION('',(0.,0.,1.));
#8059 = ORIENTED_EDGE('',*,*,#8060,.F.);
#8060 = EDGE_CURVE('',#7965,#8051,#8061,.T.);
#8061 = LINE('',#8062,#8063);
#8062 = CARTESIAN_POINT('',(1.2,-1.25,4.E-02));
#8063 = VECTOR('',#8064,1.);
#8064 = DIRECTION('',(1.,0.,0.));
#8065 = ORIENTED_EDGE('',*,*,#7964,.T.);
#8066 = ORIENTED_EDGE('',*,*,#8067,.T.);
#8067 = EDGE_CURVE('',#7967,#8053,#8068,.T.);
#8068 = LINE('',#8069,#8070);
#8069 = CARTESIAN_POINT('',(1.2,-1.25,2.46));
#8070 = VECTOR('',#8071,1.);
#8071 = DIRECTION('',(1.,0.,0.));
#8072 = PLANE('',#8073);
#8073 = AXIS2_PLACEMENT_3D('',#8074,#8075,#8076);
#8074 = CARTESIAN_POINT('',(1.2,-1.25,0.));
#8075 = DIRECTION('',(0.,1.,0.));
#8076 = DIRECTION('',(0.,-0.,1.));
#8077 = ADVANCED_FACE('',(#8078),#8097,.T.);
#8078 = FACE_BOUND('',#8079,.T.);
#8079 = EDGE_LOOP('',(#8080,#8081,#8089,#8096));
#8080 = ORIENTED_EDGE('',*,*,#7974,.T.);
#8081 = ORIENTED_EDGE('',*,*,#8082,.T.);
#8082 = EDGE_CURVE('',#7975,#8083,#8085,.T.);
#8083 = VERTEX_POINT('',#8084);
#8084 = CARTESIAN_POINT('',(1.6,-1.21,0.));
#8085 = LINE('',#8086,#8087);
#8086 = CARTESIAN_POINT('',(1.2,-1.21,0.));
#8087 = VECTOR('',#8088,1.);
#8088 = DIRECTION('',(1.,0.,0.));
#8089 = ORIENTED_EDGE('',*,*,#8090,.F.);
#8090 = EDGE_CURVE('',#8051,#8083,#8091,.T.);
#8091 = CIRCLE('',#8092,4.E-02);
#8092 = AXIS2_PLACEMENT_3D('',#8093,#8094,#8095);
#8093 = CARTESIAN_POINT('',(1.6,-1.21,4.E-02));
#8094 = DIRECTION('',(1.,0.,-0.));
#8095 = DIRECTION('',(0.,0.,1.));
#8096 = ORIENTED_EDGE('',*,*,#8060,.F.);
#8097 = CYLINDRICAL_SURFACE('',#8098,4.E-02);
#8098 = AXIS2_PLACEMENT_3D('',#8099,#8100,#8101);
#8099 = CARTESIAN_POINT('',(1.2,-1.21,4.E-02));
#8100 = DIRECTION('',(1.,0.,0.));
#8101 = DIRECTION('',(0.,-1.,0.));
#8102 = ADVANCED_FACE('',(#8103),#8122,.T.);
#8103 = FACE_BOUND('',#8104,.T.);
#8104 = EDGE_LOOP('',(#8105,#8106,#8115,#8121));
#8105 = ORIENTED_EDGE('',*,*,#8067,.T.);
#8106 = ORIENTED_EDGE('',*,*,#8107,.T.);
#8107 = EDGE_CURVE('',#8053,#8108,#8110,.T.);
#8108 = VERTEX_POINT('',#8109);
#8109 = CARTESIAN_POINT('',(1.6,-1.21,2.5));
#8110 = CIRCLE('',#8111,4.E-02);
#8111 = AXIS2_PLACEMENT_3D('',#8112,#8113,#8114);
#8112 = CARTESIAN_POINT('',(1.6,-1.21,2.46));
#8113 = DIRECTION('',(-1.,0.,0.));
#8114 = DIRECTION('',(0.,0.,1.));
#8115 = ORIENTED_EDGE('',*,*,#8116,.F.);
#8116 = EDGE_CURVE('',#8018,#8108,#8117,.T.);
#8117 = LINE('',#8118,#8119);
#8118 = CARTESIAN_POINT('',(1.2,-1.21,2.5));
#8119 = VECTOR('',#8120,1.);
#8120 = DIRECTION('',(1.,0.,0.));
#8121 = ORIENTED_EDGE('',*,*,#8025,.F.);
#8122 = CYLINDRICAL_SURFACE('',#8123,4.E-02);
#8123 = AXIS2_PLACEMENT_3D('',#8124,#8125,#8126);
#8124 = CARTESIAN_POINT('',(1.2,-1.21,2.46));
#8125 = DIRECTION('',(1.,0.,0.));
#8126 = DIRECTION('',(0.,-1.,0.));
#8127 = ADVANCED_FACE('',(#8128),#8146,.F.);
#8128 = FACE_BOUND('',#8129,.F.);
#8129 = EDGE_LOOP('',(#8130,#8131,#8132,#8140));
#8130 = ORIENTED_EDGE('',*,*,#7983,.F.);
#8131 = ORIENTED_EDGE('',*,*,#8082,.T.);
#8132 = ORIENTED_EDGE('',*,*,#8133,.T.);
#8133 = EDGE_CURVE('',#8083,#8134,#8136,.T.);
#8134 = VERTEX_POINT('',#8135);
#8135 = CARTESIAN_POINT('',(1.6,1.21,0.));
#8136 = LINE('',#8137,#8138);
#8137 = CARTESIAN_POINT('',(1.6,-1.25,0.));
#8138 = VECTOR('',#8139,1.);
#8139 = DIRECTION('',(0.,1.,0.));
#8140 = ORIENTED_EDGE('',*,*,#8141,.F.);
#8141 = EDGE_CURVE('',#7984,#8134,#8142,.T.);
#8142 = LINE('',#8143,#8144);
#8143 = CARTESIAN_POINT('',(1.2,1.21,0.));
#8144 = VECTOR('',#8145,1.);
#8145 = DIRECTION('',(1.,0.,0.));
#8146 = PLANE('',#8147);
#8147 = AXIS2_PLACEMENT_3D('',#8148,#8149,#8150);
#8148 = CARTESIAN_POINT('',(1.2,-1.25,0.));
#8149 = DIRECTION('',(0.,0.,1.));
#8150 = DIRECTION('',(1.,0.,-0.));
#8151 = ADVANCED_FACE('',(#8152),#8170,.T.);
#8152 = FACE_BOUND('',#8153,.T.);
#8153 = EDGE_LOOP('',(#8154,#8155,#8156,#8164));
#8154 = ORIENTED_EDGE('',*,*,#8017,.F.);
#8155 = ORIENTED_EDGE('',*,*,#8116,.T.);
#8156 = ORIENTED_EDGE('',*,*,#8157,.T.);
#8157 = EDGE_CURVE('',#8108,#8158,#8160,.T.);
#8158 = VERTEX_POINT('',#8159);
#8159 = CARTESIAN_POINT('',(1.6,1.21,2.5));
#8160 = LINE('',#8161,#8162);
#8161 = CARTESIAN_POINT('',(1.6,-1.25,2.5));
#8162 = VECTOR('',#8163,1.);
#8163 = DIRECTION('',(0.,1.,0.));
#8164 = ORIENTED_EDGE('',*,*,#8165,.F.);
#8165 = EDGE_CURVE('',#8009,#8158,#8166,.T.);
#8166 = LINE('',#8167,#8168);
#8167 = CARTESIAN_POINT('',(1.2,1.21,2.5));
#8168 = VECTOR('',#8169,1.);
#8169 = DIRECTION('',(1.,0.,0.));
#8170 = PLANE('',#8171);
#8171 = AXIS2_PLACEMENT_3D('',#8172,#8173,#8174);
#8172 = CARTESIAN_POINT('',(1.2,-1.25,2.5));
#8173 = DIRECTION('',(0.,0.,1.));
#8174 = DIRECTION('',(1.,0.,-0.));
#8175 = ADVANCED_FACE('',(#8176),#8195,.T.);
#8176 = FACE_BOUND('',#8177,.T.);
#8177 = EDGE_LOOP('',(#8178,#8186,#8193,#8194));
#8178 = ORIENTED_EDGE('',*,*,#8179,.T.);
#8179 = EDGE_CURVE('',#7992,#8180,#8182,.T.);
#8180 = VERTEX_POINT('',#8181);
#8181 = CARTESIAN_POINT('',(1.6,1.25,4.E-02));
#8182 = LINE('',#8183,#8184);
#8183 = CARTESIAN_POINT('',(1.2,1.25,4.E-02));
#8184 = VECTOR('',#8185,1.);
#8185 = DIRECTION('',(1.,0.,0.));
#8186 = ORIENTED_EDGE('',*,*,#8187,.T.);
#8187 = EDGE_CURVE('',#8180,#8134,#8188,.T.);
#8188 = CIRCLE('',#8189,4.E-02);
#8189 = AXIS2_PLACEMENT_3D('',#8190,#8191,#8192);
#8190 = CARTESIAN_POINT('',(1.6,1.21,4.E-02));
#8191 = DIRECTION('',(-1.,0.,0.));
#8192 = DIRECTION('',(0.,0.,1.));
#8193 = ORIENTED_EDGE('',*,*,#8141,.F.);
#8194 = ORIENTED_EDGE('',*,*,#7991,.F.);
#8195 = CYLINDRICAL_SURFACE('',#8196,4.E-02);
#8196 = AXIS2_PLACEMENT_3D('',#8197,#8198,#8199);
#8197 = CARTESIAN_POINT('',(1.2,1.21,4.E-02));
#8198 = DIRECTION('',(1.,0.,0.));
#8199 = DIRECTION('',(-0.,1.,0.));
#8200 = ADVANCED_FACE('',(#8201),#8220,.T.);
#8201 = FACE_BOUND('',#8202,.T.);
#8202 = EDGE_LOOP('',(#8203,#8204,#8205,#8214));
#8203 = ORIENTED_EDGE('',*,*,#8008,.T.);
#8204 = ORIENTED_EDGE('',*,*,#8165,.T.);
#8205 = ORIENTED_EDGE('',*,*,#8206,.F.);
#8206 = EDGE_CURVE('',#8207,#8158,#8209,.T.);
#8207 = VERTEX_POINT('',#8208);
#8208 = CARTESIAN_POINT('',(1.6,1.25,2.46));
#8209 = CIRCLE('',#8210,4.E-02);
#8210 = AXIS2_PLACEMENT_3D('',#8211,#8212,#8213);
#8211 = CARTESIAN_POINT('',(1.6,1.21,2.46));
#8212 = DIRECTION('',(1.,0.,-0.));
#8213 = DIRECTION('',(0.,0.,1.));
#8214 = ORIENTED_EDGE('',*,*,#8215,.F.);
#8215 = EDGE_CURVE('',#8001,#8207,#8216,.T.);
#8216 = LINE('',#8217,#8218);
#8217 = CARTESIAN_POINT('',(1.2,1.25,2.46));
#8218 = VECTOR('',#8219,1.);
#8219 = DIRECTION('',(1.,0.,0.));
#8220 = CYLINDRICAL_SURFACE('',#8221,4.E-02);
#8221 = AXIS2_PLACEMENT_3D('',#8222,#8223,#8224);
#8222 = CARTESIAN_POINT('',(1.2,1.21,2.46));
#8223 = DIRECTION('',(1.,0.,0.));
#8224 = DIRECTION('',(-0.,1.,0.));
#8225 = ADVANCED_FACE('',(#8226),#8237,.T.);
#8226 = FACE_BOUND('',#8227,.T.);
#8227 = EDGE_LOOP('',(#8228,#8234,#8235,#8236));
#8228 = ORIENTED_EDGE('',*,*,#8229,.F.);
#8229 = EDGE_CURVE('',#8180,#8207,#8230,.T.);
#8230 = LINE('',#8231,#8232);
#8231 = CARTESIAN_POINT('',(1.6,1.25,0.));
#8232 = VECTOR('',#8233,1.);
#8233 = DIRECTION('',(0.,0.,1.));
#8234 = ORIENTED_EDGE('',*,*,#8179,.F.);
#8235 = ORIENTED_EDGE('',*,*,#8000,.T.);
#8236 = ORIENTED_EDGE('',*,*,#8215,.T.);
#8237 = PLANE('',#8238);
#8238 = AXIS2_PLACEMENT_3D('',#8239,#8240,#8241);
#8239 = CARTESIAN_POINT('',(1.2,1.25,0.));
#8240 = DIRECTION('',(0.,1.,0.));
#8241 = DIRECTION('',(0.,-0.,1.));
#8242 = ADVANCED_FACE('',(#8243),#8253,.T.);
#8243 = FACE_BOUND('',#8244,.T.);
#8244 = EDGE_LOOP('',(#8245,#8246,#8247,#8248,#8249,#8250,#8251,#8252));
#8245 = ORIENTED_EDGE('',*,*,#8050,.F.);
#8246 = ORIENTED_EDGE('',*,*,#8090,.T.);
#8247 = ORIENTED_EDGE('',*,*,#8133,.T.);
#8248 = ORIENTED_EDGE('',*,*,#8187,.F.);
#8249 = ORIENTED_EDGE('',*,*,#8229,.T.);
#8250 = ORIENTED_EDGE('',*,*,#8206,.T.);
#8251 = ORIENTED_EDGE('',*,*,#8157,.F.);
#8252 = ORIENTED_EDGE('',*,*,#8107,.F.);
#8253 = PLANE('',#8254);
#8254 = AXIS2_PLACEMENT_3D('',#8255,#8256,#8257);
#8255 = CARTESIAN_POINT('',(1.6,-1.25,0.));
#8256 = DIRECTION('',(1.,0.,0.));
#8257 = DIRECTION('',(0.,0.,1.));
#8258 = ( GEOMETRIC_REPRESENTATION_CONTEXT(3) 
GLOBAL_UNCERTAINTY_ASSIGNED_CONTEXT((#8262)) 
GLOBAL_UNIT_ASSIGNED_CONTEXT((#8259,#8260,#8261)) REPRESENTATION_CONTEXT
('Context #1','3D Context with UNIT and UNCERTAINTY') );
#8259 = ( LENGTH_UNIT() NAMED_UNIT(*) SI_UNIT(.MILLI.,.METRE.) );
#8260 = ( NAMED_UNIT(*) PLANE_ANGLE_UNIT() SI_UNIT($,.RADIAN.) );
#8261 = ( NAMED_UNIT(*) SI_UNIT($,.STERADIAN.) SOLID_ANGLE_UNIT() );
#8262 = UNCERTAINTY_MEASURE_WITH_UNIT(LENGTH_MEASURE(1.E-07),#8259,
  'distance_accuracy_value','confusion accuracy');
#8263 = CONTEXT_DEPENDENT_SHAPE_REPRESENTATION(#8264,#8266);
#8264 = ( REPRESENTATION_RELATIONSHIP('','',#7403,#7380) 
REPRESENTATION_RELATIONSHIP_WITH_TRANSFORMATION(#8265) 
SHAPE_REPRESENTATION_RELATIONSHIP() );
#8265 = ITEM_DEFINED_TRANSFORMATION('','',#11,#7381);
#8266 = PRODUCT_DEFINITION_SHAPE('Placement','Placement of an item',
  #8267);
#8267 = NEXT_ASSEMBLY_USAGE_OCCURRENCE('20','=>[0:1:1:18]','',#7375,
  #7398,$);
#8268 = PRODUCT_RELATED_PRODUCT_CATEGORY('part',$,(#7400));
#8269 = CONTEXT_DEPENDENT_SHAPE_REPRESENTATION(#8270,#8272);
#8270 = ( REPRESENTATION_RELATIONSHIP('','',#104,#10) 
REPRESENTATION_RELATIONSHIP_WITH_TRANSFORMATION(#8271) 
SHAPE_REPRESENTATION_RELATIONSHIP() );
#8271 = ITEM_DEFINED_TRANSFORMATION('','',#11,#55);
#8272 = PRODUCT_DEFINITION_SHAPE('Placement','Placement of an item',
  #8273);
#8273 = NEXT_ASSEMBLY_USAGE_OCCURRENCE('22','C13','',#5,#99,$);
#8274 = CONTEXT_DEPENDENT_SHAPE_REPRESENTATION(#8275,#8277);
#8275 = ( REPRESENTATION_RELATIONSHIP('','',#104,#10) 
REPRESENTATION_RELATIONSHIP_WITH_TRANSFORMATION(#8276) 
SHAPE_REPRESENTATION_RELATIONSHIP() );
#8276 = ITEM_DEFINED_TRANSFORMATION('','',#11,#59);
#8277 = PRODUCT_DEFINITION_SHAPE('Placement','Placement of an item',
  #8278);
#8278 = NEXT_ASSEMBLY_USAGE_OCCURRENCE('23','C8','',#5,#99,$);
#8279 = CONTEXT_DEPENDENT_SHAPE_REPRESENTATION(#8280,#8282);
#8280 = ( REPRESENTATION_RELATIONSHIP('','',#7380,#10) 
REPRESENTATION_RELATIONSHIP_WITH_TRANSFORMATION(#8281) 
SHAPE_REPRESENTATION_RELATIONSHIP() );
#8281 = ITEM_DEFINED_TRANSFORMATION('','',#11,#63);
#8282 = PRODUCT_DEFINITION_SHAPE('Placement','Placement of an item',
  #8283);
#8283 = NEXT_ASSEMBLY_USAGE_OCCURRENCE('24','C12','',#5,#7375,$);
#8284 = CONTEXT_DEPENDENT_SHAPE_REPRESENTATION(#8285,#8287);
#8285 = ( REPRESENTATION_RELATIONSHIP('','',#104,#10) 
REPRESENTATION_RELATIONSHIP_WITH_TRANSFORMATION(#8286) 
SHAPE_REPRESENTATION_RELATIONSHIP() );
#8286 = ITEM_DEFINED_TRANSFORMATION('','',#11,#67);
#8287 = PRODUCT_DEFINITION_SHAPE('Placement','Placement of an item',
  #8288);
#8288 = NEXT_ASSEMBLY_USAGE_OCCURRENCE('25','C14','',#5,#99,$);
#8289 = SHAPE_DEFINITION_REPRESENTATION(#8290,#8296);
#8290 = PRODUCT_DEFINITION_SHAPE('','',#8291);
#8291 = PRODUCT_DEFINITION('design','',#8292,#8295);
#8292 = PRODUCT_DEFINITION_FORMATION('','',#8293);
#8293 = PRODUCT('L_Bourns_SRP5030T','L_Bourns_SRP5030T','',(#8294));
#8294 = PRODUCT_CONTEXT('',#2,'mechanical');
#8295 = PRODUCT_DEFINITION_CONTEXT('part definition',#2,'design');
#8296 = SHAPE_REPRESENTATION('',(#11,#8297),#8301);
#8297 = AXIS2_PLACEMENT_3D('',#8298,#8299,#8300);
#8298 = CARTESIAN_POINT('',(0.,0.,0.));
#8299 = DIRECTION('',(0.,0.,1.));
#8300 = DIRECTION('',(1.,0.,-0.));
#8301 = ( GEOMETRIC_REPRESENTATION_CONTEXT(3) 
GLOBAL_UNCERTAINTY_ASSIGNED_CONTEXT((#8305)) 
GLOBAL_UNIT_ASSIGNED_CONTEXT((#8302,#8303,#8304)) REPRESENTATION_CONTEXT
('Context #1','3D Context with UNIT and UNCERTAINTY') );
#8302 = ( LENGTH_UNIT() NAMED_UNIT(*) SI_UNIT(.MILLI.,.METRE.) );
#8303 = ( NAMED_UNIT(*) PLANE_ANGLE_UNIT() SI_UNIT($,.RADIAN.) );
#8304 = ( NAMED_UNIT(*) SI_UNIT($,.STERADIAN.) SOLID_ANGLE_UNIT() );
#8305 = UNCERTAINTY_MEASURE_WITH_UNIT(LENGTH_MEASURE(2.E-07),#8302,
  'distance_accuracy_value','confusion accuracy');
#8306 = CONTEXT_DEPENDENT_SHAPE_REPRESENTATION(#8307,#8309);
#8307 = ( REPRESENTATION_RELATIONSHIP('','',#8296,#10) 
REPRESENTATION_RELATIONSHIP_WITH_TRANSFORMATION(#8308) 
SHAPE_REPRESENTATION_RELATIONSHIP() );
#8308 = ITEM_DEFINED_TRANSFORMATION('','',#11,#71);
#8309 = PRODUCT_DEFINITION_SHAPE('Placement','Placement of an item',
  #8310);
#8310 = NEXT_ASSEMBLY_USAGE_OCCURRENCE('27','L1','',#5,#8291,$);
#8311 = PRODUCT_RELATED_PRODUCT_CATEGORY('part',$,(#8293));
#8312 = SHAPE_DEFINITION_REPRESENTATION(#8313,#8319);
#8313 = PRODUCT_DEFINITION_SHAPE('','',#8314);
#8314 = PRODUCT_DEFINITION('design','',#8315,#8318);
#8315 = PRODUCT_DEFINITION_FORMATION('','',#8316);
#8316 = PRODUCT('L_Bourns_SRP5030T','L_Bourns_SRP5030T','',(#8317));
#8317 = PRODUCT_CONTEXT('',#2,'mechanical');
#8318 = PRODUCT_DEFINITION_CONTEXT('part definition',#2,'design');
#8319 = ADVANCED_BREP_SHAPE_REPRESENTATION('',(#11,#8320),#9074);
#8320 = MANIFOLD_SOLID_BREP('',#8321);
#8321 = CLOSED_SHELL('',(#8322,#8386,#8418,#8450,#8551,#8579,#8601,#8623
    ,#8648,#8669,#8697,#8718,#8740,#8758,#8783,#8825,#8855,#8880,#8896,
    #8908,#8927,#8946,#8970,#8986,#9008,#9030,#9046,#9058));
#8322 = ADVANCED_FACE('',(#8323),#8381,.F.);
#8323 = FACE_BOUND('',#8324,.F.);
#8324 = EDGE_LOOP('',(#8325,#8334,#8341,#8348,#8355,#8362,#8369,#8376));
#8325 = ORIENTED_EDGE('',*,*,#8326,.F.);
#8326 = EDGE_CURVE('',#8327,#8329,#8331,.T.);
#8327 = VERTEX_POINT('',#8328);
#8328 = CARTESIAN_POINT('',(-5.7,-4.446,2.54));
#8329 = VERTEX_POINT('',#8330);
#8330 = CARTESIAN_POINT('',(-5.7,4.446,2.54));
#8331 = B_SPLINE_CURVE_WITH_KNOTS('',1,(#8332,#8333),.UNSPECIFIED.,.F.,
  .F.,(2,2),(0.,4.68),.PIECEWISE_BEZIER_KNOTS.);
#8332 = CARTESIAN_POINT('',(-5.7,-4.446,2.54));
#8333 = CARTESIAN_POINT('',(-5.7,4.446,2.54));
#8334 = ORIENTED_EDGE('',*,*,#8335,.F.);
#8335 = EDGE_CURVE('',#8336,#8327,#8338,.T.);
#8336 = VERTEX_POINT('',#8337);
#8337 = CARTESIAN_POINT('',(-5.7,-4.446,0.));
#8338 = B_SPLINE_CURVE_WITH_KNOTS('',1,(#8339,#8340),.UNSPECIFIED.,.F.,
  .F.,(2,2),(0.,2.54),.PIECEWISE_BEZIER_KNOTS.);
#8339 = CARTESIAN_POINT('',(-5.7,-4.446,0.));
#8340 = CARTESIAN_POINT('',(-5.7,-4.446,2.54));
#8341 = ORIENTED_EDGE('',*,*,#8342,.T.);
#8342 = EDGE_CURVE('',#8336,#8343,#8345,.T.);
#8343 = VERTEX_POINT('',#8344);
#8344 = CARTESIAN_POINT('',(-5.7,-1.425,0.));
#8345 = B_SPLINE_CURVE_WITH_KNOTS('',1,(#8346,#8347),.UNSPECIFIED.,.F.,
  .F.,(2,2),(0.26,1.85),.PIECEWISE_BEZIER_KNOTS.);
#8346 = CARTESIAN_POINT('',(-5.7,-4.446,0.));
#8347 = CARTESIAN_POINT('',(-5.7,-1.425,0.));
#8348 = ORIENTED_EDGE('',*,*,#8349,.T.);
#8349 = EDGE_CURVE('',#8343,#8350,#8352,.T.);
#8350 = VERTEX_POINT('',#8351);
#8351 = CARTESIAN_POINT('',(-5.7,-1.425,0.84));
#8352 = B_SPLINE_CURVE_WITH_KNOTS('',1,(#8353,#8354),.UNSPECIFIED.,.F.,
  .F.,(2,2),(0.,0.84),.PIECEWISE_BEZIER_KNOTS.);
#8353 = CARTESIAN_POINT('',(-5.7,-1.425,0.));
#8354 = CARTESIAN_POINT('',(-5.7,-1.425,0.84));
#8355 = ORIENTED_EDGE('',*,*,#8356,.F.);
#8356 = EDGE_CURVE('',#8357,#8350,#8359,.T.);
#8357 = VERTEX_POINT('',#8358);
#8358 = CARTESIAN_POINT('',(-5.7,1.425,0.84));
#8359 = B_SPLINE_CURVE_WITH_KNOTS('',1,(#8360,#8361),.UNSPECIFIED.,.F.,
  .F.,(2,2),(-2.425,-0.925),.PIECEWISE_BEZIER_KNOTS.);
#8360 = CARTESIAN_POINT('',(-5.7,1.425,0.84));
#8361 = CARTESIAN_POINT('',(-5.7,-1.425,0.84));
#8362 = ORIENTED_EDGE('',*,*,#8363,.F.);
#8363 = EDGE_CURVE('',#8364,#8357,#8366,.T.);
#8364 = VERTEX_POINT('',#8365);
#8365 = CARTESIAN_POINT('',(-5.7,1.425,0.));
#8366 = B_SPLINE_CURVE_WITH_KNOTS('',1,(#8367,#8368),.UNSPECIFIED.,.F.,
  .F.,(2,2),(0.,0.84),.PIECEWISE_BEZIER_KNOTS.);
#8367 = CARTESIAN_POINT('',(-5.7,1.425,0.));
#8368 = CARTESIAN_POINT('',(-5.7,1.425,0.84));
#8369 = ORIENTED_EDGE('',*,*,#8370,.T.);
#8370 = EDGE_CURVE('',#8364,#8371,#8373,.T.);
#8371 = VERTEX_POINT('',#8372);
#8372 = CARTESIAN_POINT('',(-5.7,4.446,0.));
#8373 = B_SPLINE_CURVE_WITH_KNOTS('',1,(#8374,#8375),.UNSPECIFIED.,.F.,
  .F.,(2,2),(3.35,4.94),.PIECEWISE_BEZIER_KNOTS.);
#8374 = CARTESIAN_POINT('',(-5.7,1.425,0.));
#8375 = CARTESIAN_POINT('',(-5.7,4.446,0.));
#8376 = ORIENTED_EDGE('',*,*,#8377,.T.);
#8377 = EDGE_CURVE('',#8371,#8329,#8378,.T.);
#8378 = B_SPLINE_CURVE_WITH_KNOTS('',1,(#8379,#8380),.UNSPECIFIED.,.F.,
  .F.,(2,2),(0.,2.54),.PIECEWISE_BEZIER_KNOTS.);
#8379 = CARTESIAN_POINT('',(-5.7,4.446,0.));
#8380 = CARTESIAN_POINT('',(-5.7,4.446,2.54));
#8381 = B_SPLINE_SURFACE_WITH_KNOTS('',1,1,(
    (#8382,#8383)
    ,(#8384,#8385
    )),.UNSPECIFIED.,.F.,.F.,.F.,(2,2),(2,2),(0.,2.54),(-4.94,-0.26),
  .PIECEWISE_BEZIER_KNOTS.);
#8382 = CARTESIAN_POINT('',(-5.7,4.446,0.));
#8383 = CARTESIAN_POINT('',(-5.7,-4.446,0.));
#8384 = CARTESIAN_POINT('',(-5.7,4.446,2.54));
#8385 = CARTESIAN_POINT('',(-5.7,-4.446,2.54));
#8386 = ADVANCED_FACE('',(#8387),#8411,.T.);
#8387 = FACE_BOUND('',#8388,.T.);
#8388 = EDGE_LOOP('',(#8389,#8397,#8404,#8410));
#8389 = ORIENTED_EDGE('',*,*,#8390,.T.);
#8390 = EDGE_CURVE('',#8327,#8391,#8393,.T.);
#8391 = VERTEX_POINT('',#8392);
#8392 = CARTESIAN_POINT('',(-5.18,-4.446,2.8));
#8393 = ( BOUNDED_CURVE() B_SPLINE_CURVE(2,(#8394,#8395,#8396),
.UNSPECIFIED.,.F.,.F.) B_SPLINE_CURVE_WITH_KNOTS((3,3),(0.,
1.570796326795),.PIECEWISE_BEZIER_KNOTS.) CURVE() 
GEOMETRIC_REPRESENTATION_ITEM() RATIONAL_B_SPLINE_CURVE((1.,
0.707106781187,1.)) REPRESENTATION_ITEM('') );
#8394 = CARTESIAN_POINT('',(-5.7,-4.446,2.54));
#8395 = CARTESIAN_POINT('',(-5.7,-4.446,2.8));
#8396 = CARTESIAN_POINT('',(-5.18,-4.446,2.8));
#8397 = ORIENTED_EDGE('',*,*,#8398,.T.);
#8398 = EDGE_CURVE('',#8391,#8399,#8401,.T.);
#8399 = VERTEX_POINT('',#8400);
#8400 = CARTESIAN_POINT('',(-5.18,4.446,2.8));
#8401 = B_SPLINE_CURVE_WITH_KNOTS('',1,(#8402,#8403),.UNSPECIFIED.,.F.,
  .F.,(2,2),(0.,4.68),.PIECEWISE_BEZIER_KNOTS.);
#8402 = CARTESIAN_POINT('',(-5.18,-4.446,2.8));
#8403 = CARTESIAN_POINT('',(-5.18,4.446,2.8));
#8404 = ORIENTED_EDGE('',*,*,#8405,.F.);
#8405 = EDGE_CURVE('',#8329,#8399,#8406,.T.);
#8406 = ( BOUNDED_CURVE() B_SPLINE_CURVE(2,(#8407,#8408,#8409),
.UNSPECIFIED.,.F.,.F.) B_SPLINE_CURVE_WITH_KNOTS((3,3),(0.,
1.570796326795),.PIECEWISE_BEZIER_KNOTS.) CURVE() 
GEOMETRIC_REPRESENTATION_ITEM() RATIONAL_B_SPLINE_CURVE((1.,
0.707106781187,1.)) REPRESENTATION_ITEM('') );
#8407 = CARTESIAN_POINT('',(-5.7,4.446,2.54));
#8408 = CARTESIAN_POINT('',(-5.7,4.446,2.8));
#8409 = CARTESIAN_POINT('',(-5.18,4.446,2.8));
#8410 = ORIENTED_EDGE('',*,*,#8326,.F.);
#8411 = ( BOUNDED_SURFACE() B_SPLINE_SURFACE(2,1,(
    (#8412,#8413)
    ,(#8414,#8415)
    ,(#8416,#8417
)),.UNSPECIFIED.,.F.,.F.,.F.) B_SPLINE_SURFACE_WITH_KNOTS((3,3),(2,2),(
    0.,1.570796326795),(0.,4.68),.PIECEWISE_BEZIER_KNOTS.) 
GEOMETRIC_REPRESENTATION_ITEM() RATIONAL_B_SPLINE_SURFACE((
    (1.,1.)
    ,(0.707106781187,0.707106781187)
,(1.,1.))) REPRESENTATION_ITEM('') SURFACE() );
#8412 = CARTESIAN_POINT('',(-5.7,-4.446,2.54));
#8413 = CARTESIAN_POINT('',(-5.7,4.446,2.54));
#8414 = CARTESIAN_POINT('',(-5.7,-4.446,2.8));
#8415 = CARTESIAN_POINT('',(-5.7,4.446,2.8));
#8416 = CARTESIAN_POINT('',(-5.18,-4.446,2.8));
#8417 = CARTESIAN_POINT('',(-5.18,4.446,2.8));
#8418 = ADVANCED_FACE('',(#8419),#8443,.T.);
#8419 = FACE_BOUND('',#8420,.T.);
#8420 = EDGE_LOOP('',(#8421,#8429,#8436,#8442));
#8421 = ORIENTED_EDGE('',*,*,#8422,.T.);
#8422 = EDGE_CURVE('',#8329,#8423,#8425,.T.);
#8423 = VERTEX_POINT('',#8424);
#8424 = CARTESIAN_POINT('',(-5.18,4.94,2.54));
#8425 = ( BOUNDED_CURVE() B_SPLINE_CURVE(2,(#8426,#8427,#8428),
.UNSPECIFIED.,.F.,.F.) B_SPLINE_CURVE_WITH_KNOTS((3,3),(0.,
1.570796326795),.PIECEWISE_BEZIER_KNOTS.) CURVE() 
GEOMETRIC_REPRESENTATION_ITEM() RATIONAL_B_SPLINE_CURVE((1.,
0.707106781187,1.)) REPRESENTATION_ITEM('') );
#8426 = CARTESIAN_POINT('',(-5.7,4.446,2.54));
#8427 = CARTESIAN_POINT('',(-5.7,4.94,2.54));
#8428 = CARTESIAN_POINT('',(-5.18,4.94,2.54));
#8429 = ORIENTED_EDGE('',*,*,#8430,.F.);
#8430 = EDGE_CURVE('',#8431,#8423,#8433,.T.);
#8431 = VERTEX_POINT('',#8432);
#8432 = CARTESIAN_POINT('',(-5.18,4.94,0.));
#8433 = B_SPLINE_CURVE_WITH_KNOTS('',1,(#8434,#8435),.UNSPECIFIED.,.F.,
  .F.,(2,2),(0.,2.54),.PIECEWISE_BEZIER_KNOTS.);
#8434 = CARTESIAN_POINT('',(-5.18,4.94,0.));
#8435 = CARTESIAN_POINT('',(-5.18,4.94,2.54));
#8436 = ORIENTED_EDGE('',*,*,#8437,.F.);
#8437 = EDGE_CURVE('',#8371,#8431,#8438,.T.);
#8438 = ( BOUNDED_CURVE() B_SPLINE_CURVE(2,(#8439,#8440,#8441),
.UNSPECIFIED.,.F.,.F.) B_SPLINE_CURVE_WITH_KNOTS((3,3),(1.570796326795,
3.14159265359),.PIECEWISE_BEZIER_KNOTS.) CURVE() 
GEOMETRIC_REPRESENTATION_ITEM() RATIONAL_B_SPLINE_CURVE((1.,
0.707106781187,1.)) REPRESENTATION_ITEM('') );
#8439 = CARTESIAN_POINT('',(-5.7,4.446,0.));
#8440 = CARTESIAN_POINT('',(-5.7,4.94,0.));
#8441 = CARTESIAN_POINT('',(-5.18,4.94,0.));
#8442 = ORIENTED_EDGE('',*,*,#8377,.T.);
#8443 = ( BOUNDED_SURFACE() B_SPLINE_SURFACE(2,1,(
    (#8444,#8445)
    ,(#8446,#8447)
    ,(#8448,#8449
)),.UNSPECIFIED.,.F.,.F.,.F.) B_SPLINE_SURFACE_WITH_KNOTS((3,3),(2,2),(
    4.712388980385,6.28318530718),(0.,2.54),.PIECEWISE_BEZIER_KNOTS.) 
GEOMETRIC_REPRESENTATION_ITEM() RATIONAL_B_SPLINE_SURFACE((
    (1.,1.)
    ,(0.707106781187,0.707106781187)
,(1.,1.))) REPRESENTATION_ITEM('') SURFACE() );
#8444 = CARTESIAN_POINT('',(-5.18,4.94,0.));
#8445 = CARTESIAN_POINT('',(-5.18,4.94,2.54));
#8446 = CARTESIAN_POINT('',(-5.7,4.94,0.));
#8447 = CARTESIAN_POINT('',(-5.7,4.94,2.54));
#8448 = CARTESIAN_POINT('',(-5.7,4.446,0.));
#8449 = CARTESIAN_POINT('',(-5.7,4.446,2.54));
#8450 = ADVANCED_FACE('',(#8451),#8546,.F.);
#8451 = FACE_BOUND('',#8452,.F.);
#8452 = EDGE_LOOP('',(#8453,#8454,#8462,#8469,#8477,#8484,#8491,#8498,
    #8505,#8512,#8520,#8525,#8526,#8527,#8534,#8541));
#8453 = ORIENTED_EDGE('',*,*,#8342,.F.);
#8454 = ORIENTED_EDGE('',*,*,#8455,.T.);
#8455 = EDGE_CURVE('',#8336,#8456,#8458,.T.);
#8456 = VERTEX_POINT('',#8457);
#8457 = CARTESIAN_POINT('',(-5.18,-4.94,0.));
#8458 = ( BOUNDED_CURVE() B_SPLINE_CURVE(2,(#8459,#8460,#8461),
.UNSPECIFIED.,.F.,.F.) B_SPLINE_CURVE_WITH_KNOTS((3,3),(4.712388980385,
6.28318530718),.PIECEWISE_BEZIER_KNOTS.) CURVE() 
GEOMETRIC_REPRESENTATION_ITEM() RATIONAL_B_SPLINE_CURVE((1.,
0.707106781187,1.)) REPRESENTATION_ITEM('') );
#8459 = CARTESIAN_POINT('',(-5.7,-4.446,0.));
#8460 = CARTESIAN_POINT('',(-5.7,-4.94,0.));
#8461 = CARTESIAN_POINT('',(-5.18,-4.94,0.));
#8462 = ORIENTED_EDGE('',*,*,#8463,.T.);
#8463 = EDGE_CURVE('',#8456,#8464,#8466,.T.);
#8464 = VERTEX_POINT('',#8465);
#8465 = CARTESIAN_POINT('',(5.18,-4.94,0.));
#8466 = B_SPLINE_CURVE_WITH_KNOTS('',1,(#8467,#8468),.UNSPECIFIED.,.F.,
  .F.,(2,2),(0.26,5.44),.PIECEWISE_BEZIER_KNOTS.);
#8467 = CARTESIAN_POINT('',(-5.18,-4.94,0.));
#8468 = CARTESIAN_POINT('',(5.18,-4.94,0.));
#8469 = ORIENTED_EDGE('',*,*,#8470,.F.);
#8470 = EDGE_CURVE('',#8471,#8464,#8473,.T.);
#8471 = VERTEX_POINT('',#8472);
#8472 = CARTESIAN_POINT('',(5.7,-4.446,0.));
#8473 = ( BOUNDED_CURVE() B_SPLINE_CURVE(2,(#8474,#8475,#8476),
.UNSPECIFIED.,.F.,.F.) B_SPLINE_CURVE_WITH_KNOTS((3,3),(4.712388980385,
6.28318530718),.PIECEWISE_BEZIER_KNOTS.) CURVE() 
GEOMETRIC_REPRESENTATION_ITEM() RATIONAL_B_SPLINE_CURVE((1.,
0.707106781187,1.)) REPRESENTATION_ITEM('') );
#8474 = CARTESIAN_POINT('',(5.7,-4.446,0.));
#8475 = CARTESIAN_POINT('',(5.7,-4.94,0.));
#8476 = CARTESIAN_POINT('',(5.18,-4.94,0.));
#8477 = ORIENTED_EDGE('',*,*,#8478,.T.);
#8478 = EDGE_CURVE('',#8471,#8479,#8481,.T.);
#8479 = VERTEX_POINT('',#8480);
#8480 = CARTESIAN_POINT('',(5.7,-1.425,0.));
#8481 = B_SPLINE_CURVE_WITH_KNOTS('',1,(#8482,#8483),.UNSPECIFIED.,.F.,
  .F.,(2,2),(0.26,1.85),.PIECEWISE_BEZIER_KNOTS.);
#8482 = CARTESIAN_POINT('',(5.7,-4.446,0.));
#8483 = CARTESIAN_POINT('',(5.7,-1.425,0.));
#8484 = ORIENTED_EDGE('',*,*,#8485,.F.);
#8485 = EDGE_CURVE('',#8486,#8479,#8488,.T.);
#8486 = VERTEX_POINT('',#8487);
#8487 = CARTESIAN_POINT('',(2.52,-1.425,0.));
#8488 = B_SPLINE_CURVE_WITH_KNOTS('',1,(#8489,#8490),.UNSPECIFIED.,.F.,
  .F.,(2,2),(0.,1.59),.PIECEWISE_BEZIER_KNOTS.);
#8489 = CARTESIAN_POINT('',(2.52,-1.425,0.));
#8490 = CARTESIAN_POINT('',(5.7,-1.425,0.));
#8491 = ORIENTED_EDGE('',*,*,#8492,.T.);
#8492 = EDGE_CURVE('',#8486,#8493,#8495,.T.);
#8493 = VERTEX_POINT('',#8494);
#8494 = CARTESIAN_POINT('',(2.52,1.425,0.));
#8495 = B_SPLINE_CURVE_WITH_KNOTS('',1,(#8496,#8497),.UNSPECIFIED.,.F.,
  .F.,(2,2),(0.,1.5),.PIECEWISE_BEZIER_KNOTS.);
#8496 = CARTESIAN_POINT('',(2.52,-1.425,0.));
#8497 = CARTESIAN_POINT('',(2.52,1.425,0.));
#8498 = ORIENTED_EDGE('',*,*,#8499,.T.);
#8499 = EDGE_CURVE('',#8493,#8500,#8502,.T.);
#8500 = VERTEX_POINT('',#8501);
#8501 = CARTESIAN_POINT('',(5.7,1.425,0.));
#8502 = B_SPLINE_CURVE_WITH_KNOTS('',1,(#8503,#8504),.UNSPECIFIED.,.F.,
  .F.,(2,2),(0.,1.59),.PIECEWISE_BEZIER_KNOTS.);
#8503 = CARTESIAN_POINT('',(2.52,1.425,0.));
#8504 = CARTESIAN_POINT('',(5.7,1.425,0.));
#8505 = ORIENTED_EDGE('',*,*,#8506,.T.);
#8506 = EDGE_CURVE('',#8500,#8507,#8509,.T.);
#8507 = VERTEX_POINT('',#8508);
#8508 = CARTESIAN_POINT('',(5.7,4.446,0.));
#8509 = B_SPLINE_CURVE_WITH_KNOTS('',1,(#8510,#8511),.UNSPECIFIED.,.F.,
  .F.,(2,2),(3.35,4.94),.PIECEWISE_BEZIER_KNOTS.);
#8510 = CARTESIAN_POINT('',(5.7,1.425,0.));
#8511 = CARTESIAN_POINT('',(5.7,4.446,0.));
#8512 = ORIENTED_EDGE('',*,*,#8513,.T.);
#8513 = EDGE_CURVE('',#8507,#8514,#8516,.T.);
#8514 = VERTEX_POINT('',#8515);
#8515 = CARTESIAN_POINT('',(5.18,4.94,0.));
#8516 = ( BOUNDED_CURVE() B_SPLINE_CURVE(2,(#8517,#8518,#8519),
.UNSPECIFIED.,.F.,.F.) B_SPLINE_CURVE_WITH_KNOTS((3,3),(1.570796326795,
3.14159265359),.PIECEWISE_BEZIER_KNOTS.) CURVE() 
GEOMETRIC_REPRESENTATION_ITEM() RATIONAL_B_SPLINE_CURVE((1.,
0.707106781187,1.)) REPRESENTATION_ITEM('') );
#8517 = CARTESIAN_POINT('',(5.7,4.446,0.));
#8518 = CARTESIAN_POINT('',(5.7,4.94,0.));
#8519 = CARTESIAN_POINT('',(5.18,4.94,0.));
#8520 = ORIENTED_EDGE('',*,*,#8521,.F.);
#8521 = EDGE_CURVE('',#8431,#8514,#8522,.T.);
#8522 = B_SPLINE_CURVE_WITH_KNOTS('',1,(#8523,#8524),.UNSPECIFIED.,.F.,
  .F.,(2,2),(0.26,5.44),.PIECEWISE_BEZIER_KNOTS.);
#8523 = CARTESIAN_POINT('',(-5.18,4.94,0.));
#8524 = CARTESIAN_POINT('',(5.18,4.94,0.));
#8525 = ORIENTED_EDGE('',*,*,#8437,.F.);
#8526 = ORIENTED_EDGE('',*,*,#8370,.F.);
#8527 = ORIENTED_EDGE('',*,*,#8528,.T.);
#8528 = EDGE_CURVE('',#8364,#8529,#8531,.T.);
#8529 = VERTEX_POINT('',#8530);
#8530 = CARTESIAN_POINT('',(-2.52,1.425,0.));
#8531 = B_SPLINE_CURVE_WITH_KNOTS('',1,(#8532,#8533),.UNSPECIFIED.,.F.,
  .F.,(2,2),(1.E-02,1.6),.PIECEWISE_BEZIER_KNOTS.);
#8532 = CARTESIAN_POINT('',(-5.7,1.425,0.));
#8533 = CARTESIAN_POINT('',(-2.52,1.425,0.));
#8534 = ORIENTED_EDGE('',*,*,#8535,.F.);
#8535 = EDGE_CURVE('',#8536,#8529,#8538,.T.);
#8536 = VERTEX_POINT('',#8537);
#8537 = CARTESIAN_POINT('',(-2.52,-1.425,0.));
#8538 = B_SPLINE_CURVE_WITH_KNOTS('',1,(#8539,#8540),.UNSPECIFIED.,.F.,
  .F.,(2,2),(0.,1.5),.PIECEWISE_BEZIER_KNOTS.);
#8539 = CARTESIAN_POINT('',(-2.52,-1.425,0.));
#8540 = CARTESIAN_POINT('',(-2.52,1.425,0.));
#8541 = ORIENTED_EDGE('',*,*,#8542,.F.);
#8542 = EDGE_CURVE('',#8343,#8536,#8543,.T.);
#8543 = B_SPLINE_CURVE_WITH_KNOTS('',1,(#8544,#8545),.UNSPECIFIED.,.F.,
  .F.,(2,2),(1.E-02,1.6),.PIECEWISE_BEZIER_KNOTS.);
#8544 = CARTESIAN_POINT('',(-5.7,-1.425,0.));
#8545 = CARTESIAN_POINT('',(-2.52,-1.425,0.));
#8546 = B_SPLINE_SURFACE_WITH_KNOTS('',1,1,(
    (#8547,#8548)
    ,(#8549,#8550
    )),.UNSPECIFIED.,.F.,.F.,.F.,(2,2),(2,2),(0.,5.7),(0.,5.2),
  .PIECEWISE_BEZIER_KNOTS.);
#8547 = CARTESIAN_POINT('',(-5.7,-4.94,0.));
#8548 = CARTESIAN_POINT('',(-5.7,4.94,0.));
#8549 = CARTESIAN_POINT('',(5.7,-4.94,0.));
#8550 = CARTESIAN_POINT('',(5.7,4.94,0.));
#8551 = ADVANCED_FACE('',(#8552),#8574,.T.);
#8552 = FACE_BOUND('',#8553,.T.);
#8553 = EDGE_LOOP('',(#8554,#8561,#8568,#8573));
#8554 = ORIENTED_EDGE('',*,*,#8555,.F.);
#8555 = EDGE_CURVE('',#8556,#8364,#8558,.T.);
#8556 = VERTEX_POINT('',#8557);
#8557 = CARTESIAN_POINT('',(-5.72,1.425,0.));
#8558 = B_SPLINE_CURVE_WITH_KNOTS('',1,(#8559,#8560),.UNSPECIFIED.,.F.,
  .F.,(2,2),(0.,1.E-02),.PIECEWISE_BEZIER_KNOTS.);
#8559 = CARTESIAN_POINT('',(-5.72,1.425,0.));
#8560 = CARTESIAN_POINT('',(-5.7,1.425,0.));
#8561 = ORIENTED_EDGE('',*,*,#8562,.T.);
#8562 = EDGE_CURVE('',#8556,#8563,#8565,.T.);
#8563 = VERTEX_POINT('',#8564);
#8564 = CARTESIAN_POINT('',(-5.72,1.425,0.84));
#8565 = B_SPLINE_CURVE_WITH_KNOTS('',1,(#8566,#8567),.UNSPECIFIED.,.F.,
  .F.,(2,2),(0.,0.84),.PIECEWISE_BEZIER_KNOTS.);
#8566 = CARTESIAN_POINT('',(-5.72,1.425,0.));
#8567 = CARTESIAN_POINT('',(-5.72,1.425,0.84));
#8568 = ORIENTED_EDGE('',*,*,#8569,.T.);
#8569 = EDGE_CURVE('',#8563,#8357,#8570,.T.);
#8570 = B_SPLINE_CURVE_WITH_KNOTS('',1,(#8571,#8572),.UNSPECIFIED.,.F.,
  .F.,(2,2),(0.,1.E-02),.PIECEWISE_BEZIER_KNOTS.);
#8571 = CARTESIAN_POINT('',(-5.72,1.425,0.84));
#8572 = CARTESIAN_POINT('',(-5.7,1.425,0.84));
#8573 = ORIENTED_EDGE('',*,*,#8363,.F.);
#8574 = B_SPLINE_SURFACE_WITH_KNOTS('',1,1,(
    (#8575,#8576)
    ,(#8577,#8578
    )),.UNSPECIFIED.,.F.,.F.,.F.,(2,2),(2,2),(0.,0.84),(0.,1.E-02),
  .PIECEWISE_BEZIER_KNOTS.);
#8575 = CARTESIAN_POINT('',(-5.72,1.425,0.));
#8576 = CARTESIAN_POINT('',(-5.7,1.425,0.));
#8577 = CARTESIAN_POINT('',(-5.72,1.425,0.84));
#8578 = CARTESIAN_POINT('',(-5.7,1.425,0.84));
#8579 = ADVANCED_FACE('',(#8580),#8596,.T.);
#8580 = FACE_BOUND('',#8581,.T.);
#8581 = EDGE_LOOP('',(#8582,#8583,#8590,#8595));
#8582 = ORIENTED_EDGE('',*,*,#8569,.F.);
#8583 = ORIENTED_EDGE('',*,*,#8584,.F.);
#8584 = EDGE_CURVE('',#8585,#8563,#8587,.T.);
#8585 = VERTEX_POINT('',#8586);
#8586 = CARTESIAN_POINT('',(-5.72,-1.425,0.84));
#8587 = B_SPLINE_CURVE_WITH_KNOTS('',1,(#8588,#8589),.UNSPECIFIED.,.F.,
  .F.,(2,2),(0.,1.5),.PIECEWISE_BEZIER_KNOTS.);
#8588 = CARTESIAN_POINT('',(-5.72,-1.425,0.84));
#8589 = CARTESIAN_POINT('',(-5.72,1.425,0.84));
#8590 = ORIENTED_EDGE('',*,*,#8591,.T.);
#8591 = EDGE_CURVE('',#8585,#8350,#8592,.T.);
#8592 = B_SPLINE_CURVE_WITH_KNOTS('',1,(#8593,#8594),.UNSPECIFIED.,.F.,
  .F.,(2,2),(0.,1.E-02),.PIECEWISE_BEZIER_KNOTS.);
#8593 = CARTESIAN_POINT('',(-5.72,-1.425,0.84));
#8594 = CARTESIAN_POINT('',(-5.7,-1.425,0.84));
#8595 = ORIENTED_EDGE('',*,*,#8356,.F.);
#8596 = B_SPLINE_SURFACE_WITH_KNOTS('',1,1,(
    (#8597,#8598)
    ,(#8599,#8600
    )),.UNSPECIFIED.,.F.,.F.,.F.,(2,2),(2,2),(0.,1.E-02),(0.,1.5),
  .PIECEWISE_BEZIER_KNOTS.);
#8597 = CARTESIAN_POINT('',(-5.72,-1.425,0.84));
#8598 = CARTESIAN_POINT('',(-5.72,1.425,0.84));
#8599 = CARTESIAN_POINT('',(-5.7,-1.425,0.84));
#8600 = CARTESIAN_POINT('',(-5.7,1.425,0.84));
#8601 = ADVANCED_FACE('',(#8602),#8618,.F.);
#8602 = FACE_BOUND('',#8603,.F.);
#8603 = EDGE_LOOP('',(#8604,#8611,#8616,#8617));
#8604 = ORIENTED_EDGE('',*,*,#8605,.F.);
#8605 = EDGE_CURVE('',#8606,#8343,#8608,.T.);
#8606 = VERTEX_POINT('',#8607);
#8607 = CARTESIAN_POINT('',(-5.72,-1.425,0.));
#8608 = B_SPLINE_CURVE_WITH_KNOTS('',1,(#8609,#8610),.UNSPECIFIED.,.F.,
  .F.,(2,2),(0.,1.E-02),.PIECEWISE_BEZIER_KNOTS.);
#8609 = CARTESIAN_POINT('',(-5.72,-1.425,0.));
#8610 = CARTESIAN_POINT('',(-5.7,-1.425,0.));
#8611 = ORIENTED_EDGE('',*,*,#8612,.T.);
#8612 = EDGE_CURVE('',#8606,#8585,#8613,.T.);
#8613 = B_SPLINE_CURVE_WITH_KNOTS('',1,(#8614,#8615),.UNSPECIFIED.,.F.,
  .F.,(2,2),(0.,0.84),.PIECEWISE_BEZIER_KNOTS.);
#8614 = CARTESIAN_POINT('',(-5.72,-1.425,0.));
#8615 = CARTESIAN_POINT('',(-5.72,-1.425,0.84));
#8616 = ORIENTED_EDGE('',*,*,#8591,.T.);
#8617 = ORIENTED_EDGE('',*,*,#8349,.F.);
#8618 = B_SPLINE_SURFACE_WITH_KNOTS('',1,1,(
    (#8619,#8620)
    ,(#8621,#8622
    )),.UNSPECIFIED.,.F.,.F.,.F.,(2,2),(2,2),(0.,0.84),(0.,1.E-02),
  .PIECEWISE_BEZIER_KNOTS.);
#8619 = CARTESIAN_POINT('',(-5.72,-1.425,0.));
#8620 = CARTESIAN_POINT('',(-5.7,-1.425,0.));
#8621 = CARTESIAN_POINT('',(-5.72,-1.425,0.84));
#8622 = CARTESIAN_POINT('',(-5.7,-1.425,0.84));
#8623 = ADVANCED_FACE('',(#8624),#8641,.T.);
#8624 = FACE_BOUND('',#8625,.T.);
#8625 = EDGE_LOOP('',(#8626,#8627,#8628,#8635));
#8626 = ORIENTED_EDGE('',*,*,#8335,.F.);
#8627 = ORIENTED_EDGE('',*,*,#8455,.T.);
#8628 = ORIENTED_EDGE('',*,*,#8629,.T.);
#8629 = EDGE_CURVE('',#8456,#8630,#8632,.T.);
#8630 = VERTEX_POINT('',#8631);
#8631 = CARTESIAN_POINT('',(-5.18,-4.94,2.54));
#8632 = B_SPLINE_CURVE_WITH_KNOTS('',1,(#8633,#8634),.UNSPECIFIED.,.F.,
  .F.,(2,2),(0.,2.54),.PIECEWISE_BEZIER_KNOTS.);
#8633 = CARTESIAN_POINT('',(-5.18,-4.94,0.));
#8634 = CARTESIAN_POINT('',(-5.18,-4.94,2.54));
#8635 = ORIENTED_EDGE('',*,*,#8636,.T.);
#8636 = EDGE_CURVE('',#8630,#8327,#8637,.T.);
#8637 = ( BOUNDED_CURVE() B_SPLINE_CURVE(2,(#8638,#8639,#8640),
.UNSPECIFIED.,.F.,.F.) B_SPLINE_CURVE_WITH_KNOTS((3,3),(0.,
1.570796326795),.PIECEWISE_BEZIER_KNOTS.) CURVE() 
GEOMETRIC_REPRESENTATION_ITEM() RATIONAL_B_SPLINE_CURVE((1.,
0.707106781187,1.)) REPRESENTATION_ITEM('') );
#8638 = CARTESIAN_POINT('',(-5.18,-4.94,2.54));
#8639 = CARTESIAN_POINT('',(-5.7,-4.94,2.54));
#8640 = CARTESIAN_POINT('',(-5.7,-4.446,2.54));
#8641 = ( BOUNDED_SURFACE() B_SPLINE_SURFACE(2,1,(
    (#8642,#8643)
    ,(#8644,#8645)
    ,(#8646,#8647
)),.UNSPECIFIED.,.F.,.F.,.F.) B_SPLINE_SURFACE_WITH_KNOTS((3,3),(2,2),(
    0.,1.570796326795),(0.,2.54),.PIECEWISE_BEZIER_KNOTS.) 
GEOMETRIC_REPRESENTATION_ITEM() RATIONAL_B_SPLINE_SURFACE((
    (1.,1.)
    ,(0.707106781187,0.707106781187)
,(1.,1.))) REPRESENTATION_ITEM('') SURFACE() );
#8642 = CARTESIAN_POINT('',(-5.7,-4.446,0.));
#8643 = CARTESIAN_POINT('',(-5.7,-4.446,2.54));
#8644 = CARTESIAN_POINT('',(-5.7,-4.94,0.));
#8645 = CARTESIAN_POINT('',(-5.7,-4.94,2.54));
#8646 = CARTESIAN_POINT('',(-5.18,-4.94,0.));
#8647 = CARTESIAN_POINT('',(-5.18,-4.94,2.54));
#8648 = ADVANCED_FACE('',(#8649),#8659,.T.);
#8649 = FACE_BOUND('',#8650,.T.);
#8650 = EDGE_LOOP('',(#8651,#8652,#8653));
#8651 = ORIENTED_EDGE('',*,*,#8390,.F.);
#8652 = ORIENTED_EDGE('',*,*,#8636,.F.);
#8653 = ORIENTED_EDGE('',*,*,#8654,.T.);
#8654 = EDGE_CURVE('',#8630,#8391,#8655,.T.);
#8655 = ( BOUNDED_CURVE() B_SPLINE_CURVE(2,(#8656,#8657,#8658),
.UNSPECIFIED.,.F.,.F.) B_SPLINE_CURVE_WITH_KNOTS((3,3),(0.,
1.570796326795),.PIECEWISE_BEZIER_KNOTS.) CURVE() 
GEOMETRIC_REPRESENTATION_ITEM() RATIONAL_B_SPLINE_CURVE((1.,
0.707106781187,1.)) REPRESENTATION_ITEM('') );
#8656 = CARTESIAN_POINT('',(-5.18,-4.94,2.54));
#8657 = CARTESIAN_POINT('',(-5.18,-4.94,2.8));
#8658 = CARTESIAN_POINT('',(-5.18,-4.446,2.8));
#8659 = ( BOUNDED_SURFACE() B_SPLINE_SURFACE(2,2,(
    (#8660,#8661,#8662)
    ,(#8663,#8664,#8665)
    ,(#8666,#8667,#8668
)),.UNSPECIFIED.,.F.,.F.,.F.) B_SPLINE_SURFACE_WITH_KNOTS((3,3),(3,3),(
    4.712388980385,6.28318530718),(0.,1.570796326795),
.PIECEWISE_BEZIER_KNOTS.) GEOMETRIC_REPRESENTATION_ITEM() 
RATIONAL_B_SPLINE_SURFACE((
    (1.,0.707106781187,1.)
    ,(0.707106781187,0.5,0.707106781187)
,(1.,0.707106781187,1.))) REPRESENTATION_ITEM('') SURFACE() );
#8660 = CARTESIAN_POINT('',(-5.7,-4.446,2.54));
#8661 = CARTESIAN_POINT('',(-5.7,-4.446,2.8));
#8662 = CARTESIAN_POINT('',(-5.18,-4.446,2.8));
#8663 = CARTESIAN_POINT('',(-5.7,-4.94,2.54));
#8664 = CARTESIAN_POINT('',(-5.7,-4.94,2.8));
#8665 = CARTESIAN_POINT('',(-5.18,-4.446,2.8));
#8666 = CARTESIAN_POINT('',(-5.18,-4.94,2.54));
#8667 = CARTESIAN_POINT('',(-5.18,-4.94,2.8));
#8668 = CARTESIAN_POINT('',(-5.18,-4.446,2.8));
#8669 = ADVANCED_FACE('',(#8670),#8692,.T.);
#8670 = FACE_BOUND('',#8671,.T.);
#8671 = EDGE_LOOP('',(#8672,#8673,#8680,#8687));
#8672 = ORIENTED_EDGE('',*,*,#8398,.F.);
#8673 = ORIENTED_EDGE('',*,*,#8674,.F.);
#8674 = EDGE_CURVE('',#8675,#8391,#8677,.T.);
#8675 = VERTEX_POINT('',#8676);
#8676 = CARTESIAN_POINT('',(5.18,-4.446,2.8));
#8677 = B_SPLINE_CURVE_WITH_KNOTS('',1,(#8678,#8679),.UNSPECIFIED.,.F.,
  .F.,(2,2),(-0.,5.18),.PIECEWISE_BEZIER_KNOTS.);
#8678 = CARTESIAN_POINT('',(5.18,-4.446,2.8));
#8679 = CARTESIAN_POINT('',(-5.18,-4.446,2.8));
#8680 = ORIENTED_EDGE('',*,*,#8681,.F.);
#8681 = EDGE_CURVE('',#8682,#8675,#8684,.T.);
#8682 = VERTEX_POINT('',#8683);
#8683 = CARTESIAN_POINT('',(5.18,4.446,2.8));
#8684 = B_SPLINE_CURVE_WITH_KNOTS('',1,(#8685,#8686),.UNSPECIFIED.,.F.,
  .F.,(2,2),(-0.,4.68),.PIECEWISE_BEZIER_KNOTS.);
#8685 = CARTESIAN_POINT('',(5.18,4.446,2.8));
#8686 = CARTESIAN_POINT('',(5.18,-4.446,2.8));
#8687 = ORIENTED_EDGE('',*,*,#8688,.F.);
#8688 = EDGE_CURVE('',#8399,#8682,#8689,.T.);
#8689 = B_SPLINE_CURVE_WITH_KNOTS('',1,(#8690,#8691),.UNSPECIFIED.,.F.,
  .F.,(2,2),(0.,5.18),.PIECEWISE_BEZIER_KNOTS.);
#8690 = CARTESIAN_POINT('',(-5.18,4.446,2.8));
#8691 = CARTESIAN_POINT('',(5.18,4.446,2.8));
#8692 = B_SPLINE_SURFACE_WITH_KNOTS('',1,1,(
    (#8693,#8694)
    ,(#8695,#8696
    )),.UNSPECIFIED.,.F.,.F.,.F.,(2,2),(2,2),(0.26,5.44),(0.26,4.94),
  .PIECEWISE_BEZIER_KNOTS.);
#8693 = CARTESIAN_POINT('',(-5.18,-4.446,2.8));
#8694 = CARTESIAN_POINT('',(-5.18,4.446,2.8));
#8695 = CARTESIAN_POINT('',(5.18,-4.446,2.8));
#8696 = CARTESIAN_POINT('',(5.18,4.446,2.8));
#8697 = ADVANCED_FACE('',(#8698),#8708,.T.);
#8698 = FACE_BOUND('',#8699,.T.);
#8699 = EDGE_LOOP('',(#8700,#8706,#8707));
#8700 = ORIENTED_EDGE('',*,*,#8701,.F.);
#8701 = EDGE_CURVE('',#8423,#8399,#8702,.T.);
#8702 = ( BOUNDED_CURVE() B_SPLINE_CURVE(2,(#8703,#8704,#8705),
.UNSPECIFIED.,.F.,.F.) B_SPLINE_CURVE_WITH_KNOTS((3,3),(0.,
1.570796326795),.PIECEWISE_BEZIER_KNOTS.) CURVE() 
GEOMETRIC_REPRESENTATION_ITEM() RATIONAL_B_SPLINE_CURVE((1.,
0.707106781187,1.)) REPRESENTATION_ITEM('') );
#8703 = CARTESIAN_POINT('',(-5.18,4.94,2.54));
#8704 = CARTESIAN_POINT('',(-5.18,4.94,2.8));
#8705 = CARTESIAN_POINT('',(-5.18,4.446,2.8));
#8706 = ORIENTED_EDGE('',*,*,#8422,.F.);
#8707 = ORIENTED_EDGE('',*,*,#8405,.T.);
#8708 = ( BOUNDED_SURFACE() B_SPLINE_SURFACE(2,2,(
    (#8709,#8710,#8711)
    ,(#8712,#8713,#8714)
    ,(#8715,#8716,#8717
)),.UNSPECIFIED.,.F.,.F.,.F.) B_SPLINE_SURFACE_WITH_KNOTS((3,3),(3,3),(
    4.712388980385,6.28318530718),(0.,1.570796326795),
.PIECEWISE_BEZIER_KNOTS.) GEOMETRIC_REPRESENTATION_ITEM() 
RATIONAL_B_SPLINE_SURFACE((
    (1.,0.707106781187,1.)
    ,(0.707106781187,0.5,0.707106781187)
,(1.,0.707106781187,1.))) REPRESENTATION_ITEM('') SURFACE() );
#8709 = CARTESIAN_POINT('',(-5.18,4.94,2.54));
#8710 = CARTESIAN_POINT('',(-5.18,4.94,2.8));
#8711 = CARTESIAN_POINT('',(-5.18,4.446,2.8));
#8712 = CARTESIAN_POINT('',(-5.7,4.94,2.54));
#8713 = CARTESIAN_POINT('',(-5.7,4.94,2.8));
#8714 = CARTESIAN_POINT('',(-5.18,4.446,2.8));
#8715 = CARTESIAN_POINT('',(-5.7,4.446,2.54));
#8716 = CARTESIAN_POINT('',(-5.7,4.446,2.8));
#8717 = CARTESIAN_POINT('',(-5.18,4.446,2.8));
#8718 = ADVANCED_FACE('',(#8719),#8735,.T.);
#8719 = FACE_BOUND('',#8720,.T.);
#8720 = EDGE_LOOP('',(#8721,#8722,#8729,#8734));
#8721 = ORIENTED_EDGE('',*,*,#8430,.T.);
#8722 = ORIENTED_EDGE('',*,*,#8723,.T.);
#8723 = EDGE_CURVE('',#8423,#8724,#8726,.T.);
#8724 = VERTEX_POINT('',#8725);
#8725 = CARTESIAN_POINT('',(5.18,4.94,2.54));
#8726 = B_SPLINE_CURVE_WITH_KNOTS('',1,(#8727,#8728),.UNSPECIFIED.,.F.,
  .F.,(2,2),(0.,5.18),.PIECEWISE_BEZIER_KNOTS.);
#8727 = CARTESIAN_POINT('',(-5.18,4.94,2.54));
#8728 = CARTESIAN_POINT('',(5.18,4.94,2.54));
#8729 = ORIENTED_EDGE('',*,*,#8730,.F.);
#8730 = EDGE_CURVE('',#8514,#8724,#8731,.T.);
#8731 = B_SPLINE_CURVE_WITH_KNOTS('',1,(#8732,#8733),.UNSPECIFIED.,.F.,
  .F.,(2,2),(0.,2.54),.PIECEWISE_BEZIER_KNOTS.);
#8732 = CARTESIAN_POINT('',(5.18,4.94,0.));
#8733 = CARTESIAN_POINT('',(5.18,4.94,2.54));
#8734 = ORIENTED_EDGE('',*,*,#8521,.F.);
#8735 = B_SPLINE_SURFACE_WITH_KNOTS('',1,1,(
    (#8736,#8737)
    ,(#8738,#8739
    )),.UNSPECIFIED.,.F.,.F.,.F.,(2,2),(2,2),(0.,2.54),(0.26,5.44),
  .PIECEWISE_BEZIER_KNOTS.);
#8736 = CARTESIAN_POINT('',(-5.18,4.94,0.));
#8737 = CARTESIAN_POINT('',(5.18,4.94,0.));
#8738 = CARTESIAN_POINT('',(-5.18,4.94,2.54));
#8739 = CARTESIAN_POINT('',(5.18,4.94,2.54));
#8740 = ADVANCED_FACE('',(#8741),#8753,.F.);
#8741 = FACE_BOUND('',#8742,.F.);
#8742 = EDGE_LOOP('',(#8743,#8748,#8749,#8750,#8751,#8752));
#8743 = ORIENTED_EDGE('',*,*,#8744,.F.);
#8744 = EDGE_CURVE('',#8606,#8556,#8745,.T.);
#8745 = B_SPLINE_CURVE_WITH_KNOTS('',1,(#8746,#8747),.UNSPECIFIED.,.F.,
  .F.,(2,2),(0.,1.5),.PIECEWISE_BEZIER_KNOTS.);
#8746 = CARTESIAN_POINT('',(-5.72,-1.425,0.));
#8747 = CARTESIAN_POINT('',(-5.72,1.425,0.));
#8748 = ORIENTED_EDGE('',*,*,#8605,.T.);
#8749 = ORIENTED_EDGE('',*,*,#8542,.T.);
#8750 = ORIENTED_EDGE('',*,*,#8535,.T.);
#8751 = ORIENTED_EDGE('',*,*,#8528,.F.);
#8752 = ORIENTED_EDGE('',*,*,#8555,.F.);
#8753 = B_SPLINE_SURFACE_WITH_KNOTS('',1,1,(
    (#8754,#8755)
    ,(#8756,#8757
    )),.UNSPECIFIED.,.F.,.F.,.F.,(2,2),(2,2),(0.,1.6),(0.,1.5),
  .PIECEWISE_BEZIER_KNOTS.);
#8754 = CARTESIAN_POINT('',(-5.72,-1.425,0.));
#8755 = CARTESIAN_POINT('',(-5.72,1.425,0.));
#8756 = CARTESIAN_POINT('',(-2.52,-1.425,0.));
#8757 = CARTESIAN_POINT('',(-2.52,1.425,0.));
#8758 = ADVANCED_FACE('',(#8759),#8776,.T.);
#8759 = FACE_BOUND('',#8760,.T.);
#8760 = EDGE_LOOP('',(#8761,#8768,#8769,#8770));
#8761 = ORIENTED_EDGE('',*,*,#8762,.F.);
#8762 = EDGE_CURVE('',#8507,#8763,#8765,.T.);
#8763 = VERTEX_POINT('',#8764);
#8764 = CARTESIAN_POINT('',(5.7,4.446,2.54));
#8765 = B_SPLINE_CURVE_WITH_KNOTS('',1,(#8766,#8767),.UNSPECIFIED.,.F.,
  .F.,(2,2),(0.,2.54),.PIECEWISE_BEZIER_KNOTS.);
#8766 = CARTESIAN_POINT('',(5.7,4.446,0.));
#8767 = CARTESIAN_POINT('',(5.7,4.446,2.54));
#8768 = ORIENTED_EDGE('',*,*,#8513,.T.);
#8769 = ORIENTED_EDGE('',*,*,#8730,.T.);
#8770 = ORIENTED_EDGE('',*,*,#8771,.T.);
#8771 = EDGE_CURVE('',#8724,#8763,#8772,.T.);
#8772 = ( BOUNDED_CURVE() B_SPLINE_CURVE(2,(#8773,#8774,#8775),
.UNSPECIFIED.,.F.,.F.) B_SPLINE_CURVE_WITH_KNOTS((3,3),(0.,
1.570796326795),.PIECEWISE_BEZIER_KNOTS.) CURVE() 
GEOMETRIC_REPRESENTATION_ITEM() RATIONAL_B_SPLINE_CURVE((1.,
0.707106781187,1.)) REPRESENTATION_ITEM('') );
#8773 = CARTESIAN_POINT('',(5.18,4.94,2.54));
#8774 = CARTESIAN_POINT('',(5.7,4.94,2.54));
#8775 = CARTESIAN_POINT('',(5.7,4.446,2.54));
#8776 = ( BOUNDED_SURFACE() B_SPLINE_SURFACE(2,1,(
    (#8777,#8778)
    ,(#8779,#8780)
    ,(#8781,#8782
)),.UNSPECIFIED.,.F.,.F.,.F.) B_SPLINE_SURFACE_WITH_KNOTS((3,3),(2,2),(
    0.,1.570796326795),(0.,2.54),.PIECEWISE_BEZIER_KNOTS.) 
GEOMETRIC_REPRESENTATION_ITEM() RATIONAL_B_SPLINE_SURFACE((
    (1.,1.)
    ,(0.707106781187,0.707106781187)
,(1.,1.))) REPRESENTATION_ITEM('') SURFACE() );
#8777 = CARTESIAN_POINT('',(5.7,4.446,0.));
#8778 = CARTESIAN_POINT('',(5.7,4.446,2.54));
#8779 = CARTESIAN_POINT('',(5.7,4.94,0.));
#8780 = CARTESIAN_POINT('',(5.7,4.94,2.54));
#8781 = CARTESIAN_POINT('',(5.18,4.94,0.));
#8782 = CARTESIAN_POINT('',(5.18,4.94,2.54));
#8783 = ADVANCED_FACE('',(#8784),#8820,.T.);
#8784 = FACE_BOUND('',#8785,.T.);
#8785 = EDGE_LOOP('',(#8786,#8793,#8798,#8799,#8806,#8813,#8818,#8819));
#8786 = ORIENTED_EDGE('',*,*,#8787,.T.);
#8787 = EDGE_CURVE('',#8763,#8788,#8790,.T.);
#8788 = VERTEX_POINT('',#8789);
#8789 = CARTESIAN_POINT('',(5.7,-4.446,2.54));
#8790 = B_SPLINE_CURVE_WITH_KNOTS('',1,(#8791,#8792),.UNSPECIFIED.,.F.,
  .F.,(2,2),(-0.,4.68),.PIECEWISE_BEZIER_KNOTS.);
#8791 = CARTESIAN_POINT('',(5.7,4.446,2.54));
#8792 = CARTESIAN_POINT('',(5.7,-4.446,2.54));
#8793 = ORIENTED_EDGE('',*,*,#8794,.F.);
#8794 = EDGE_CURVE('',#8471,#8788,#8795,.T.);
#8795 = B_SPLINE_CURVE_WITH_KNOTS('',1,(#8796,#8797),.UNSPECIFIED.,.F.,
  .F.,(2,2),(0.,2.54),.PIECEWISE_BEZIER_KNOTS.);
#8796 = CARTESIAN_POINT('',(5.7,-4.446,0.));
#8797 = CARTESIAN_POINT('',(5.7,-4.446,2.54));
#8798 = ORIENTED_EDGE('',*,*,#8478,.T.);
#8799 = ORIENTED_EDGE('',*,*,#8800,.T.);
#8800 = EDGE_CURVE('',#8479,#8801,#8803,.T.);
#8801 = VERTEX_POINT('',#8802);
#8802 = CARTESIAN_POINT('',(5.7,-1.425,0.84));
#8803 = B_SPLINE_CURVE_WITH_KNOTS('',1,(#8804,#8805),.UNSPECIFIED.,.F.,
  .F.,(2,2),(0.,0.84),.PIECEWISE_BEZIER_KNOTS.);
#8804 = CARTESIAN_POINT('',(5.7,-1.425,0.));
#8805 = CARTESIAN_POINT('',(5.7,-1.425,0.84));
#8806 = ORIENTED_EDGE('',*,*,#8807,.F.);
#8807 = EDGE_CURVE('',#8808,#8801,#8810,.T.);
#8808 = VERTEX_POINT('',#8809);
#8809 = CARTESIAN_POINT('',(5.7,1.425,0.84));
#8810 = B_SPLINE_CURVE_WITH_KNOTS('',1,(#8811,#8812),.UNSPECIFIED.,.F.,
  .F.,(2,2),(-2.425,-0.925),.PIECEWISE_BEZIER_KNOTS.);
#8811 = CARTESIAN_POINT('',(5.7,1.425,0.84));
#8812 = CARTESIAN_POINT('',(5.7,-1.425,0.84));
#8813 = ORIENTED_EDGE('',*,*,#8814,.F.);
#8814 = EDGE_CURVE('',#8500,#8808,#8815,.T.);
#8815 = B_SPLINE_CURVE_WITH_KNOTS('',1,(#8816,#8817),.UNSPECIFIED.,.F.,
  .F.,(2,2),(0.,0.84),.PIECEWISE_BEZIER_KNOTS.);
#8816 = CARTESIAN_POINT('',(5.7,1.425,0.));
#8817 = CARTESIAN_POINT('',(5.7,1.425,0.84));
#8818 = ORIENTED_EDGE('',*,*,#8506,.T.);
#8819 = ORIENTED_EDGE('',*,*,#8762,.T.);
#8820 = B_SPLINE_SURFACE_WITH_KNOTS('',1,1,(
    (#8821,#8822)
    ,(#8823,#8824
    )),.UNSPECIFIED.,.F.,.F.,.F.,(2,2),(2,2),(0.,2.54),(-4.94,-0.26),
  .PIECEWISE_BEZIER_KNOTS.);
#8821 = CARTESIAN_POINT('',(5.7,4.446,0.));
#8822 = CARTESIAN_POINT('',(5.7,-4.446,0.));
#8823 = CARTESIAN_POINT('',(5.7,4.446,2.54));
#8824 = CARTESIAN_POINT('',(5.7,-4.446,2.54));
#8825 = ADVANCED_FACE('',(#8826),#8850,.F.);
#8826 = FACE_BOUND('',#8827,.F.);
#8827 = EDGE_LOOP('',(#8828,#8829,#8830,#8837,#8844,#8849));
#8828 = ORIENTED_EDGE('',*,*,#8492,.F.);
#8829 = ORIENTED_EDGE('',*,*,#8485,.T.);
#8830 = ORIENTED_EDGE('',*,*,#8831,.T.);
#8831 = EDGE_CURVE('',#8479,#8832,#8834,.T.);
#8832 = VERTEX_POINT('',#8833);
#8833 = CARTESIAN_POINT('',(5.72,-1.425,0.));
#8834 = B_SPLINE_CURVE_WITH_KNOTS('',1,(#8835,#8836),.UNSPECIFIED.,.F.,
  .F.,(2,2),(1.59,1.6),.PIECEWISE_BEZIER_KNOTS.);
#8835 = CARTESIAN_POINT('',(5.7,-1.425,0.));
#8836 = CARTESIAN_POINT('',(5.72,-1.425,0.));
#8837 = ORIENTED_EDGE('',*,*,#8838,.T.);
#8838 = EDGE_CURVE('',#8832,#8839,#8841,.T.);
#8839 = VERTEX_POINT('',#8840);
#8840 = CARTESIAN_POINT('',(5.72,1.425,0.));
#8841 = B_SPLINE_CURVE_WITH_KNOTS('',1,(#8842,#8843),.UNSPECIFIED.,.F.,
  .F.,(2,2),(0.,1.5),.PIECEWISE_BEZIER_KNOTS.);
#8842 = CARTESIAN_POINT('',(5.72,-1.425,0.));
#8843 = CARTESIAN_POINT('',(5.72,1.425,0.));
#8844 = ORIENTED_EDGE('',*,*,#8845,.F.);
#8845 = EDGE_CURVE('',#8500,#8839,#8846,.T.);
#8846 = B_SPLINE_CURVE_WITH_KNOTS('',1,(#8847,#8848),.UNSPECIFIED.,.F.,
  .F.,(2,2),(1.59,1.6),.PIECEWISE_BEZIER_KNOTS.);
#8847 = CARTESIAN_POINT('',(5.7,1.425,0.));
#8848 = CARTESIAN_POINT('',(5.72,1.425,0.));
#8849 = ORIENTED_EDGE('',*,*,#8499,.F.);
#8850 = B_SPLINE_SURFACE_WITH_KNOTS('',1,1,(
    (#8851,#8852)
    ,(#8853,#8854
    )),.UNSPECIFIED.,.F.,.F.,.F.,(2,2),(2,2),(0.,1.6),(0.,1.5),
  .PIECEWISE_BEZIER_KNOTS.);
#8851 = CARTESIAN_POINT('',(2.52,-1.425,0.));
#8852 = CARTESIAN_POINT('',(2.52,1.425,0.));
#8853 = CARTESIAN_POINT('',(5.72,-1.425,0.));
#8854 = CARTESIAN_POINT('',(5.72,1.425,0.));
#8855 = ADVANCED_FACE('',(#8856),#8873,.T.);
#8856 = FACE_BOUND('',#8857,.T.);
#8857 = EDGE_LOOP('',(#8858,#8866,#8871,#8872));
#8858 = ORIENTED_EDGE('',*,*,#8859,.T.);
#8859 = EDGE_CURVE('',#8788,#8860,#8862,.T.);
#8860 = VERTEX_POINT('',#8861);
#8861 = CARTESIAN_POINT('',(5.18,-4.94,2.54));
#8862 = ( BOUNDED_CURVE() B_SPLINE_CURVE(2,(#8863,#8864,#8865),
.UNSPECIFIED.,.F.,.F.) B_SPLINE_CURVE_WITH_KNOTS((3,3),(0.,
1.570796326795),.PIECEWISE_BEZIER_KNOTS.) CURVE() 
GEOMETRIC_REPRESENTATION_ITEM() RATIONAL_B_SPLINE_CURVE((1.,
0.707106781187,1.)) REPRESENTATION_ITEM('') );
#8863 = CARTESIAN_POINT('',(5.7,-4.446,2.54));
#8864 = CARTESIAN_POINT('',(5.7,-4.94,2.54));
#8865 = CARTESIAN_POINT('',(5.18,-4.94,2.54));
#8866 = ORIENTED_EDGE('',*,*,#8867,.F.);
#8867 = EDGE_CURVE('',#8464,#8860,#8868,.T.);
#8868 = B_SPLINE_CURVE_WITH_KNOTS('',1,(#8869,#8870),.UNSPECIFIED.,.F.,
  .F.,(2,2),(0.,2.54),.PIECEWISE_BEZIER_KNOTS.);
#8869 = CARTESIAN_POINT('',(5.18,-4.94,0.));
#8870 = CARTESIAN_POINT('',(5.18,-4.94,2.54));
#8871 = ORIENTED_EDGE('',*,*,#8470,.F.);
#8872 = ORIENTED_EDGE('',*,*,#8794,.T.);
#8873 = ( BOUNDED_SURFACE() B_SPLINE_SURFACE(2,1,(
    (#8874,#8875)
    ,(#8876,#8877)
    ,(#8878,#8879
)),.UNSPECIFIED.,.F.,.F.,.F.) B_SPLINE_SURFACE_WITH_KNOTS((3,3),(2,2),(
    4.712388980385,6.28318530718),(0.,2.54),.PIECEWISE_BEZIER_KNOTS.) 
GEOMETRIC_REPRESENTATION_ITEM() RATIONAL_B_SPLINE_SURFACE((
    (1.,1.)
    ,(0.707106781187,0.707106781187)
,(1.,1.))) REPRESENTATION_ITEM('') SURFACE() );
#8874 = CARTESIAN_POINT('',(5.18,-4.94,0.));
#8875 = CARTESIAN_POINT('',(5.18,-4.94,2.54));
#8876 = CARTESIAN_POINT('',(5.7,-4.94,0.));
#8877 = CARTESIAN_POINT('',(5.7,-4.94,2.54));
#8878 = CARTESIAN_POINT('',(5.7,-4.446,0.));
#8879 = CARTESIAN_POINT('',(5.7,-4.446,2.54));
#8880 = ADVANCED_FACE('',(#8881),#8891,.F.);
#8881 = FACE_BOUND('',#8882,.F.);
#8882 = EDGE_LOOP('',(#8883,#8884,#8889,#8890));
#8883 = ORIENTED_EDGE('',*,*,#8629,.T.);
#8884 = ORIENTED_EDGE('',*,*,#8885,.F.);
#8885 = EDGE_CURVE('',#8860,#8630,#8886,.T.);
#8886 = B_SPLINE_CURVE_WITH_KNOTS('',1,(#8887,#8888),.UNSPECIFIED.,.F.,
  .F.,(2,2),(-0.,5.18),.PIECEWISE_BEZIER_KNOTS.);
#8887 = CARTESIAN_POINT('',(5.18,-4.94,2.54));
#8888 = CARTESIAN_POINT('',(-5.18,-4.94,2.54));
#8889 = ORIENTED_EDGE('',*,*,#8867,.F.);
#8890 = ORIENTED_EDGE('',*,*,#8463,.F.);
#8891 = B_SPLINE_SURFACE_WITH_KNOTS('',1,1,(
    (#8892,#8893)
    ,(#8894,#8895
    )),.UNSPECIFIED.,.F.,.F.,.F.,(2,2),(2,2),(0.,2.54),(0.26,5.44),
  .PIECEWISE_BEZIER_KNOTS.);
#8892 = CARTESIAN_POINT('',(-5.18,-4.94,0.));
#8893 = CARTESIAN_POINT('',(5.18,-4.94,0.));
#8894 = CARTESIAN_POINT('',(-5.18,-4.94,2.54));
#8895 = CARTESIAN_POINT('',(5.18,-4.94,2.54));
#8896 = ADVANCED_FACE('',(#8897),#8903,.F.);
#8897 = FACE_BOUND('',#8898,.F.);
#8898 = EDGE_LOOP('',(#8899,#8900,#8901,#8902));
#8899 = ORIENTED_EDGE('',*,*,#8612,.F.);
#8900 = ORIENTED_EDGE('',*,*,#8744,.T.);
#8901 = ORIENTED_EDGE('',*,*,#8562,.T.);
#8902 = ORIENTED_EDGE('',*,*,#8584,.F.);
#8903 = B_SPLINE_SURFACE_WITH_KNOTS('',1,1,(
    (#8904,#8905)
    ,(#8906,#8907
    )),.UNSPECIFIED.,.F.,.F.,.F.,(2,2),(2,2),(0.,0.84),(-1.5,0.),
  .PIECEWISE_BEZIER_KNOTS.);
#8904 = CARTESIAN_POINT('',(-5.72,1.425,0.));
#8905 = CARTESIAN_POINT('',(-5.72,-1.425,0.));
#8906 = CARTESIAN_POINT('',(-5.72,1.425,0.84));
#8907 = CARTESIAN_POINT('',(-5.72,-1.425,0.84));
#8908 = ADVANCED_FACE('',(#8909),#8920,.T.);
#8909 = FACE_BOUND('',#8910,.T.);
#8910 = EDGE_LOOP('',(#8911,#8917,#8918,#8919));
#8911 = ORIENTED_EDGE('',*,*,#8912,.T.);
#8912 = EDGE_CURVE('',#8860,#8675,#8913,.T.);
#8913 = ( BOUNDED_CURVE() B_SPLINE_CURVE(2,(#8914,#8915,#8916),
.UNSPECIFIED.,.F.,.F.) B_SPLINE_CURVE_WITH_KNOTS((3,3),(0.,
1.570796326795),.PIECEWISE_BEZIER_KNOTS.) CURVE() 
GEOMETRIC_REPRESENTATION_ITEM() RATIONAL_B_SPLINE_CURVE((1.,
0.707106781187,1.)) REPRESENTATION_ITEM('') );
#8914 = CARTESIAN_POINT('',(5.18,-4.94,2.54));
#8915 = CARTESIAN_POINT('',(5.18,-4.94,2.8));
#8916 = CARTESIAN_POINT('',(5.18,-4.446,2.8));
#8917 = ORIENTED_EDGE('',*,*,#8674,.T.);
#8918 = ORIENTED_EDGE('',*,*,#8654,.F.);
#8919 = ORIENTED_EDGE('',*,*,#8885,.F.);
#8920 = ( BOUNDED_SURFACE() B_SPLINE_SURFACE(2,1,(
    (#8921,#8922)
    ,(#8923,#8924)
    ,(#8925,#8926
)),.UNSPECIFIED.,.F.,.F.,.F.) B_SPLINE_SURFACE_WITH_KNOTS((3,3),(2,2),(
    0.,1.570796326795),(0.,5.18),.PIECEWISE_BEZIER_KNOTS.) 
GEOMETRIC_REPRESENTATION_ITEM() RATIONAL_B_SPLINE_SURFACE((
    (1.,1.)
    ,(0.707106781187,0.707106781187)
,(1.,1.))) REPRESENTATION_ITEM('') SURFACE() );
#8921 = CARTESIAN_POINT('',(5.18,-4.94,2.54));
#8922 = CARTESIAN_POINT('',(-5.18,-4.94,2.54));
#8923 = CARTESIAN_POINT('',(5.18,-4.94,2.8));
#8924 = CARTESIAN_POINT('',(-5.18,-4.94,2.8));
#8925 = CARTESIAN_POINT('',(5.18,-4.446,2.8));
#8926 = CARTESIAN_POINT('',(-5.18,-4.446,2.8));
#8927 = ADVANCED_FACE('',(#8928),#8939,.T.);
#8928 = FACE_BOUND('',#8929,.T.);
#8929 = EDGE_LOOP('',(#8930,#8931,#8932,#8938));
#8930 = ORIENTED_EDGE('',*,*,#8701,.T.);
#8931 = ORIENTED_EDGE('',*,*,#8688,.T.);
#8932 = ORIENTED_EDGE('',*,*,#8933,.F.);
#8933 = EDGE_CURVE('',#8724,#8682,#8934,.T.);
#8934 = ( BOUNDED_CURVE() B_SPLINE_CURVE(2,(#8935,#8936,#8937),
.UNSPECIFIED.,.F.,.F.) B_SPLINE_CURVE_WITH_KNOTS((3,3),(0.,
1.570796326795),.PIECEWISE_BEZIER_KNOTS.) CURVE() 
GEOMETRIC_REPRESENTATION_ITEM() RATIONAL_B_SPLINE_CURVE((1.,
0.707106781187,1.)) REPRESENTATION_ITEM('') );
#8935 = CARTESIAN_POINT('',(5.18,4.94,2.54));
#8936 = CARTESIAN_POINT('',(5.18,4.94,2.8));
#8937 = CARTESIAN_POINT('',(5.18,4.446,2.8));
#8938 = ORIENTED_EDGE('',*,*,#8723,.F.);
#8939 = ( BOUNDED_SURFACE() B_SPLINE_SURFACE(2,1,(
    (#8940,#8941)
    ,(#8942,#8943)
    ,(#8944,#8945
)),.UNSPECIFIED.,.F.,.F.,.F.) B_SPLINE_SURFACE_WITH_KNOTS((3,3),(2,2),(
    0.,1.570796326795),(0.,5.18),.PIECEWISE_BEZIER_KNOTS.) 
GEOMETRIC_REPRESENTATION_ITEM() RATIONAL_B_SPLINE_SURFACE((
    (1.,1.)
    ,(0.707106781187,0.707106781187)
,(1.,1.))) REPRESENTATION_ITEM('') SURFACE() );
#8940 = CARTESIAN_POINT('',(-5.18,4.94,2.54));
#8941 = CARTESIAN_POINT('',(5.18,4.94,2.54));
#8942 = CARTESIAN_POINT('',(-5.18,4.94,2.8));
#8943 = CARTESIAN_POINT('',(5.18,4.94,2.8));
#8944 = CARTESIAN_POINT('',(-5.18,4.446,2.8));
#8945 = CARTESIAN_POINT('',(5.18,4.446,2.8));
#8946 = ADVANCED_FACE('',(#8947),#8963,.T.);
#8947 = FACE_BOUND('',#8948,.T.);
#8948 = EDGE_LOOP('',(#8949,#8955,#8956,#8962));
#8949 = ORIENTED_EDGE('',*,*,#8950,.T.);
#8950 = EDGE_CURVE('',#8763,#8682,#8951,.T.);
#8951 = ( BOUNDED_CURVE() B_SPLINE_CURVE(2,(#8952,#8953,#8954),
.UNSPECIFIED.,.F.,.F.) B_SPLINE_CURVE_WITH_KNOTS((3,3),(0.,
1.570796326795),.PIECEWISE_BEZIER_KNOTS.) CURVE() 
GEOMETRIC_REPRESENTATION_ITEM() RATIONAL_B_SPLINE_CURVE((1.,
0.707106781187,1.)) REPRESENTATION_ITEM('') );
#8952 = CARTESIAN_POINT('',(5.7,4.446,2.54));
#8953 = CARTESIAN_POINT('',(5.7,4.446,2.8));
#8954 = CARTESIAN_POINT('',(5.18,4.446,2.8));
#8955 = ORIENTED_EDGE('',*,*,#8681,.T.);
#8956 = ORIENTED_EDGE('',*,*,#8957,.F.);
#8957 = EDGE_CURVE('',#8788,#8675,#8958,.T.);
#8958 = ( BOUNDED_CURVE() B_SPLINE_CURVE(2,(#8959,#8960,#8961),
.UNSPECIFIED.,.F.,.F.) B_SPLINE_CURVE_WITH_KNOTS((3,3),(0.,
1.570796326795),.PIECEWISE_BEZIER_KNOTS.) CURVE() 
GEOMETRIC_REPRESENTATION_ITEM() RATIONAL_B_SPLINE_CURVE((1.,
0.707106781187,1.)) REPRESENTATION_ITEM('') );
#8959 = CARTESIAN_POINT('',(5.7,-4.446,2.54));
#8960 = CARTESIAN_POINT('',(5.7,-4.446,2.8));
#8961 = CARTESIAN_POINT('',(5.18,-4.446,2.8));
#8962 = ORIENTED_EDGE('',*,*,#8787,.F.);
#8963 = ( BOUNDED_SURFACE() B_SPLINE_SURFACE(2,1,(
    (#8964,#8965)
    ,(#8966,#8967)
    ,(#8968,#8969
)),.UNSPECIFIED.,.F.,.F.,.F.) B_SPLINE_SURFACE_WITH_KNOTS((3,3),(2,2),(
    0.,1.570796326795),(0.,4.68),.PIECEWISE_BEZIER_KNOTS.) 
GEOMETRIC_REPRESENTATION_ITEM() RATIONAL_B_SPLINE_SURFACE((
    (1.,1.)
    ,(0.707106781187,0.707106781187)
,(1.,1.))) REPRESENTATION_ITEM('') SURFACE() );
#8964 = CARTESIAN_POINT('',(5.7,4.446,2.54));
#8965 = CARTESIAN_POINT('',(5.7,-4.446,2.54));
#8966 = CARTESIAN_POINT('',(5.7,4.446,2.8));
#8967 = CARTESIAN_POINT('',(5.7,-4.446,2.8));
#8968 = CARTESIAN_POINT('',(5.18,4.446,2.8));
#8969 = CARTESIAN_POINT('',(5.18,-4.446,2.8));
#8970 = ADVANCED_FACE('',(#8971),#8976,.T.);
#8971 = FACE_BOUND('',#8972,.T.);
#8972 = EDGE_LOOP('',(#8973,#8974,#8975));
#8973 = ORIENTED_EDGE('',*,*,#8950,.F.);
#8974 = ORIENTED_EDGE('',*,*,#8771,.F.);
#8975 = ORIENTED_EDGE('',*,*,#8933,.T.);
#8976 = ( BOUNDED_SURFACE() B_SPLINE_SURFACE(2,2,(
    (#8977,#8978,#8979)
    ,(#8980,#8981,#8982)
    ,(#8983,#8984,#8985
)),.UNSPECIFIED.,.F.,.F.,.F.) B_SPLINE_SURFACE_WITH_KNOTS((3,3),(3,3),(
    4.712388980385,6.28318530718),(0.,1.570796326795),
.PIECEWISE_BEZIER_KNOTS.) GEOMETRIC_REPRESENTATION_ITEM() 
RATIONAL_B_SPLINE_SURFACE((
    (1.,0.707106781187,1.)
    ,(0.707106781187,0.5,0.707106781187)
,(1.,0.707106781187,1.))) REPRESENTATION_ITEM('') SURFACE() );
#8977 = CARTESIAN_POINT('',(5.7,4.446,2.54));
#8978 = CARTESIAN_POINT('',(5.7,4.446,2.8));
#8979 = CARTESIAN_POINT('',(5.18,4.446,2.8));
#8980 = CARTESIAN_POINT('',(5.7,4.94,2.54));
#8981 = CARTESIAN_POINT('',(5.7,4.94,2.8));
#8982 = CARTESIAN_POINT('',(5.18,4.446,2.8));
#8983 = CARTESIAN_POINT('',(5.18,4.94,2.54));
#8984 = CARTESIAN_POINT('',(5.18,4.94,2.8));
#8985 = CARTESIAN_POINT('',(5.18,4.446,2.8));
#8986 = ADVANCED_FACE('',(#8987),#9003,.T.);
#8987 = FACE_BOUND('',#8988,.T.);
#8988 = EDGE_LOOP('',(#8989,#8990,#8991,#8998));
#8989 = ORIENTED_EDGE('',*,*,#8845,.F.);
#8990 = ORIENTED_EDGE('',*,*,#8814,.T.);
#8991 = ORIENTED_EDGE('',*,*,#8992,.T.);
#8992 = EDGE_CURVE('',#8808,#8993,#8995,.T.);
#8993 = VERTEX_POINT('',#8994);
#8994 = CARTESIAN_POINT('',(5.72,1.425,0.84));
#8995 = B_SPLINE_CURVE_WITH_KNOTS('',1,(#8996,#8997),.UNSPECIFIED.,.F.,
  .F.,(2,2),(1.59,1.6),.PIECEWISE_BEZIER_KNOTS.);
#8996 = CARTESIAN_POINT('',(5.7,1.425,0.84));
#8997 = CARTESIAN_POINT('',(5.72,1.425,0.84));
#8998 = ORIENTED_EDGE('',*,*,#8999,.F.);
#8999 = EDGE_CURVE('',#8839,#8993,#9000,.T.);
#9000 = B_SPLINE_CURVE_WITH_KNOTS('',1,(#9001,#9002),.UNSPECIFIED.,.F.,
  .F.,(2,2),(0.,0.84),.PIECEWISE_BEZIER_KNOTS.);
#9001 = CARTESIAN_POINT('',(5.72,1.425,0.));
#9002 = CARTESIAN_POINT('',(5.72,1.425,0.84));
#9003 = B_SPLINE_SURFACE_WITH_KNOTS('',1,1,(
    (#9004,#9005)
    ,(#9006,#9007
    )),.UNSPECIFIED.,.F.,.F.,.F.,(2,2),(2,2),(0.,0.84),(1.59,1.6),
  .PIECEWISE_BEZIER_KNOTS.);
#9004 = CARTESIAN_POINT('',(5.7,1.425,0.));
#9005 = CARTESIAN_POINT('',(5.72,1.425,0.));
#9006 = CARTESIAN_POINT('',(5.7,1.425,0.84));
#9007 = CARTESIAN_POINT('',(5.72,1.425,0.84));
#9008 = ADVANCED_FACE('',(#9009),#9025,.T.);
#9009 = FACE_BOUND('',#9010,.T.);
#9010 = EDGE_LOOP('',(#9011,#9012,#9019,#9024));
#9011 = ORIENTED_EDGE('',*,*,#8807,.T.);
#9012 = ORIENTED_EDGE('',*,*,#9013,.T.);
#9013 = EDGE_CURVE('',#8801,#9014,#9016,.T.);
#9014 = VERTEX_POINT('',#9015);
#9015 = CARTESIAN_POINT('',(5.72,-1.425,0.84));
#9016 = B_SPLINE_CURVE_WITH_KNOTS('',1,(#9017,#9018),.UNSPECIFIED.,.F.,
  .F.,(2,2),(1.59,1.6),.PIECEWISE_BEZIER_KNOTS.);
#9017 = CARTESIAN_POINT('',(5.7,-1.425,0.84));
#9018 = CARTESIAN_POINT('',(5.72,-1.425,0.84));
#9019 = ORIENTED_EDGE('',*,*,#9020,.T.);
#9020 = EDGE_CURVE('',#9014,#8993,#9021,.T.);
#9021 = B_SPLINE_CURVE_WITH_KNOTS('',1,(#9022,#9023),.UNSPECIFIED.,.F.,
  .F.,(2,2),(0.,1.5),.PIECEWISE_BEZIER_KNOTS.);
#9022 = CARTESIAN_POINT('',(5.72,-1.425,0.84));
#9023 = CARTESIAN_POINT('',(5.72,1.425,0.84));
#9024 = ORIENTED_EDGE('',*,*,#8992,.F.);
#9025 = B_SPLINE_SURFACE_WITH_KNOTS('',1,1,(
    (#9026,#9027)
    ,(#9028,#9029
    )),.UNSPECIFIED.,.F.,.F.,.F.,(2,2),(2,2),(1.59,1.6),(0.,1.5),
  .PIECEWISE_BEZIER_KNOTS.);
#9026 = CARTESIAN_POINT('',(5.7,-1.425,0.84));
#9027 = CARTESIAN_POINT('',(5.7,1.425,0.84));
#9028 = CARTESIAN_POINT('',(5.72,-1.425,0.84));
#9029 = CARTESIAN_POINT('',(5.72,1.425,0.84));
#9030 = ADVANCED_FACE('',(#9031),#9041,.F.);
#9031 = FACE_BOUND('',#9032,.F.);
#9032 = EDGE_LOOP('',(#9033,#9034,#9035,#9036));
#9033 = ORIENTED_EDGE('',*,*,#8831,.F.);
#9034 = ORIENTED_EDGE('',*,*,#8800,.T.);
#9035 = ORIENTED_EDGE('',*,*,#9013,.T.);
#9036 = ORIENTED_EDGE('',*,*,#9037,.F.);
#9037 = EDGE_CURVE('',#8832,#9014,#9038,.T.);
#9038 = B_SPLINE_CURVE_WITH_KNOTS('',1,(#9039,#9040),.UNSPECIFIED.,.F.,
  .F.,(2,2),(0.,0.84),.PIECEWISE_BEZIER_KNOTS.);
#9039 = CARTESIAN_POINT('',(5.72,-1.425,0.));
#9040 = CARTESIAN_POINT('',(5.72,-1.425,0.84));
#9041 = B_SPLINE_SURFACE_WITH_KNOTS('',1,1,(
    (#9042,#9043)
    ,(#9044,#9045
    )),.UNSPECIFIED.,.F.,.F.,.F.,(2,2),(2,2),(0.,0.84),(1.59,1.6),
  .PIECEWISE_BEZIER_KNOTS.);
#9042 = CARTESIAN_POINT('',(5.7,-1.425,0.));
#9043 = CARTESIAN_POINT('',(5.72,-1.425,0.));
#9044 = CARTESIAN_POINT('',(5.7,-1.425,0.84));
#9045 = CARTESIAN_POINT('',(5.72,-1.425,0.84));
#9046 = ADVANCED_FACE('',(#9047),#9053,.T.);
#9047 = FACE_BOUND('',#9048,.T.);
#9048 = EDGE_LOOP('',(#9049,#9050,#9051,#9052));
#9049 = ORIENTED_EDGE('',*,*,#9037,.F.);
#9050 = ORIENTED_EDGE('',*,*,#8838,.T.);
#9051 = ORIENTED_EDGE('',*,*,#8999,.T.);
#9052 = ORIENTED_EDGE('',*,*,#9020,.F.);
#9053 = B_SPLINE_SURFACE_WITH_KNOTS('',1,1,(
    (#9054,#9055)
    ,(#9056,#9057
    )),.UNSPECIFIED.,.F.,.F.,.F.,(2,2),(2,2),(0.,0.84),(-1.5,0.),
  .PIECEWISE_BEZIER_KNOTS.);
#9054 = CARTESIAN_POINT('',(5.72,1.425,0.));
#9055 = CARTESIAN_POINT('',(5.72,-1.425,0.));
#9056 = CARTESIAN_POINT('',(5.72,1.425,0.84));
#9057 = CARTESIAN_POINT('',(5.72,-1.425,0.84));
#9058 = ADVANCED_FACE('',(#9059),#9064,.T.);
#9059 = FACE_BOUND('',#9060,.T.);
#9060 = EDGE_LOOP('',(#9061,#9062,#9063));
#9061 = ORIENTED_EDGE('',*,*,#8912,.F.);
#9062 = ORIENTED_EDGE('',*,*,#8859,.F.);
#9063 = ORIENTED_EDGE('',*,*,#8957,.T.);
#9064 = ( BOUNDED_SURFACE() B_SPLINE_SURFACE(2,2,(
    (#9065,#9066,#9067)
    ,(#9068,#9069,#9070)
    ,(#9071,#9072,#9073
)),.UNSPECIFIED.,.F.,.F.,.F.) B_SPLINE_SURFACE_WITH_KNOTS((3,3),(3,3),(
    4.712388980385,6.28318530718),(0.,1.570796326795),
.PIECEWISE_BEZIER_KNOTS.) GEOMETRIC_REPRESENTATION_ITEM() 
RATIONAL_B_SPLINE_SURFACE((
    (1.,0.707106781187,1.)
    ,(0.707106781187,0.5,0.707106781187)
,(1.,0.707106781187,1.))) REPRESENTATION_ITEM('') SURFACE() );
#9065 = CARTESIAN_POINT('',(5.18,-4.94,2.54));
#9066 = CARTESIAN_POINT('',(5.18,-4.94,2.8));
#9067 = CARTESIAN_POINT('',(5.18,-4.446,2.8));
#9068 = CARTESIAN_POINT('',(5.7,-4.94,2.54));
#9069 = CARTESIAN_POINT('',(5.7,-4.94,2.8));
#9070 = CARTESIAN_POINT('',(5.18,-4.446,2.8));
#9071 = CARTESIAN_POINT('',(5.7,-4.446,2.54));
#9072 = CARTESIAN_POINT('',(5.7,-4.446,2.8));
#9073 = CARTESIAN_POINT('',(5.18,-4.446,2.8));
#9074 = ( GEOMETRIC_REPRESENTATION_CONTEXT(3) 
GLOBAL_UNCERTAINTY_ASSIGNED_CONTEXT((#9078)) 
GLOBAL_UNIT_ASSIGNED_CONTEXT((#9075,#9076,#9077)) REPRESENTATION_CONTEXT
('Context #1','3D Context with UNIT and UNCERTAINTY') );
#9075 = ( LENGTH_UNIT() NAMED_UNIT(*) SI_UNIT(.MILLI.,.METRE.) );
#9076 = ( NAMED_UNIT(*) PLANE_ANGLE_UNIT() SI_UNIT($,.RADIAN.) );
#9077 = ( NAMED_UNIT(*) SI_UNIT($,.STERADIAN.) SOLID_ANGLE_UNIT() );
#9078 = UNCERTAINTY_MEASURE_WITH_UNIT(LENGTH_MEASURE(2.E-07),#9075,
  'distance_accuracy_value','confusion accuracy');
#9079 = CONTEXT_DEPENDENT_SHAPE_REPRESENTATION(#9080,#9082);
#9080 = ( REPRESENTATION_RELATIONSHIP('','',#8319,#8296) 
REPRESENTATION_RELATIONSHIP_WITH_TRANSFORMATION(#9081) 
SHAPE_REPRESENTATION_RELATIONSHIP() );
#9081 = ITEM_DEFINED_TRANSFORMATION('','',#11,#8297);
#9082 = PRODUCT_DEFINITION_SHAPE('Placement','Placement of an item',
  #9083);
#9083 = NEXT_ASSEMBLY_USAGE_OCCURRENCE('26','=>[0:1:1:20]','',#8291,
  #8314,$);
#9084 = PRODUCT_RELATED_PRODUCT_CATEGORY('part',$,(#8316));
#9085 = CONTEXT_DEPENDENT_SHAPE_REPRESENTATION(#9086,#9088);
#9086 = ( REPRESENTATION_RELATIONSHIP('','',#1688,#10) 
REPRESENTATION_RELATIONSHIP_WITH_TRANSFORMATION(#9087) 
SHAPE_REPRESENTATION_RELATIONSHIP() );
#9087 = ITEM_DEFINED_TRANSFORMATION('','',#11,#75);
#9088 = PRODUCT_DEFINITION_SHAPE('Placement','Placement of an item',
  #9089);
#9089 = NEXT_ASSEMBLY_USAGE_OCCURRENCE('28','C2','',#5,#1683,$);
#9090 = CONTEXT_DEPENDENT_SHAPE_REPRESENTATION(#9091,#9093);
#9091 = ( REPRESENTATION_RELATIONSHIP('','',#6528,#10) 
REPRESENTATION_RELATIONSHIP_WITH_TRANSFORMATION(#9092) 
SHAPE_REPRESENTATION_RELATIONSHIP() );
#9092 = ITEM_DEFINED_TRANSFORMATION('','',#11,#79);
#9093 = PRODUCT_DEFINITION_SHAPE('Placement','Placement of an item',
  #9094);
#9094 = NEXT_ASSEMBLY_USAGE_OCCURRENCE('29','R4','',#5,#6523,$);
#9095 = SHAPE_DEFINITION_REPRESENTATION(#9096,#9102);
#9096 = PRODUCT_DEFINITION_SHAPE('','',#9097);
#9097 = PRODUCT_DEFINITION('design','',#9098,#9101);
#9098 = PRODUCT_DEFINITION_FORMATION('','',#9099);
#9099 = PRODUCT('R_0805_2012Metric','R_0805_2012Metric','',(#9100));
#9100 = PRODUCT_CONTEXT('',#2,'mechanical');
#9101 = PRODUCT_DEFINITION_CONTEXT('part definition',#2,'design');
#9102 = SHAPE_REPRESENTATION('',(#11,#9103),#9107);
#9103 = AXIS2_PLACEMENT_3D('',#9104,#9105,#9106);
#9104 = CARTESIAN_POINT('',(0.,0.,0.));
#9105 = DIRECTION('',(0.,0.,1.));
#9106 = DIRECTION('',(1.,0.,-0.));
#9107 = ( GEOMETRIC_REPRESENTATION_CONTEXT(3) 
GLOBAL_UNCERTAINTY_ASSIGNED_CONTEXT((#9111)) 
GLOBAL_UNIT_ASSIGNED_CONTEXT((#9108,#9109,#9110)) REPRESENTATION_CONTEXT
('Context #1','3D Context with UNIT and UNCERTAINTY') );
#9108 = ( LENGTH_UNIT() NAMED_UNIT(*) SI_UNIT(.MILLI.,.METRE.) );
#9109 = ( NAMED_UNIT(*) PLANE_ANGLE_UNIT() SI_UNIT($,.RADIAN.) );
#9110 = ( NAMED_UNIT(*) SI_UNIT($,.STERADIAN.) SOLID_ANGLE_UNIT() );
#9111 = UNCERTAINTY_MEASURE_WITH_UNIT(LENGTH_MEASURE(1.E-07),#9108,
  'distance_accuracy_value','confusion accuracy');
#9112 = CONTEXT_DEPENDENT_SHAPE_REPRESENTATION(#9113,#9115);
#9113 = ( REPRESENTATION_RELATIONSHIP('','',#9102,#10) 
REPRESENTATION_RELATIONSHIP_WITH_TRANSFORMATION(#9114) 
SHAPE_REPRESENTATION_RELATIONSHIP() );
#9114 = ITEM_DEFINED_TRANSFORMATION('','',#11,#83);
#9115 = PRODUCT_DEFINITION_SHAPE('Placement','Placement of an item',
  #9116);
#9116 = NEXT_ASSEMBLY_USAGE_OCCURRENCE('31','R3','',#5,#9097,$);
#9117 = PRODUCT_RELATED_PRODUCT_CATEGORY('part',$,(#9099));
#9118 = SHAPE_DEFINITION_REPRESENTATION(#9119,#9125);
#9119 = PRODUCT_DEFINITION_SHAPE('','',#9120);
#9120 = PRODUCT_DEFINITION('design','',#9121,#9124);
#9121 = PRODUCT_DEFINITION_FORMATION('','',#9122);
#9122 = PRODUCT('R_0805_2012Metric','R_0805_2012Metric','',(#9123));
#9123 = PRODUCT_CONTEXT('',#2,'mechanical');
#9124 = PRODUCT_DEFINITION_CONTEXT('part definition',#2,'design');
#9125 = ADVANCED_BREP_SHAPE_REPRESENTATION('',(#11,#9126),#9916);
#9126 = MANIFOLD_SOLID_BREP('',#9127);
#9127 = CLOSED_SHELL('',(#9128,#9168,#9251,#9276,#9301,#9368,#9385,#9402
    ,#9451,#9468,#9485,#9534,#9551,#9620,#9651,#9675,#9744,#9768,#9785,
    #9802,#9819,#9836,#9853,#9870,#9887,#9904));
#9128 = ADVANCED_FACE('',(#9129),#9163,.F.);
#9129 = FACE_BOUND('',#9130,.F.);
#9130 = EDGE_LOOP('',(#9131,#9141,#9149,#9157));
#9131 = ORIENTED_EDGE('',*,*,#9132,.F.);
#9132 = EDGE_CURVE('',#9133,#9135,#9137,.T.);
#9133 = VERTEX_POINT('',#9134);
#9134 = CARTESIAN_POINT('',(-1.,-0.6,4.5E-02));
#9135 = VERTEX_POINT('',#9136);
#9136 = CARTESIAN_POINT('',(-1.,-0.6,0.405));
#9137 = LINE('',#9138,#9139);
#9138 = CARTESIAN_POINT('',(-1.,-0.6,0.));
#9139 = VECTOR('',#9140,1.);
#9140 = DIRECTION('',(0.,0.,1.));
#9141 = ORIENTED_EDGE('',*,*,#9142,.T.);
#9142 = EDGE_CURVE('',#9133,#9143,#9145,.T.);
#9143 = VERTEX_POINT('',#9144);
#9144 = CARTESIAN_POINT('',(-1.,0.6,4.5E-02));
#9145 = LINE('',#9146,#9147);
#9146 = CARTESIAN_POINT('',(-1.,-0.6,4.5E-02));
#9147 = VECTOR('',#9148,1.);
#9148 = DIRECTION('',(0.,1.,0.));
#9149 = ORIENTED_EDGE('',*,*,#9150,.T.);
#9150 = EDGE_CURVE('',#9143,#9151,#9153,.T.);
#9151 = VERTEX_POINT('',#9152);
#9152 = CARTESIAN_POINT('',(-1.,0.6,0.405));
#9153 = LINE('',#9154,#9155);
#9154 = CARTESIAN_POINT('',(-1.,0.6,0.));
#9155 = VECTOR('',#9156,1.);
#9156 = DIRECTION('',(0.,0.,1.));
#9157 = ORIENTED_EDGE('',*,*,#9158,.F.);
#9158 = EDGE_CURVE('',#9135,#9151,#9159,.T.);
#9159 = LINE('',#9160,#9161);
#9160 = CARTESIAN_POINT('',(-1.,-0.6,0.405));
#9161 = VECTOR('',#9162,1.);
#9162 = DIRECTION('',(0.,1.,0.));
#9163 = PLANE('',#9164);
#9164 = AXIS2_PLACEMENT_3D('',#9165,#9166,#9167);
#9165 = CARTESIAN_POINT('',(-1.,-0.6,0.));
#9166 = DIRECTION('',(1.,0.,0.));
#9167 = DIRECTION('',(0.,0.,1.));
#9168 = ADVANCED_FACE('',(#9169),#9246,.F.);
#9169 = FACE_BOUND('',#9170,.F.);
#9170 = EDGE_LOOP('',(#9171,#9181,#9188,#9189,#9198,#9206,#9215,#9223,
    #9231,#9239));
#9171 = ORIENTED_EDGE('',*,*,#9172,.F.);
#9172 = EDGE_CURVE('',#9173,#9175,#9177,.T.);
#9173 = VERTEX_POINT('',#9174);
#9174 = CARTESIAN_POINT('',(-0.955,-0.6,-2.775557561563E-17));
#9175 = VERTEX_POINT('',#9176);
#9176 = CARTESIAN_POINT('',(-0.745,-0.6,-2.775557561563E-17));
#9177 = LINE('',#9178,#9179);
#9178 = CARTESIAN_POINT('',(-1.,-0.6,0.));
#9179 = VECTOR('',#9180,1.);
#9180 = DIRECTION('',(1.,0.,0.));
#9181 = ORIENTED_EDGE('',*,*,#9182,.F.);
#9182 = EDGE_CURVE('',#9133,#9173,#9183,.T.);
#9183 = CIRCLE('',#9184,4.5E-02);
#9184 = AXIS2_PLACEMENT_3D('',#9185,#9186,#9187);
#9185 = CARTESIAN_POINT('',(-0.955,-0.6,4.5E-02));
#9186 = DIRECTION('',(0.,-1.,0.));
#9187 = DIRECTION('',(0.,0.,1.));
#9188 = ORIENTED_EDGE('',*,*,#9132,.T.);
#9189 = ORIENTED_EDGE('',*,*,#9190,.T.);
#9190 = EDGE_CURVE('',#9135,#9191,#9193,.T.);
#9191 = VERTEX_POINT('',#9192);
#9192 = CARTESIAN_POINT('',(-0.955,-0.6,0.45));
#9193 = CIRCLE('',#9194,4.5E-02);
#9194 = AXIS2_PLACEMENT_3D('',#9195,#9196,#9197);
#9195 = CARTESIAN_POINT('',(-0.955,-0.6,0.405));
#9196 = DIRECTION('',(0.,1.,0.));
#9197 = DIRECTION('',(0.,-0.,1.));
#9198 = ORIENTED_EDGE('',*,*,#9199,.T.);
#9199 = EDGE_CURVE('',#9191,#9200,#9202,.T.);
#9200 = VERTEX_POINT('',#9201);
#9201 = CARTESIAN_POINT('',(-0.745,-0.6,0.45));
#9202 = LINE('',#9203,#9204);
#9203 = CARTESIAN_POINT('',(-1.,-0.6,0.45));
#9204 = VECTOR('',#9205,1.);
#9205 = DIRECTION('',(1.,0.,0.));
#9206 = ORIENTED_EDGE('',*,*,#9207,.F.);
#9207 = EDGE_CURVE('',#9208,#9200,#9210,.T.);
#9208 = VERTEX_POINT('',#9209);
#9209 = CARTESIAN_POINT('',(-0.7,-0.6,0.405));
#9210 = CIRCLE('',#9211,4.5E-02);
#9211 = AXIS2_PLACEMENT_3D('',#9212,#9213,#9214);
#9212 = CARTESIAN_POINT('',(-0.745,-0.6,0.405));
#9213 = DIRECTION('',(0.,-1.,0.));
#9214 = DIRECTION('',(0.,0.,1.));
#9215 = ORIENTED_EDGE('',*,*,#9216,.F.);
#9216 = EDGE_CURVE('',#9217,#9208,#9219,.T.);
#9217 = VERTEX_POINT('',#9218);
#9218 = CARTESIAN_POINT('',(-0.955,-0.6,0.405));
#9219 = LINE('',#9220,#9221);
#9220 = CARTESIAN_POINT('',(-0.955,-0.6,0.405));
#9221 = VECTOR('',#9222,1.);
#9222 = DIRECTION('',(1.,0.,0.));
#9223 = ORIENTED_EDGE('',*,*,#9224,.F.);
#9224 = EDGE_CURVE('',#9225,#9217,#9227,.T.);
#9225 = VERTEX_POINT('',#9226);
#9226 = CARTESIAN_POINT('',(-0.955,-0.6,4.5E-02));
#9227 = LINE('',#9228,#9229);
#9228 = CARTESIAN_POINT('',(-0.955,-0.6,4.5E-02));
#9229 = VECTOR('',#9230,1.);
#9230 = DIRECTION('',(0.,0.,1.));
#9231 = ORIENTED_EDGE('',*,*,#9232,.T.);
#9232 = EDGE_CURVE('',#9225,#9233,#9235,.T.);
#9233 = VERTEX_POINT('',#9234);
#9234 = CARTESIAN_POINT('',(-0.7,-0.6,4.5E-02));
#9235 = LINE('',#9236,#9237);
#9236 = CARTESIAN_POINT('',(-0.955,-0.6,4.5E-02));
#9237 = VECTOR('',#9238,1.);
#9238 = DIRECTION('',(1.,0.,0.));
#9239 = ORIENTED_EDGE('',*,*,#9240,.T.);
#9240 = EDGE_CURVE('',#9233,#9175,#9241,.T.);
#9241 = CIRCLE('',#9242,4.5E-02);
#9242 = AXIS2_PLACEMENT_3D('',#9243,#9244,#9245);
#9243 = CARTESIAN_POINT('',(-0.745,-0.6,4.5E-02));
#9244 = DIRECTION('',(0.,1.,0.));
#9245 = DIRECTION('',(0.,-0.,1.));
#9246 = PLANE('',#9247);
#9247 = AXIS2_PLACEMENT_3D('',#9248,#9249,#9250);
#9248 = CARTESIAN_POINT('',(-1.,-0.6,0.));
#9249 = DIRECTION('',(0.,1.,0.));
#9250 = DIRECTION('',(0.,-0.,1.));
#9251 = ADVANCED_FACE('',(#9252),#9271,.T.);
#9252 = FACE_BOUND('',#9253,.T.);
#9253 = EDGE_LOOP('',(#9254,#9255,#9264,#9270));
#9254 = ORIENTED_EDGE('',*,*,#9142,.T.);
#9255 = ORIENTED_EDGE('',*,*,#9256,.T.);
#9256 = EDGE_CURVE('',#9143,#9257,#9259,.T.);
#9257 = VERTEX_POINT('',#9258);
#9258 = CARTESIAN_POINT('',(-0.955,0.6,-2.775557561563E-17));
#9259 = CIRCLE('',#9260,4.5E-02);
#9260 = AXIS2_PLACEMENT_3D('',#9261,#9262,#9263);
#9261 = CARTESIAN_POINT('',(-0.955,0.6,4.5E-02));
#9262 = DIRECTION('',(0.,-1.,0.));
#9263 = DIRECTION('',(0.,0.,1.));
#9264 = ORIENTED_EDGE('',*,*,#9265,.F.);
#9265 = EDGE_CURVE('',#9173,#9257,#9266,.T.);
#9266 = LINE('',#9267,#9268);
#9267 = CARTESIAN_POINT('',(-0.955,-0.6,-2.775557561563E-17));
#9268 = VECTOR('',#9269,1.);
#9269 = DIRECTION('',(0.,1.,0.));
#9270 = ORIENTED_EDGE('',*,*,#9182,.F.);
#9271 = CYLINDRICAL_SURFACE('',#9272,4.5E-02);
#9272 = AXIS2_PLACEMENT_3D('',#9273,#9274,#9275);
#9273 = CARTESIAN_POINT('',(-0.955,-0.6,4.5E-02));
#9274 = DIRECTION('',(0.,1.,0.));
#9275 = DIRECTION('',(-1.,0.,0.));
#9276 = ADVANCED_FACE('',(#9277),#9296,.T.);
#9277 = FACE_BOUND('',#9278,.T.);
#9278 = EDGE_LOOP('',(#9279,#9280,#9288,#9295));
#9279 = ORIENTED_EDGE('',*,*,#9190,.T.);
#9280 = ORIENTED_EDGE('',*,*,#9281,.T.);
#9281 = EDGE_CURVE('',#9191,#9282,#9284,.T.);
#9282 = VERTEX_POINT('',#9283);
#9283 = CARTESIAN_POINT('',(-0.955,0.6,0.45));
#9284 = LINE('',#9285,#9286);
#9285 = CARTESIAN_POINT('',(-0.955,-0.6,0.45));
#9286 = VECTOR('',#9287,1.);
#9287 = DIRECTION('',(0.,1.,0.));
#9288 = ORIENTED_EDGE('',*,*,#9289,.F.);
#9289 = EDGE_CURVE('',#9151,#9282,#9290,.T.);
#9290 = CIRCLE('',#9291,4.5E-02);
#9291 = AXIS2_PLACEMENT_3D('',#9292,#9293,#9294);
#9292 = CARTESIAN_POINT('',(-0.955,0.6,0.405));
#9293 = DIRECTION('',(0.,1.,0.));
#9294 = DIRECTION('',(0.,-0.,1.));
#9295 = ORIENTED_EDGE('',*,*,#9158,.F.);
#9296 = CYLINDRICAL_SURFACE('',#9297,4.5E-02);
#9297 = AXIS2_PLACEMENT_3D('',#9298,#9299,#9300);
#9298 = CARTESIAN_POINT('',(-0.955,-0.6,0.405));
#9299 = DIRECTION('',(0.,1.,0.));
#9300 = DIRECTION('',(-1.,0.,0.));
#9301 = ADVANCED_FACE('',(#9302),#9363,.T.);
#9302 = FACE_BOUND('',#9303,.T.);
#9303 = EDGE_LOOP('',(#9304,#9312,#9313,#9314,#9315,#9323,#9332,#9340,
    #9348,#9356));
#9304 = ORIENTED_EDGE('',*,*,#9305,.F.);
#9305 = EDGE_CURVE('',#9257,#9306,#9308,.T.);
#9306 = VERTEX_POINT('',#9307);
#9307 = CARTESIAN_POINT('',(-0.745,0.6,-2.775557561563E-17));
#9308 = LINE('',#9309,#9310);
#9309 = CARTESIAN_POINT('',(-1.,0.6,0.));
#9310 = VECTOR('',#9311,1.);
#9311 = DIRECTION('',(1.,0.,0.));
#9312 = ORIENTED_EDGE('',*,*,#9256,.F.);
#9313 = ORIENTED_EDGE('',*,*,#9150,.T.);
#9314 = ORIENTED_EDGE('',*,*,#9289,.T.);
#9315 = ORIENTED_EDGE('',*,*,#9316,.T.);
#9316 = EDGE_CURVE('',#9282,#9317,#9319,.T.);
#9317 = VERTEX_POINT('',#9318);
#9318 = CARTESIAN_POINT('',(-0.745,0.6,0.45));
#9319 = LINE('',#9320,#9321);
#9320 = CARTESIAN_POINT('',(-1.,0.6,0.45));
#9321 = VECTOR('',#9322,1.);
#9322 = DIRECTION('',(1.,0.,0.));
#9323 = ORIENTED_EDGE('',*,*,#9324,.F.);
#9324 = EDGE_CURVE('',#9325,#9317,#9327,.T.);
#9325 = VERTEX_POINT('',#9326);
#9326 = CARTESIAN_POINT('',(-0.7,0.6,0.405));
#9327 = CIRCLE('',#9328,4.5E-02);
#9328 = AXIS2_PLACEMENT_3D('',#9329,#9330,#9331);
#9329 = CARTESIAN_POINT('',(-0.745,0.6,0.405));
#9330 = DIRECTION('',(0.,-1.,0.));
#9331 = DIRECTION('',(0.,0.,1.));
#9332 = ORIENTED_EDGE('',*,*,#9333,.F.);
#9333 = EDGE_CURVE('',#9334,#9325,#9336,.T.);
#9334 = VERTEX_POINT('',#9335);
#9335 = CARTESIAN_POINT('',(-0.955,0.6,0.405));
#9336 = LINE('',#9337,#9338);
#9337 = CARTESIAN_POINT('',(-0.955,0.6,0.405));
#9338 = VECTOR('',#9339,1.);
#9339 = DIRECTION('',(1.,0.,0.));
#9340 = ORIENTED_EDGE('',*,*,#9341,.F.);
#9341 = EDGE_CURVE('',#9342,#9334,#9344,.T.);
#9342 = VERTEX_POINT('',#9343);
#9343 = CARTESIAN_POINT('',(-0.955,0.6,4.5E-02));
#9344 = LINE('',#9345,#9346);
#9345 = CARTESIAN_POINT('',(-0.955,0.6,4.5E-02));
#9346 = VECTOR('',#9347,1.);
#9347 = DIRECTION('',(0.,0.,1.));
#9348 = ORIENTED_EDGE('',*,*,#9349,.T.);
#9349 = EDGE_CURVE('',#9342,#9350,#9352,.T.);
#9350 = VERTEX_POINT('',#9351);
#9351 = CARTESIAN_POINT('',(-0.7,0.6,4.5E-02));
#9352 = LINE('',#9353,#9354);
#9353 = CARTESIAN_POINT('',(-0.955,0.6,4.5E-02));
#9354 = VECTOR('',#9355,1.);
#9355 = DIRECTION('',(1.,0.,0.));
#9356 = ORIENTED_EDGE('',*,*,#9357,.T.);
#9357 = EDGE_CURVE('',#9350,#9306,#9358,.T.);
#9358 = CIRCLE('',#9359,4.5E-02);
#9359 = AXIS2_PLACEMENT_3D('',#9360,#9361,#9362);
#9360 = CARTESIAN_POINT('',(-0.745,0.6,4.5E-02));
#9361 = DIRECTION('',(0.,1.,0.));
#9362 = DIRECTION('',(0.,-0.,1.));
#9363 = PLANE('',#9364);
#9364 = AXIS2_PLACEMENT_3D('',#9365,#9366,#9367);
#9365 = CARTESIAN_POINT('',(-1.,0.6,0.));
#9366 = DIRECTION('',(0.,1.,0.));
#9367 = DIRECTION('',(0.,-0.,1.));
#9368 = ADVANCED_FACE('',(#9369),#9380,.F.);
#9369 = FACE_BOUND('',#9370,.F.);
#9370 = EDGE_LOOP('',(#9371,#9372,#9373,#9374));
#9371 = ORIENTED_EDGE('',*,*,#9305,.F.);
#9372 = ORIENTED_EDGE('',*,*,#9265,.F.);
#9373 = ORIENTED_EDGE('',*,*,#9172,.T.);
#9374 = ORIENTED_EDGE('',*,*,#9375,.T.);
#9375 = EDGE_CURVE('',#9175,#9306,#9376,.T.);
#9376 = LINE('',#9377,#9378);
#9377 = CARTESIAN_POINT('',(-0.745,-0.6,-2.775557561563E-17));
#9378 = VECTOR('',#9379,1.);
#9379 = DIRECTION('',(0.,1.,0.));
#9380 = PLANE('',#9381);
#9381 = AXIS2_PLACEMENT_3D('',#9382,#9383,#9384);
#9382 = CARTESIAN_POINT('',(-1.,-0.6,0.));
#9383 = DIRECTION('',(0.,0.,1.));
#9384 = DIRECTION('',(1.,0.,-0.));
#9385 = ADVANCED_FACE('',(#9386),#9397,.T.);
#9386 = FACE_BOUND('',#9387,.T.);
#9387 = EDGE_LOOP('',(#9388,#9389,#9390,#9391));
#9388 = ORIENTED_EDGE('',*,*,#9240,.T.);
#9389 = ORIENTED_EDGE('',*,*,#9375,.T.);
#9390 = ORIENTED_EDGE('',*,*,#9357,.F.);
#9391 = ORIENTED_EDGE('',*,*,#9392,.F.);
#9392 = EDGE_CURVE('',#9233,#9350,#9393,.T.);
#9393 = LINE('',#9394,#9395);
#9394 = CARTESIAN_POINT('',(-0.7,-0.6,4.5E-02));
#9395 = VECTOR('',#9396,1.);
#9396 = DIRECTION('',(0.,1.,0.));
#9397 = CYLINDRICAL_SURFACE('',#9398,4.5E-02);
#9398 = AXIS2_PLACEMENT_3D('',#9399,#9400,#9401);
#9399 = CARTESIAN_POINT('',(-0.745,-0.6,4.5E-02));
#9400 = DIRECTION('',(0.,1.,0.));
#9401 = DIRECTION('',(1.,0.,0.));
#9402 = ADVANCED_FACE('',(#9403),#9446,.F.);
#9403 = FACE_BOUND('',#9404,.F.);
#9404 = EDGE_LOOP('',(#9405,#9406,#9407,#9408,#9416,#9424,#9432,#9440));
#9405 = ORIENTED_EDGE('',*,*,#9232,.F.);
#9406 = ORIENTED_EDGE('',*,*,#9224,.T.);
#9407 = ORIENTED_EDGE('',*,*,#9216,.T.);
#9408 = ORIENTED_EDGE('',*,*,#9409,.T.);
#9409 = EDGE_CURVE('',#9208,#9410,#9412,.T.);
#9410 = VERTEX_POINT('',#9411);
#9411 = CARTESIAN_POINT('',(0.7,-0.6,0.405));
#9412 = LINE('',#9413,#9414);
#9413 = CARTESIAN_POINT('',(-0.7,-0.6,0.405));
#9414 = VECTOR('',#9415,1.);
#9415 = DIRECTION('',(1.,0.,0.));
#9416 = ORIENTED_EDGE('',*,*,#9417,.T.);
#9417 = EDGE_CURVE('',#9410,#9418,#9420,.T.);
#9418 = VERTEX_POINT('',#9419);
#9419 = CARTESIAN_POINT('',(0.955,-0.6,0.405));
#9420 = LINE('',#9421,#9422);
#9421 = CARTESIAN_POINT('',(-0.955,-0.6,0.405));
#9422 = VECTOR('',#9423,1.);
#9423 = DIRECTION('',(1.,0.,0.));
#9424 = ORIENTED_EDGE('',*,*,#9425,.F.);
#9425 = EDGE_CURVE('',#9426,#9418,#9428,.T.);
#9426 = VERTEX_POINT('',#9427);
#9427 = CARTESIAN_POINT('',(0.955,-0.6,4.5E-02));
#9428 = LINE('',#9429,#9430);
#9429 = CARTESIAN_POINT('',(0.955,-0.6,4.5E-02));
#9430 = VECTOR('',#9431,1.);
#9431 = DIRECTION('',(0.,0.,1.));
#9432 = ORIENTED_EDGE('',*,*,#9433,.F.);
#9433 = EDGE_CURVE('',#9434,#9426,#9436,.T.);
#9434 = VERTEX_POINT('',#9435);
#9435 = CARTESIAN_POINT('',(0.7,-0.6,4.5E-02));
#9436 = LINE('',#9437,#9438);
#9437 = CARTESIAN_POINT('',(-0.955,-0.6,4.5E-02));
#9438 = VECTOR('',#9439,1.);
#9439 = DIRECTION('',(1.,0.,0.));
#9440 = ORIENTED_EDGE('',*,*,#9441,.F.);
#9441 = EDGE_CURVE('',#9233,#9434,#9442,.T.);
#9442 = LINE('',#9443,#9444);
#9443 = CARTESIAN_POINT('',(-0.955,-0.6,4.5E-02));
#9444 = VECTOR('',#9445,1.);
#9445 = DIRECTION('',(1.,0.,0.));
#9446 = PLANE('',#9447);
#9447 = AXIS2_PLACEMENT_3D('',#9448,#9449,#9450);
#9448 = CARTESIAN_POINT('',(-0.955,-0.6,4.5E-02));
#9449 = DIRECTION('',(0.,1.,0.));
#9450 = DIRECTION('',(0.,-0.,1.));
#9451 = ADVANCED_FACE('',(#9452),#9463,.T.);
#9452 = FACE_BOUND('',#9453,.T.);
#9453 = EDGE_LOOP('',(#9454,#9455,#9456,#9457));
#9454 = ORIENTED_EDGE('',*,*,#9316,.F.);
#9455 = ORIENTED_EDGE('',*,*,#9281,.F.);
#9456 = ORIENTED_EDGE('',*,*,#9199,.T.);
#9457 = ORIENTED_EDGE('',*,*,#9458,.T.);
#9458 = EDGE_CURVE('',#9200,#9317,#9459,.T.);
#9459 = LINE('',#9460,#9461);
#9460 = CARTESIAN_POINT('',(-0.745,-0.6,0.45));
#9461 = VECTOR('',#9462,1.);
#9462 = DIRECTION('',(0.,1.,0.));
#9463 = PLANE('',#9464);
#9464 = AXIS2_PLACEMENT_3D('',#9465,#9466,#9467);
#9465 = CARTESIAN_POINT('',(-1.,-0.6,0.45));
#9466 = DIRECTION('',(0.,0.,1.));
#9467 = DIRECTION('',(1.,0.,-0.));
#9468 = ADVANCED_FACE('',(#9469),#9480,.T.);
#9469 = FACE_BOUND('',#9470,.T.);
#9470 = EDGE_LOOP('',(#9471,#9477,#9478,#9479));
#9471 = ORIENTED_EDGE('',*,*,#9472,.T.);
#9472 = EDGE_CURVE('',#9208,#9325,#9473,.T.);
#9473 = LINE('',#9474,#9475);
#9474 = CARTESIAN_POINT('',(-0.7,-0.6,0.405));
#9475 = VECTOR('',#9476,1.);
#9476 = DIRECTION('',(0.,1.,0.));
#9477 = ORIENTED_EDGE('',*,*,#9324,.T.);
#9478 = ORIENTED_EDGE('',*,*,#9458,.F.);
#9479 = ORIENTED_EDGE('',*,*,#9207,.F.);
#9480 = CYLINDRICAL_SURFACE('',#9481,4.5E-02);
#9481 = AXIS2_PLACEMENT_3D('',#9482,#9483,#9484);
#9482 = CARTESIAN_POINT('',(-0.745,-0.6,0.405));
#9483 = DIRECTION('',(0.,1.,0.));
#9484 = DIRECTION('',(1.,0.,0.));
#9485 = ADVANCED_FACE('',(#9486),#9529,.T.);
#9486 = FACE_BOUND('',#9487,.T.);
#9487 = EDGE_LOOP('',(#9488,#9489,#9490,#9491,#9499,#9507,#9515,#9523));
#9488 = ORIENTED_EDGE('',*,*,#9349,.F.);
#9489 = ORIENTED_EDGE('',*,*,#9341,.T.);
#9490 = ORIENTED_EDGE('',*,*,#9333,.T.);
#9491 = ORIENTED_EDGE('',*,*,#9492,.T.);
#9492 = EDGE_CURVE('',#9325,#9493,#9495,.T.);
#9493 = VERTEX_POINT('',#9494);
#9494 = CARTESIAN_POINT('',(0.7,0.6,0.405));
#9495 = LINE('',#9496,#9497);
#9496 = CARTESIAN_POINT('',(-0.7,0.6,0.405));
#9497 = VECTOR('',#9498,1.);
#9498 = DIRECTION('',(1.,0.,0.));
#9499 = ORIENTED_EDGE('',*,*,#9500,.T.);
#9500 = EDGE_CURVE('',#9493,#9501,#9503,.T.);
#9501 = VERTEX_POINT('',#9502);
#9502 = CARTESIAN_POINT('',(0.955,0.6,0.405));
#9503 = LINE('',#9504,#9505);
#9504 = CARTESIAN_POINT('',(-0.955,0.6,0.405));
#9505 = VECTOR('',#9506,1.);
#9506 = DIRECTION('',(1.,0.,0.));
#9507 = ORIENTED_EDGE('',*,*,#9508,.F.);
#9508 = EDGE_CURVE('',#9509,#9501,#9511,.T.);
#9509 = VERTEX_POINT('',#9510);
#9510 = CARTESIAN_POINT('',(0.955,0.6,4.5E-02));
#9511 = LINE('',#9512,#9513);
#9512 = CARTESIAN_POINT('',(0.955,0.6,4.5E-02));
#9513 = VECTOR('',#9514,1.);
#9514 = DIRECTION('',(0.,0.,1.));
#9515 = ORIENTED_EDGE('',*,*,#9516,.F.);
#9516 = EDGE_CURVE('',#9517,#9509,#9519,.T.);
#9517 = VERTEX_POINT('',#9518);
#9518 = CARTESIAN_POINT('',(0.7,0.6,4.5E-02));
#9519 = LINE('',#9520,#9521);
#9520 = CARTESIAN_POINT('',(-0.955,0.6,4.5E-02));
#9521 = VECTOR('',#9522,1.);
#9522 = DIRECTION('',(1.,0.,0.));
#9523 = ORIENTED_EDGE('',*,*,#9524,.F.);
#9524 = EDGE_CURVE('',#9350,#9517,#9525,.T.);
#9525 = LINE('',#9526,#9527);
#9526 = CARTESIAN_POINT('',(-0.955,0.6,4.5E-02));
#9527 = VECTOR('',#9528,1.);
#9528 = DIRECTION('',(1.,0.,0.));
#9529 = PLANE('',#9530);
#9530 = AXIS2_PLACEMENT_3D('',#9531,#9532,#9533);
#9531 = CARTESIAN_POINT('',(-0.955,0.6,4.5E-02));
#9532 = DIRECTION('',(0.,1.,0.));
#9533 = DIRECTION('',(0.,-0.,1.));
#9534 = ADVANCED_FACE('',(#9535),#9546,.F.);
#9535 = FACE_BOUND('',#9536,.F.);
#9536 = EDGE_LOOP('',(#9537,#9538,#9539,#9545));
#9537 = ORIENTED_EDGE('',*,*,#9392,.F.);
#9538 = ORIENTED_EDGE('',*,*,#9441,.T.);
#9539 = ORIENTED_EDGE('',*,*,#9540,.T.);
#9540 = EDGE_CURVE('',#9434,#9517,#9541,.T.);
#9541 = LINE('',#9542,#9543);
#9542 = CARTESIAN_POINT('',(0.7,-0.6,4.5E-02));
#9543 = VECTOR('',#9544,1.);
#9544 = DIRECTION('',(0.,1.,0.));
#9545 = ORIENTED_EDGE('',*,*,#9524,.F.);
#9546 = PLANE('',#9547);
#9547 = AXIS2_PLACEMENT_3D('',#9548,#9549,#9550);
#9548 = CARTESIAN_POINT('',(-0.955,-0.6,4.5E-02));
#9549 = DIRECTION('',(0.,0.,1.));
#9550 = DIRECTION('',(1.,0.,-0.));
#9551 = ADVANCED_FACE('',(#9552),#9615,.F.);
#9552 = FACE_BOUND('',#9553,.F.);
#9553 = EDGE_LOOP('',(#9554,#9564,#9571,#9572,#9573,#9574,#9583,#9591,
    #9600,#9608));
#9554 = ORIENTED_EDGE('',*,*,#9555,.F.);
#9555 = EDGE_CURVE('',#9556,#9558,#9560,.T.);
#9556 = VERTEX_POINT('',#9557);
#9557 = CARTESIAN_POINT('',(0.745,-0.6,-2.775557561563E-17));
#9558 = VERTEX_POINT('',#9559);
#9559 = CARTESIAN_POINT('',(0.955,-0.6,-2.775557561563E-17));
#9560 = LINE('',#9561,#9562);
#9561 = CARTESIAN_POINT('',(0.7,-0.6,0.));
#9562 = VECTOR('',#9563,1.);
#9563 = DIRECTION('',(1.,0.,0.));
#9564 = ORIENTED_EDGE('',*,*,#9565,.F.);
#9565 = EDGE_CURVE('',#9434,#9556,#9566,.T.);
#9566 = CIRCLE('',#9567,4.5E-02);
#9567 = AXIS2_PLACEMENT_3D('',#9568,#9569,#9570);
#9568 = CARTESIAN_POINT('',(0.745,-0.6,4.5E-02));
#9569 = DIRECTION('',(0.,-1.,0.));
#9570 = DIRECTION('',(0.,0.,1.));
#9571 = ORIENTED_EDGE('',*,*,#9433,.T.);
#9572 = ORIENTED_EDGE('',*,*,#9425,.T.);
#9573 = ORIENTED_EDGE('',*,*,#9417,.F.);
#9574 = ORIENTED_EDGE('',*,*,#9575,.T.);
#9575 = EDGE_CURVE('',#9410,#9576,#9578,.T.);
#9576 = VERTEX_POINT('',#9577);
#9577 = CARTESIAN_POINT('',(0.745,-0.6,0.45));
#9578 = CIRCLE('',#9579,4.5E-02);
#9579 = AXIS2_PLACEMENT_3D('',#9580,#9581,#9582);
#9580 = CARTESIAN_POINT('',(0.745,-0.6,0.405));
#9581 = DIRECTION('',(0.,1.,0.));
#9582 = DIRECTION('',(0.,-0.,1.));
#9583 = ORIENTED_EDGE('',*,*,#9584,.T.);
#9584 = EDGE_CURVE('',#9576,#9585,#9587,.T.);
#9585 = VERTEX_POINT('',#9586);
#9586 = CARTESIAN_POINT('',(0.955,-0.6,0.45));
#9587 = LINE('',#9588,#9589);
#9588 = CARTESIAN_POINT('',(0.7,-0.6,0.45));
#9589 = VECTOR('',#9590,1.);
#9590 = DIRECTION('',(1.,0.,0.));
#9591 = ORIENTED_EDGE('',*,*,#9592,.F.);
#9592 = EDGE_CURVE('',#9593,#9585,#9595,.T.);
#9593 = VERTEX_POINT('',#9594);
#9594 = CARTESIAN_POINT('',(1.,-0.6,0.405));
#9595 = CIRCLE('',#9596,4.5E-02);
#9596 = AXIS2_PLACEMENT_3D('',#9597,#9598,#9599);
#9597 = CARTESIAN_POINT('',(0.955,-0.6,0.405));
#9598 = DIRECTION('',(0.,-1.,0.));
#9599 = DIRECTION('',(0.,0.,1.));
#9600 = ORIENTED_EDGE('',*,*,#9601,.F.);
#9601 = EDGE_CURVE('',#9602,#9593,#9604,.T.);
#9602 = VERTEX_POINT('',#9603);
#9603 = CARTESIAN_POINT('',(1.,-0.6,4.5E-02));
#9604 = LINE('',#9605,#9606);
#9605 = CARTESIAN_POINT('',(1.,-0.6,0.));
#9606 = VECTOR('',#9607,1.);
#9607 = DIRECTION('',(0.,0.,1.));
#9608 = ORIENTED_EDGE('',*,*,#9609,.T.);
#9609 = EDGE_CURVE('',#9602,#9558,#9610,.T.);
#9610 = CIRCLE('',#9611,4.5E-02);
#9611 = AXIS2_PLACEMENT_3D('',#9612,#9613,#9614);
#9612 = CARTESIAN_POINT('',(0.955,-0.6,4.5E-02));
#9613 = DIRECTION('',(0.,1.,0.));
#9614 = DIRECTION('',(0.,-0.,1.));
#9615 = PLANE('',#9616);
#9616 = AXIS2_PLACEMENT_3D('',#9617,#9618,#9619);
#9617 = CARTESIAN_POINT('',(0.7,-0.6,0.));
#9618 = DIRECTION('',(0.,1.,0.));
#9619 = DIRECTION('',(0.,-0.,1.));
#9620 = ADVANCED_FACE('',(#9621),#9646,.F.);
#9621 = FACE_BOUND('',#9622,.F.);
#9622 = EDGE_LOOP('',(#9623,#9624,#9632,#9640));
#9623 = ORIENTED_EDGE('',*,*,#9409,.F.);
#9624 = ORIENTED_EDGE('',*,*,#9625,.T.);
#9625 = EDGE_CURVE('',#9208,#9626,#9628,.T.);
#9626 = VERTEX_POINT('',#9627);
#9627 = CARTESIAN_POINT('',(-0.7,-0.6,0.45));
#9628 = LINE('',#9629,#9630);
#9629 = CARTESIAN_POINT('',(-0.7,-0.6,0.405));
#9630 = VECTOR('',#9631,1.);
#9631 = DIRECTION('',(0.,0.,1.));
#9632 = ORIENTED_EDGE('',*,*,#9633,.T.);
#9633 = EDGE_CURVE('',#9626,#9634,#9636,.T.);
#9634 = VERTEX_POINT('',#9635);
#9635 = CARTESIAN_POINT('',(0.7,-0.6,0.45));
#9636 = LINE('',#9637,#9638);
#9637 = CARTESIAN_POINT('',(-0.7,-0.6,0.45));
#9638 = VECTOR('',#9639,1.);
#9639 = DIRECTION('',(1.,0.,0.));
#9640 = ORIENTED_EDGE('',*,*,#9641,.F.);
#9641 = EDGE_CURVE('',#9410,#9634,#9642,.T.);
#9642 = LINE('',#9643,#9644);
#9643 = CARTESIAN_POINT('',(0.7,-0.6,0.405));
#9644 = VECTOR('',#9645,1.);
#9645 = DIRECTION('',(0.,0.,1.));
#9646 = PLANE('',#9647);
#9647 = AXIS2_PLACEMENT_3D('',#9648,#9649,#9650);
#9648 = CARTESIAN_POINT('',(-0.7,-0.6,0.405));
#9649 = DIRECTION('',(0.,1.,0.));
#9650 = DIRECTION('',(0.,-0.,1.));
#9651 = ADVANCED_FACE('',(#9652),#9670,.F.);
#9652 = FACE_BOUND('',#9653,.F.);
#9653 = EDGE_LOOP('',(#9654,#9655,#9656,#9664));
#9654 = ORIENTED_EDGE('',*,*,#9625,.F.);
#9655 = ORIENTED_EDGE('',*,*,#9472,.T.);
#9656 = ORIENTED_EDGE('',*,*,#9657,.T.);
#9657 = EDGE_CURVE('',#9325,#9658,#9660,.T.);
#9658 = VERTEX_POINT('',#9659);
#9659 = CARTESIAN_POINT('',(-0.7,0.6,0.45));
#9660 = LINE('',#9661,#9662);
#9661 = CARTESIAN_POINT('',(-0.7,0.6,0.405));
#9662 = VECTOR('',#9663,1.);
#9663 = DIRECTION('',(0.,0.,1.));
#9664 = ORIENTED_EDGE('',*,*,#9665,.F.);
#9665 = EDGE_CURVE('',#9626,#9658,#9666,.T.);
#9666 = LINE('',#9667,#9668);
#9667 = CARTESIAN_POINT('',(-0.7,-0.6,0.45));
#9668 = VECTOR('',#9669,1.);
#9669 = DIRECTION('',(0.,1.,0.));
#9670 = PLANE('',#9671);
#9671 = AXIS2_PLACEMENT_3D('',#9672,#9673,#9674);
#9672 = CARTESIAN_POINT('',(-0.7,-0.6,0.405));
#9673 = DIRECTION('',(1.,0.,0.));
#9674 = DIRECTION('',(0.,0.,1.));
#9675 = ADVANCED_FACE('',(#9676),#9739,.T.);
#9676 = FACE_BOUND('',#9677,.T.);
#9677 = EDGE_LOOP('',(#9678,#9688,#9695,#9696,#9697,#9698,#9707,#9715,
    #9724,#9732));
#9678 = ORIENTED_EDGE('',*,*,#9679,.F.);
#9679 = EDGE_CURVE('',#9680,#9682,#9684,.T.);
#9680 = VERTEX_POINT('',#9681);
#9681 = CARTESIAN_POINT('',(0.745,0.6,-2.775557561563E-17));
#9682 = VERTEX_POINT('',#9683);
#9683 = CARTESIAN_POINT('',(0.955,0.6,-2.775557561563E-17));
#9684 = LINE('',#9685,#9686);
#9685 = CARTESIAN_POINT('',(0.7,0.6,0.));
#9686 = VECTOR('',#9687,1.);
#9687 = DIRECTION('',(1.,0.,0.));
#9688 = ORIENTED_EDGE('',*,*,#9689,.F.);
#9689 = EDGE_CURVE('',#9517,#9680,#9690,.T.);
#9690 = CIRCLE('',#9691,4.5E-02);
#9691 = AXIS2_PLACEMENT_3D('',#9692,#9693,#9694);
#9692 = CARTESIAN_POINT('',(0.745,0.6,4.5E-02));
#9693 = DIRECTION('',(0.,-1.,0.));
#9694 = DIRECTION('',(0.,0.,1.));
#9695 = ORIENTED_EDGE('',*,*,#9516,.T.);
#9696 = ORIENTED_EDGE('',*,*,#9508,.T.);
#9697 = ORIENTED_EDGE('',*,*,#9500,.F.);
#9698 = ORIENTED_EDGE('',*,*,#9699,.T.);
#9699 = EDGE_CURVE('',#9493,#9700,#9702,.T.);
#9700 = VERTEX_POINT('',#9701);
#9701 = CARTESIAN_POINT('',(0.745,0.6,0.45));
#9702 = CIRCLE('',#9703,4.5E-02);
#9703 = AXIS2_PLACEMENT_3D('',#9704,#9705,#9706);
#9704 = CARTESIAN_POINT('',(0.745,0.6,0.405));
#9705 = DIRECTION('',(0.,1.,0.));
#9706 = DIRECTION('',(0.,-0.,1.));
#9707 = ORIENTED_EDGE('',*,*,#9708,.T.);
#9708 = EDGE_CURVE('',#9700,#9709,#9711,.T.);
#9709 = VERTEX_POINT('',#9710);
#9710 = CARTESIAN_POINT('',(0.955,0.6,0.45));
#9711 = LINE('',#9712,#9713);
#9712 = CARTESIAN_POINT('',(0.7,0.6,0.45));
#9713 = VECTOR('',#9714,1.);
#9714 = DIRECTION('',(1.,0.,0.));
#9715 = ORIENTED_EDGE('',*,*,#9716,.F.);
#9716 = EDGE_CURVE('',#9717,#9709,#9719,.T.);
#9717 = VERTEX_POINT('',#9718);
#9718 = CARTESIAN_POINT('',(1.,0.6,0.405));
#9719 = CIRCLE('',#9720,4.5E-02);
#9720 = AXIS2_PLACEMENT_3D('',#9721,#9722,#9723);
#9721 = CARTESIAN_POINT('',(0.955,0.6,0.405));
#9722 = DIRECTION('',(0.,-1.,0.));
#9723 = DIRECTION('',(0.,0.,1.));
#9724 = ORIENTED_EDGE('',*,*,#9725,.F.);
#9725 = EDGE_CURVE('',#9726,#9717,#9728,.T.);
#9726 = VERTEX_POINT('',#9727);
#9727 = CARTESIAN_POINT('',(1.,0.6,4.5E-02));
#9728 = LINE('',#9729,#9730);
#9729 = CARTESIAN_POINT('',(1.,0.6,0.));
#9730 = VECTOR('',#9731,1.);
#9731 = DIRECTION('',(0.,0.,1.));
#9732 = ORIENTED_EDGE('',*,*,#9733,.T.);
#9733 = EDGE_CURVE('',#9726,#9682,#9734,.T.);
#9734 = CIRCLE('',#9735,4.5E-02);
#9735 = AXIS2_PLACEMENT_3D('',#9736,#9737,#9738);
#9736 = CARTESIAN_POINT('',(0.955,0.6,4.5E-02));
#9737 = DIRECTION('',(0.,1.,0.));
#9738 = DIRECTION('',(0.,-0.,1.));
#9739 = PLANE('',#9740);
#9740 = AXIS2_PLACEMENT_3D('',#9741,#9742,#9743);
#9741 = CARTESIAN_POINT('',(0.7,0.6,0.));
#9742 = DIRECTION('',(0.,1.,0.));
#9743 = DIRECTION('',(0.,-0.,1.));
#9744 = ADVANCED_FACE('',(#9745),#9763,.T.);
#9745 = FACE_BOUND('',#9746,.T.);
#9746 = EDGE_LOOP('',(#9747,#9748,#9749,#9757));
#9747 = ORIENTED_EDGE('',*,*,#9492,.F.);
#9748 = ORIENTED_EDGE('',*,*,#9657,.T.);
#9749 = ORIENTED_EDGE('',*,*,#9750,.T.);
#9750 = EDGE_CURVE('',#9658,#9751,#9753,.T.);
#9751 = VERTEX_POINT('',#9752);
#9752 = CARTESIAN_POINT('',(0.7,0.6,0.45));
#9753 = LINE('',#9754,#9755);
#9754 = CARTESIAN_POINT('',(-0.7,0.6,0.45));
#9755 = VECTOR('',#9756,1.);
#9756 = DIRECTION('',(1.,0.,0.));
#9757 = ORIENTED_EDGE('',*,*,#9758,.F.);
#9758 = EDGE_CURVE('',#9493,#9751,#9759,.T.);
#9759 = LINE('',#9760,#9761);
#9760 = CARTESIAN_POINT('',(0.7,0.6,0.405));
#9761 = VECTOR('',#9762,1.);
#9762 = DIRECTION('',(0.,0.,1.));
#9763 = PLANE('',#9764);
#9764 = AXIS2_PLACEMENT_3D('',#9765,#9766,#9767);
#9765 = CARTESIAN_POINT('',(-0.7,0.6,0.405));
#9766 = DIRECTION('',(0.,1.,0.));
#9767 = DIRECTION('',(0.,-0.,1.));
#9768 = ADVANCED_FACE('',(#9769),#9780,.T.);
#9769 = FACE_BOUND('',#9770,.T.);
#9770 = EDGE_LOOP('',(#9771,#9772,#9773,#9779));
#9771 = ORIENTED_EDGE('',*,*,#9540,.T.);
#9772 = ORIENTED_EDGE('',*,*,#9689,.T.);
#9773 = ORIENTED_EDGE('',*,*,#9774,.F.);
#9774 = EDGE_CURVE('',#9556,#9680,#9775,.T.);
#9775 = LINE('',#9776,#9777);
#9776 = CARTESIAN_POINT('',(0.745,-0.6,-2.775557561563E-17));
#9777 = VECTOR('',#9778,1.);
#9778 = DIRECTION('',(0.,1.,0.));
#9779 = ORIENTED_EDGE('',*,*,#9565,.F.);
#9780 = CYLINDRICAL_SURFACE('',#9781,4.5E-02);
#9781 = AXIS2_PLACEMENT_3D('',#9782,#9783,#9784);
#9782 = CARTESIAN_POINT('',(0.745,-0.6,4.5E-02));
#9783 = DIRECTION('',(0.,1.,0.));
#9784 = DIRECTION('',(-1.,0.,0.));
#9785 = ADVANCED_FACE('',(#9786),#9797,.F.);
#9786 = FACE_BOUND('',#9787,.F.);
#9787 = EDGE_LOOP('',(#9788,#9789,#9790,#9791));
#9788 = ORIENTED_EDGE('',*,*,#9679,.F.);
#9789 = ORIENTED_EDGE('',*,*,#9774,.F.);
#9790 = ORIENTED_EDGE('',*,*,#9555,.T.);
#9791 = ORIENTED_EDGE('',*,*,#9792,.T.);
#9792 = EDGE_CURVE('',#9558,#9682,#9793,.T.);
#9793 = LINE('',#9794,#9795);
#9794 = CARTESIAN_POINT('',(0.955,-0.6,-2.775557561563E-17));
#9795 = VECTOR('',#9796,1.);
#9796 = DIRECTION('',(0.,1.,0.));
#9797 = PLANE('',#9798);
#9798 = AXIS2_PLACEMENT_3D('',#9799,#9800,#9801);
#9799 = CARTESIAN_POINT('',(0.7,-0.6,0.));
#9800 = DIRECTION('',(0.,0.,1.));
#9801 = DIRECTION('',(1.,0.,-0.));
#9802 = ADVANCED_FACE('',(#9803),#9814,.T.);
#9803 = FACE_BOUND('',#9804,.T.);
#9804 = EDGE_LOOP('',(#9805,#9806,#9807,#9808));
#9805 = ORIENTED_EDGE('',*,*,#9609,.T.);
#9806 = ORIENTED_EDGE('',*,*,#9792,.T.);
#9807 = ORIENTED_EDGE('',*,*,#9733,.F.);
#9808 = ORIENTED_EDGE('',*,*,#9809,.F.);
#9809 = EDGE_CURVE('',#9602,#9726,#9810,.T.);
#9810 = LINE('',#9811,#9812);
#9811 = CARTESIAN_POINT('',(1.,-0.6,4.5E-02));
#9812 = VECTOR('',#9813,1.);
#9813 = DIRECTION('',(0.,1.,0.));
#9814 = CYLINDRICAL_SURFACE('',#9815,4.5E-02);
#9815 = AXIS2_PLACEMENT_3D('',#9816,#9817,#9818);
#9816 = CARTESIAN_POINT('',(0.955,-0.6,4.5E-02));
#9817 = DIRECTION('',(0.,1.,0.));
#9818 = DIRECTION('',(1.,0.,0.));
#9819 = ADVANCED_FACE('',(#9820),#9831,.T.);
#9820 = FACE_BOUND('',#9821,.T.);
#9821 = EDGE_LOOP('',(#9822,#9823,#9824,#9825));
#9822 = ORIENTED_EDGE('',*,*,#9601,.F.);
#9823 = ORIENTED_EDGE('',*,*,#9809,.T.);
#9824 = ORIENTED_EDGE('',*,*,#9725,.T.);
#9825 = ORIENTED_EDGE('',*,*,#9826,.F.);
#9826 = EDGE_CURVE('',#9593,#9717,#9827,.T.);
#9827 = LINE('',#9828,#9829);
#9828 = CARTESIAN_POINT('',(1.,-0.6,0.405));
#9829 = VECTOR('',#9830,1.);
#9830 = DIRECTION('',(0.,1.,0.));
#9831 = PLANE('',#9832);
#9832 = AXIS2_PLACEMENT_3D('',#9833,#9834,#9835);
#9833 = CARTESIAN_POINT('',(1.,-0.6,0.));
#9834 = DIRECTION('',(1.,0.,0.));
#9835 = DIRECTION('',(0.,0.,1.));
#9836 = ADVANCED_FACE('',(#9837),#9848,.T.);
#9837 = FACE_BOUND('',#9838,.T.);
#9838 = EDGE_LOOP('',(#9839,#9840,#9841,#9847));
#9839 = ORIENTED_EDGE('',*,*,#9826,.T.);
#9840 = ORIENTED_EDGE('',*,*,#9716,.T.);
#9841 = ORIENTED_EDGE('',*,*,#9842,.F.);
#9842 = EDGE_CURVE('',#9585,#9709,#9843,.T.);
#9843 = LINE('',#9844,#9845);
#9844 = CARTESIAN_POINT('',(0.955,-0.6,0.45));
#9845 = VECTOR('',#9846,1.);
#9846 = DIRECTION('',(0.,1.,0.));
#9847 = ORIENTED_EDGE('',*,*,#9592,.F.);
#9848 = CYLINDRICAL_SURFACE('',#9849,4.5E-02);
#9849 = AXIS2_PLACEMENT_3D('',#9850,#9851,#9852);
#9850 = CARTESIAN_POINT('',(0.955,-0.6,0.405));
#9851 = DIRECTION('',(0.,1.,0.));
#9852 = DIRECTION('',(1.,0.,0.));
#9853 = ADVANCED_FACE('',(#9854),#9865,.T.);
#9854 = FACE_BOUND('',#9855,.T.);
#9855 = EDGE_LOOP('',(#9856,#9857,#9863,#9864));
#9856 = ORIENTED_EDGE('',*,*,#9708,.F.);
#9857 = ORIENTED_EDGE('',*,*,#9858,.F.);
#9858 = EDGE_CURVE('',#9576,#9700,#9859,.T.);
#9859 = LINE('',#9860,#9861);
#9860 = CARTESIAN_POINT('',(0.745,-0.6,0.45));
#9861 = VECTOR('',#9862,1.);
#9862 = DIRECTION('',(0.,1.,0.));
#9863 = ORIENTED_EDGE('',*,*,#9584,.T.);
#9864 = ORIENTED_EDGE('',*,*,#9842,.T.);
#9865 = PLANE('',#9866);
#9866 = AXIS2_PLACEMENT_3D('',#9867,#9868,#9869);
#9867 = CARTESIAN_POINT('',(0.7,-0.6,0.45));
#9868 = DIRECTION('',(0.,0.,1.));
#9869 = DIRECTION('',(1.,0.,-0.));
#9870 = ADVANCED_FACE('',(#9871),#9882,.T.);
#9871 = FACE_BOUND('',#9872,.T.);
#9872 = EDGE_LOOP('',(#9873,#9874,#9875,#9876));
#9873 = ORIENTED_EDGE('',*,*,#9575,.T.);
#9874 = ORIENTED_EDGE('',*,*,#9858,.T.);
#9875 = ORIENTED_EDGE('',*,*,#9699,.F.);
#9876 = ORIENTED_EDGE('',*,*,#9877,.F.);
#9877 = EDGE_CURVE('',#9410,#9493,#9878,.T.);
#9878 = LINE('',#9879,#9880);
#9879 = CARTESIAN_POINT('',(0.7,-0.6,0.405));
#9880 = VECTOR('',#9881,1.);
#9881 = DIRECTION('',(0.,1.,0.));
#9882 = CYLINDRICAL_SURFACE('',#9883,4.5E-02);
#9883 = AXIS2_PLACEMENT_3D('',#9884,#9885,#9886);
#9884 = CARTESIAN_POINT('',(0.745,-0.6,0.405));
#9885 = DIRECTION('',(0.,1.,0.));
#9886 = DIRECTION('',(-1.,0.,0.));
#9887 = ADVANCED_FACE('',(#9888),#9899,.T.);
#9888 = FACE_BOUND('',#9889,.T.);
#9889 = EDGE_LOOP('',(#9890,#9891,#9892,#9893));
#9890 = ORIENTED_EDGE('',*,*,#9641,.F.);
#9891 = ORIENTED_EDGE('',*,*,#9877,.T.);
#9892 = ORIENTED_EDGE('',*,*,#9758,.T.);
#9893 = ORIENTED_EDGE('',*,*,#9894,.F.);
#9894 = EDGE_CURVE('',#9634,#9751,#9895,.T.);
#9895 = LINE('',#9896,#9897);
#9896 = CARTESIAN_POINT('',(0.7,-0.6,0.45));
#9897 = VECTOR('',#9898,1.);
#9898 = DIRECTION('',(0.,1.,0.));
#9899 = PLANE('',#9900);
#9900 = AXIS2_PLACEMENT_3D('',#9901,#9902,#9903);
#9901 = CARTESIAN_POINT('',(0.7,-0.6,0.405));
#9902 = DIRECTION('',(1.,0.,0.));
#9903 = DIRECTION('',(0.,0.,1.));
#9904 = ADVANCED_FACE('',(#9905),#9911,.T.);
#9905 = FACE_BOUND('',#9906,.T.);
#9906 = EDGE_LOOP('',(#9907,#9908,#9909,#9910));
#9907 = ORIENTED_EDGE('',*,*,#9665,.F.);
#9908 = ORIENTED_EDGE('',*,*,#9633,.T.);
#9909 = ORIENTED_EDGE('',*,*,#9894,.T.);
#9910 = ORIENTED_EDGE('',*,*,#9750,.F.);
#9911 = PLANE('',#9912);
#9912 = AXIS2_PLACEMENT_3D('',#9913,#9914,#9915);
#9913 = CARTESIAN_POINT('',(-0.7,-0.6,0.45));
#9914 = DIRECTION('',(0.,0.,1.));
#9915 = DIRECTION('',(1.,0.,-0.));
#9916 = ( GEOMETRIC_REPRESENTATION_CONTEXT(3) 
GLOBAL_UNCERTAINTY_ASSIGNED_CONTEXT((#9920)) 
GLOBAL_UNIT_ASSIGNED_CONTEXT((#9917,#9918,#9919)) REPRESENTATION_CONTEXT
('Context #1','3D Context with UNIT and UNCERTAINTY') );
#9917 = ( LENGTH_UNIT() NAMED_UNIT(*) SI_UNIT(.MILLI.,.METRE.) );
#9918 = ( NAMED_UNIT(*) PLANE_ANGLE_UNIT() SI_UNIT($,.RADIAN.) );
#9919 = ( NAMED_UNIT(*) SI_UNIT($,.STERADIAN.) SOLID_ANGLE_UNIT() );
#9920 = UNCERTAINTY_MEASURE_WITH_UNIT(LENGTH_MEASURE(1.E-07),#9917,
  'distance_accuracy_value','confusion accuracy');
#9921 = CONTEXT_DEPENDENT_SHAPE_REPRESENTATION(#9922,#9924);
#9922 = ( REPRESENTATION_RELATIONSHIP('','',#9125,#9102) 
REPRESENTATION_RELATIONSHIP_WITH_TRANSFORMATION(#9923) 
SHAPE_REPRESENTATION_RELATIONSHIP() );
#9923 = ITEM_DEFINED_TRANSFORMATION('','',#11,#9103);
#9924 = PRODUCT_DEFINITION_SHAPE('Placement','Placement of an item',
  #9925);
#9925 = NEXT_ASSEMBLY_USAGE_OCCURRENCE('30','=>[0:1:1:22]','',#9097,
  #9120,$);
#9926 = PRODUCT_RELATED_PRODUCT_CATEGORY('part',$,(#9122));
#9927 = SHAPE_DEFINITION_REPRESENTATION(#9928,#9934);
#9928 = PRODUCT_DEFINITION_SHAPE('','',#9929);
#9929 = PRODUCT_DEFINITION('design','',#9930,#9933);
#9930 = PRODUCT_DEFINITION_FORMATION('','',#9931);
#9931 = PRODUCT('kibot_50k_025h_PCB','kibot_50k_025h_PCB','',(#9932));
#9932 = PRODUCT_CONTEXT('',#2,'mechanical');
#9933 = PRODUCT_DEFINITION_CONTEXT('part definition',#2,'design');
#9934 = ADVANCED_BREP_SHAPE_REPRESENTATION('',(#11,#9935),#11291);
#9935 = MANIFOLD_SOLID_BREP('',#9936);
#9936 = CLOSED_SHELL('',(#9937,#9979,#10010,#10043,#10372,#10701,#10718,
    #10735,#10752,#10769,#10786,#10803,#10820,#10837,#10854,#10871,
    #10888,#10905,#10922,#10939,#10956,#10973,#10990,#11007,#11024,
    #11041,#11058,#11075,#11092,#11109,#11126,#11143,#11160,#11177,
    #11189,#11206,#11223,#11240,#11257,#11274));
#9937 = ADVANCED_FACE('',(#9938),#9974,.T.);
#9938 = FACE_BOUND('',#9939,.T.);
#9939 = EDGE_LOOP('',(#9940,#9950,#9959,#9967));
#9940 = ORIENTED_EDGE('',*,*,#9941,.T.);
#9941 = EDGE_CURVE('',#9942,#9944,#9946,.T.);
#9942 = VERTEX_POINT('',#9943);
#9943 = CARTESIAN_POINT('',(-7.511723,8.474939,0.));
#9944 = VERTEX_POINT('',#9945);
#9945 = CARTESIAN_POINT('',(-7.511723,8.474939,1.51));
#9946 = LINE('',#9947,#9948);
#9947 = CARTESIAN_POINT('',(-7.511723,8.474939,0.));
#9948 = VECTOR('',#9949,1.);
#9949 = DIRECTION('',(0.,0.,1.));
#9950 = ORIENTED_EDGE('',*,*,#9951,.T.);
#9951 = EDGE_CURVE('',#9944,#9952,#9954,.T.);
#9952 = VERTEX_POINT('',#9953);
#9953 = CARTESIAN_POINT('',(-7.314104,8.305708,1.51));
#9954 = CIRCLE('',#9955,0.199950926707);
#9955 = AXIS2_PLACEMENT_3D('',#9956,#9957,#9958);
#9956 = CARTESIAN_POINT('',(-7.51168097099,8.27498807771,1.51));
#9957 = DIRECTION('',(0.,0.,-1.));
#9958 = DIRECTION('',(-2.101966275099E-04,0.999999977909,0.));
#9959 = ORIENTED_EDGE('',*,*,#9960,.F.);
#9960 = EDGE_CURVE('',#9961,#9952,#9963,.T.);
#9961 = VERTEX_POINT('',#9962);
#9962 = CARTESIAN_POINT('',(-7.314104,8.305708,0.));
#9963 = LINE('',#9964,#9965);
#9964 = CARTESIAN_POINT('',(-7.314104,8.305708,0.));
#9965 = VECTOR('',#9966,1.);
#9966 = DIRECTION('',(0.,0.,1.));
#9967 = ORIENTED_EDGE('',*,*,#9968,.F.);
#9968 = EDGE_CURVE('',#9942,#9961,#9969,.T.);
#9969 = CIRCLE('',#9970,0.199950926707);
#9970 = AXIS2_PLACEMENT_3D('',#9971,#9972,#9973);
#9971 = CARTESIAN_POINT('',(-7.51168097099,8.27498807771,0.));
#9972 = DIRECTION('',(0.,0.,-1.));
#9973 = DIRECTION('',(-2.101966275099E-04,0.999999977909,0.));
#9974 = CYLINDRICAL_SURFACE('',#9975,0.199950926707);
#9975 = AXIS2_PLACEMENT_3D('',#9976,#9977,#9978);
#9976 = CARTESIAN_POINT('',(-7.51168097099,8.27498807771,0.));
#9977 = DIRECTION('',(0.,0.,-1.));
#9978 = DIRECTION('',(-2.101966275099E-04,0.999999977909,0.));
#9979 = ADVANCED_FACE('',(#9980),#10005,.T.);
#9980 = FACE_BOUND('',#9981,.T.);
#9981 = EDGE_LOOP('',(#9982,#9992,#9998,#9999));
#9982 = ORIENTED_EDGE('',*,*,#9983,.T.);
#9983 = EDGE_CURVE('',#9984,#9986,#9988,.T.);
#9984 = VERTEX_POINT('',#9985);
#9985 = CARTESIAN_POINT('',(-24.942676,8.474939,0.));
#9986 = VERTEX_POINT('',#9987);
#9987 = CARTESIAN_POINT('',(-24.942676,8.474939,1.51));
#9988 = LINE('',#9989,#9990);
#9989 = CARTESIAN_POINT('',(-24.942676,8.474939,0.));
#9990 = VECTOR('',#9991,1.);
#9991 = DIRECTION('',(0.,0.,1.));
#9992 = ORIENTED_EDGE('',*,*,#9993,.T.);
#9993 = EDGE_CURVE('',#9986,#9944,#9994,.T.);
#9994 = LINE('',#9995,#9996);
#9995 = CARTESIAN_POINT('',(-24.942676,8.474939,1.51));
#9996 = VECTOR('',#9997,1.);
#9997 = DIRECTION('',(1.,0.,0.));
#9998 = ORIENTED_EDGE('',*,*,#9941,.F.);
#9999 = ORIENTED_EDGE('',*,*,#10000,.F.);
#10000 = EDGE_CURVE('',#9984,#9942,#10001,.T.);
#10001 = LINE('',#10002,#10003);
#10002 = CARTESIAN_POINT('',(-24.942676,8.474939,0.));
#10003 = VECTOR('',#10004,1.);
#10004 = DIRECTION('',(1.,0.,0.));
#10005 = PLANE('',#10006);
#10006 = AXIS2_PLACEMENT_3D('',#10007,#10008,#10009);
#10007 = CARTESIAN_POINT('',(-24.942676,8.474939,0.));
#10008 = DIRECTION('',(0.,1.,0.));
#10009 = DIRECTION('',(1.,0.,0.));
#10010 = ADVANCED_FACE('',(#10011),#10038,.F.);
#10011 = FACE_BOUND('',#10012,.T.);
#10012 = EDGE_LOOP('',(#10013,#10014,#10023,#10031));
#10013 = ORIENTED_EDGE('',*,*,#9960,.T.);
#10014 = ORIENTED_EDGE('',*,*,#10015,.T.);
#10015 = EDGE_CURVE('',#9952,#10016,#10018,.T.);
#10016 = VERTEX_POINT('',#10017);
#10017 = CARTESIAN_POINT('',(-5.140295,8.305708,1.51));
#10018 = CIRCLE('',#10019,1.100000099391);
#10019 = AXIS2_PLACEMENT_3D('',#10020,#10021,#10022);
#10020 = CARTESIAN_POINT('',(-6.2271995,8.474938099391,1.51));
#10021 = DIRECTION('',(0.,0.,1.));
#10022 = DIRECTION('',(-0.98809491072,-0.153845531,0.));
#10023 = ORIENTED_EDGE('',*,*,#10024,.F.);
#10024 = EDGE_CURVE('',#10025,#10016,#10027,.T.);
#10025 = VERTEX_POINT('',#10026);
#10026 = CARTESIAN_POINT('',(-5.140295,8.305708,0.));
#10027 = LINE('',#10028,#10029);
#10028 = CARTESIAN_POINT('',(-5.140295,8.305708,0.));
#10029 = VECTOR('',#10030,1.);
#10030 = DIRECTION('',(0.,0.,1.));
#10031 = ORIENTED_EDGE('',*,*,#10032,.F.);
#10032 = EDGE_CURVE('',#9961,#10025,#10033,.T.);
#10033 = CIRCLE('',#10034,1.100000099391);
#10034 = AXIS2_PLACEMENT_3D('',#10035,#10036,#10037);
#10035 = CARTESIAN_POINT('',(-6.2271995,8.474938099391,0.));
#10036 = DIRECTION('',(0.,0.,1.));
#10037 = DIRECTION('',(-0.98809491072,-0.153845531,0.));
#10038 = CYLINDRICAL_SURFACE('',#10039,1.100000099391);
#10039 = AXIS2_PLACEMENT_3D('',#10040,#10041,#10042);
#10040 = CARTESIAN_POINT('',(-6.2271995,8.474938099391,0.));
#10041 = DIRECTION('',(-0.,-0.,-1.));
#10042 = DIRECTION('',(-0.98809491072,-0.153845531,0.));
#10043 = ADVANCED_FACE('',(#10044,#10301,#10312,#10323,#10334,#10345,
    #10356),#10367,.F.);
#10044 = FACE_BOUND('',#10045,.F.);
#10045 = EDGE_LOOP('',(#10046,#10047,#10048,#10057,#10066,#10075,#10083,
    #10092,#10101,#10110,#10118,#10127,#10136,#10145,#10153,#10162,
    #10171,#10180,#10188,#10197,#10206,#10215,#10223,#10232,#10241,
    #10250,#10258,#10267,#10276,#10285,#10293,#10300));
#10046 = ORIENTED_EDGE('',*,*,#9968,.F.);
#10047 = ORIENTED_EDGE('',*,*,#10000,.F.);
#10048 = ORIENTED_EDGE('',*,*,#10049,.F.);
#10049 = EDGE_CURVE('',#10050,#9984,#10052,.T.);
#10050 = VERTEX_POINT('',#10051);
#10051 = CARTESIAN_POINT('',(-25.140295,8.305708,0.));
#10052 = CIRCLE('',#10053,0.200027323011);
#10053 = AXIS2_PLACEMENT_3D('',#10054,#10055,#10056);
#10054 = CARTESIAN_POINT('',(-24.94265260443,8.274911678357,0.));
#10055 = DIRECTION('',(0.,0.,-1.));
#10056 = DIRECTION('',(-0.988076991627,0.15396057488,0.));
#10057 = ORIENTED_EDGE('',*,*,#10058,.F.);
#10058 = EDGE_CURVE('',#10059,#10050,#10061,.T.);
#10059 = VERTEX_POINT('',#10060);
#10060 = CARTESIAN_POINT('',(-26.057969,7.388035,0.));
#10061 = CIRCLE('',#10062,1.099998028863);
#10062 = AXIS2_PLACEMENT_3D('',#10063,#10064,#10065);
#10063 = CARTESIAN_POINT('',(-26.22719747329,8.474937657706,0.));
#10064 = DIRECTION('',(0.,0.,1.));
#10065 = DIRECTION('',(0.153844342312,-0.988095095797,0.));
#10066 = ORIENTED_EDGE('',*,*,#10067,.F.);
#10067 = EDGE_CURVE('',#10068,#10059,#10070,.T.);
#10068 = VERTEX_POINT('',#10069);
#10069 = CARTESIAN_POINT('',(-26.227199,7.190416,0.));
#10070 = CIRCLE('',#10071,0.199955697007);
#10071 = AXIS2_PLACEMENT_3D('',#10072,#10073,#10074);
#10072 = CARTESIAN_POINT('',(-26.02724330662,7.190454098767,0.));
#10073 = DIRECTION('',(0.,0.,-1.));
#10074 = DIRECTION('',(-0.999999981848,-1.905360438677E-04,-0.));
#10075 = ORIENTED_EDGE('',*,*,#10076,.F.);
#10076 = EDGE_CURVE('',#10077,#10068,#10079,.T.);
#10077 = VERTEX_POINT('',#10078);
#10078 = CARTESIAN_POINT('',(-26.227199,-10.240538,0.));
#10079 = LINE('',#10080,#10081);
#10080 = CARTESIAN_POINT('',(-26.227199,-10.240538,0.));
#10081 = VECTOR('',#10082,1.);
#10082 = DIRECTION('',(0.,1.,0.));
#10083 = ORIENTED_EDGE('',*,*,#10084,.F.);
#10084 = EDGE_CURVE('',#10085,#10077,#10087,.T.);
#10085 = VERTEX_POINT('',#10086);
#10086 = CARTESIAN_POINT('',(-26.057969,-10.438157,0.));
#10087 = CIRCLE('',#10088,0.200022842717);
#10088 = AXIS2_PLACEMENT_3D('',#10089,#10090,#10091);
#10089 = CARTESIAN_POINT('',(-26.02717615822,-10.24051859658,0.));
#10090 = DIRECTION('',(0.,0.,-1.));
#10091 = DIRECTION('',(-0.153946626084,-0.988079165005,-0.));
#10092 = ORIENTED_EDGE('',*,*,#10093,.F.);
#10093 = EDGE_CURVE('',#10094,#10085,#10096,.T.);
#10094 = VERTEX_POINT('',#10095);
#10095 = CARTESIAN_POINT('',(-25.140295,-11.35583,0.));
#10096 = CIRCLE('',#10097,1.100000994544);
#10097 = AXIS2_PLACEMENT_3D('',#10098,#10099,#10100);
#10098 = CARTESIAN_POINT('',(-26.22720007034,-11.52506225476,0.));
#10099 = DIRECTION('',(0.,0.,1.));
#10100 = DIRECTION('',(0.988094625131,0.15384736523,-0.));
#10101 = ORIENTED_EDGE('',*,*,#10102,.F.);
#10102 = EDGE_CURVE('',#10103,#10094,#10105,.T.);
#10103 = VERTEX_POINT('',#10104);
#10104 = CARTESIAN_POINT('',(-24.942676,-11.525061,0.));
#10105 = CIRCLE('',#10106,0.199950926707);
#10106 = AXIS2_PLACEMENT_3D('',#10107,#10108,#10109);
#10107 = CARTESIAN_POINT('',(-24.94271802901,-11.32511007771,0.));
#10108 = DIRECTION('',(0.,0.,-1.));
#10109 = DIRECTION('',(2.101966274966E-04,-0.999999977909,0.));
#10110 = ORIENTED_EDGE('',*,*,#10111,.F.);
#10111 = EDGE_CURVE('',#10112,#10103,#10114,.T.);
#10112 = VERTEX_POINT('',#10113);
#10113 = CARTESIAN_POINT('',(-7.511723,-11.525061,0.));
#10114 = LINE('',#10115,#10116);
#10115 = CARTESIAN_POINT('',(-7.511723,-11.525061,0.));
#10116 = VECTOR('',#10117,1.);
#10117 = DIRECTION('',(-1.,0.,0.));
#10118 = ORIENTED_EDGE('',*,*,#10119,.F.);
#10119 = EDGE_CURVE('',#10120,#10112,#10122,.T.);
#10120 = VERTEX_POINT('',#10121);
#10121 = CARTESIAN_POINT('',(-7.314104,-11.35583,0.));
#10122 = CIRCLE('',#10123,0.200022522504);
#10123 = AXIS2_PLACEMENT_3D('',#10124,#10125,#10126);
#10124 = CARTESIAN_POINT('',(-7.511742285026,-11.32503847842,0.));
#10125 = DIRECTION('',(0.,0.,-1.));
#10126 = DIRECTION('',(0.988080154934,-0.153940272269,0.));
#10127 = ORIENTED_EDGE('',*,*,#10128,.F.);
#10128 = EDGE_CURVE('',#10129,#10120,#10131,.T.);
#10129 = VERTEX_POINT('',#10130);
#10130 = CARTESIAN_POINT('',(-5.140295,-11.35583,0.));
#10131 = CIRCLE('',#10132,1.100000099391);
#10132 = AXIS2_PLACEMENT_3D('',#10133,#10134,#10135);
#10133 = CARTESIAN_POINT('',(-6.2271995,-11.52506009939,0.));
#10134 = DIRECTION('',(0.,0.,1.));
#10135 = DIRECTION('',(0.98809491072,0.153845531,-0.));
#10136 = ORIENTED_EDGE('',*,*,#10137,.F.);
#10137 = EDGE_CURVE('',#10138,#10129,#10140,.T.);
#10138 = VERTEX_POINT('',#10139);
#10139 = CARTESIAN_POINT('',(-4.942676,-11.525061,0.));
#10140 = CIRCLE('',#10141,0.199950926707);
#10141 = AXIS2_PLACEMENT_3D('',#10142,#10143,#10144);
#10142 = CARTESIAN_POINT('',(-4.94271802901,-11.32511007771,0.));
#10143 = DIRECTION('',(0.,0.,-1.));
#10144 = DIRECTION('',(2.101966274788E-04,-0.999999977909,0.));
#10145 = ORIENTED_EDGE('',*,*,#10146,.F.);
#10146 = EDGE_CURVE('',#10147,#10138,#10149,.T.);
#10147 = VERTEX_POINT('',#10148);
#10148 = CARTESIAN_POINT('',(12.488277,-11.525061,0.));
#10149 = LINE('',#10150,#10151);
#10150 = CARTESIAN_POINT('',(12.488277,-11.525061,0.));
#10151 = VECTOR('',#10152,1.);
#10152 = DIRECTION('',(-1.,0.,0.));
#10153 = ORIENTED_EDGE('',*,*,#10154,.F.);
#10154 = EDGE_CURVE('',#10155,#10147,#10157,.T.);
#10155 = VERTEX_POINT('',#10156);
#10156 = CARTESIAN_POINT('',(12.685896,-11.35583,0.));
#10157 = CIRCLE('',#10158,0.199917354245);
#10158 = AXIS2_PLACEMENT_3D('',#10159,#10160,#10161);
#10159 = CARTESIAN_POINT('',(12.488347785732,-11.32514365828,0.));
#10160 = DIRECTION('',(0.,0.,-1.));
#10161 = DIRECTION('',(0.988149403109,-0.153495137175,0.));
#10162 = ORIENTED_EDGE('',*,*,#10163,.F.);
#10163 = EDGE_CURVE('',#10164,#10155,#10166,.T.);
#10164 = VERTEX_POINT('',#10165);
#10165 = CARTESIAN_POINT('',(14.859705,-11.35583,0.));
#10166 = CIRCLE('',#10167,1.099999917574);
#10167 = AXIS2_PLACEMENT_3D('',#10168,#10169,#10170);
#10168 = CARTESIAN_POINT('',(13.7728005,-11.52505891757,0.));
#10169 = DIRECTION('',(0.,0.,1.));
#10170 = DIRECTION('',(0.98809507404,0.15384448205,-0.));
#10171 = ORIENTED_EDGE('',*,*,#10172,.F.);
#10172 = EDGE_CURVE('',#10173,#10164,#10175,.T.);
#10173 = VERTEX_POINT('',#10174);
#10174 = CARTESIAN_POINT('',(15.057324,-11.525061,0.));
#10175 = CIRCLE('',#10176,0.200027640236);
#10176 = AXIS2_PLACEMENT_3D('',#10177,#10178,#10179);
#10177 = CARTESIAN_POINT('',(15.057347667192,-11.32503336116,0.));
#10178 = DIRECTION('',(0.,0.,-1.));
#10179 = DIRECTION('',(-1.183196082769E-04,-0.999999993,-0.));
#10180 = ORIENTED_EDGE('',*,*,#10181,.F.);
#10181 = EDGE_CURVE('',#10182,#10173,#10184,.T.);
#10182 = VERTEX_POINT('',#10183);
#10183 = CARTESIAN_POINT('',(32.488277,-11.525061,0.));
#10184 = LINE('',#10185,#10186);
#10185 = CARTESIAN_POINT('',(32.488277,-11.525061,0.));
#10186 = VECTOR('',#10187,1.);
#10187 = DIRECTION('',(-1.,0.,0.));
#10188 = ORIENTED_EDGE('',*,*,#10189,.F.);
#10189 = EDGE_CURVE('',#10190,#10182,#10192,.T.);
#10190 = VERTEX_POINT('',#10191);
#10191 = CARTESIAN_POINT('',(32.685896,-11.35583,0.));
#10192 = CIRCLE('',#10193,0.199917354245);
#10193 = AXIS2_PLACEMENT_3D('',#10194,#10195,#10196);
#10194 = CARTESIAN_POINT('',(32.488347785732,-11.32514365828,0.));
#10195 = DIRECTION('',(0.,0.,-1.));
#10196 = DIRECTION('',(0.988149403109,-0.153495137175,0.));
#10197 = ORIENTED_EDGE('',*,*,#10198,.F.);
#10198 = EDGE_CURVE('',#10199,#10190,#10201,.T.);
#10199 = VERTEX_POINT('',#10200);
#10200 = CARTESIAN_POINT('',(33.60357,-10.438157,0.));
#10201 = CIRCLE('',#10202,1.100000994544);
#10202 = AXIS2_PLACEMENT_3D('',#10203,#10204,#10205);
#10203 = CARTESIAN_POINT('',(33.772801070347,-11.52506225476,0.));
#10204 = DIRECTION('',(0.,0.,1.));
#10205 = DIRECTION('',(-0.153846288491,0.988094792779,0.));
#10206 = ORIENTED_EDGE('',*,*,#10207,.F.);
#10207 = EDGE_CURVE('',#10208,#10199,#10210,.T.);
#10208 = VERTEX_POINT('',#10209);
#10209 = CARTESIAN_POINT('',(33.772801,-10.240538,0.));
#10210 = CIRCLE('',#10211,0.199948873509);
#10211 = AXIS2_PLACEMENT_3D('',#10212,#10213,#10214);
#10212 = CARTESIAN_POINT('',(33.572852131285,-10.24058178758,0.));
#10213 = DIRECTION('',(0.,0.,-1.));
#10214 = DIRECTION('',(0.999999976021,2.18993927506E-04,0.));
#10215 = ORIENTED_EDGE('',*,*,#10216,.F.);
#10216 = EDGE_CURVE('',#10217,#10208,#10219,.T.);
#10217 = VERTEX_POINT('',#10218);
#10218 = CARTESIAN_POINT('',(33.772801,7.190416,0.));
#10219 = LINE('',#10220,#10221);
#10220 = CARTESIAN_POINT('',(33.772801,7.190416,0.));
#10221 = VECTOR('',#10222,1.);
#10222 = DIRECTION('',(0.,-1.,0.));
#10223 = ORIENTED_EDGE('',*,*,#10224,.F.);
#10224 = EDGE_CURVE('',#10225,#10217,#10227,.T.);
#10225 = VERTEX_POINT('',#10226);
#10226 = CARTESIAN_POINT('',(33.60357,7.388035,0.));
#10227 = CIRCLE('',#10228,0.20011169577);
#10228 = AXIS2_PLACEMENT_3D('',#10229,#10230,#10231);
#10229 = CARTESIAN_POINT('',(33.57268932708,7.190320370233,0.));
#10230 = DIRECTION('',(0.,0.,-1.));
#10231 = DIRECTION('',(0.154317181717,0.988021359803,0.));
#10232 = ORIENTED_EDGE('',*,*,#10233,.F.);
#10233 = EDGE_CURVE('',#10234,#10225,#10236,.T.);
#10234 = VERTEX_POINT('',#10235);
#10235 = CARTESIAN_POINT('',(32.685896,8.305708,0.));
#10236 = CIRCLE('',#10237,1.100000994544);
#10237 = AXIS2_PLACEMENT_3D('',#10238,#10239,#10240);
#10238 = CARTESIAN_POINT('',(33.772801070347,8.474940254761,0.));
#10239 = DIRECTION('',(0.,0.,1.));
#10240 = DIRECTION('',(-0.988094625131,-0.15384736523,0.));
#10241 = ORIENTED_EDGE('',*,*,#10242,.F.);
#10242 = EDGE_CURVE('',#10243,#10234,#10245,.T.);
#10243 = VERTEX_POINT('',#10244);
#10244 = CARTESIAN_POINT('',(32.488277,8.474939,0.));
#10245 = CIRCLE('',#10246,0.199950926707);
#10246 = AXIS2_PLACEMENT_3D('',#10247,#10248,#10249);
#10247 = CARTESIAN_POINT('',(32.48831902901,8.27498807771,0.));
#10248 = DIRECTION('',(0.,0.,-1.));
#10249 = DIRECTION('',(-2.101966274966E-04,0.999999977909,0.));
#10250 = ORIENTED_EDGE('',*,*,#10251,.F.);
#10251 = EDGE_CURVE('',#10252,#10243,#10254,.T.);
#10252 = VERTEX_POINT('',#10253);
#10253 = CARTESIAN_POINT('',(15.057324,8.474939,0.));
#10254 = LINE('',#10255,#10256);
#10255 = CARTESIAN_POINT('',(15.057324,8.474939,0.));
#10256 = VECTOR('',#10257,1.);
#10257 = DIRECTION('',(1.,0.,0.));
#10258 = ORIENTED_EDGE('',*,*,#10259,.F.);
#10259 = EDGE_CURVE('',#10260,#10252,#10262,.T.);
#10260 = VERTEX_POINT('',#10261);
#10261 = CARTESIAN_POINT('',(14.859705,8.305708,0.));
#10262 = CIRCLE('',#10263,0.200027323011);
#10263 = AXIS2_PLACEMENT_3D('',#10264,#10265,#10266);
#10264 = CARTESIAN_POINT('',(15.057347395564,8.274911678357,0.));
#10265 = DIRECTION('',(0.,0.,-1.));
#10266 = DIRECTION('',(-0.988076991627,0.15396057488,0.));
#10267 = ORIENTED_EDGE('',*,*,#10268,.F.);
#10268 = EDGE_CURVE('',#10269,#10260,#10271,.T.);
#10269 = VERTEX_POINT('',#10270);
#10270 = CARTESIAN_POINT('',(12.685896,8.305708,0.));
#10271 = CIRCLE('',#10272,1.100000281209);
#10272 = AXIS2_PLACEMENT_3D('',#10273,#10274,#10275);
#10273 = CARTESIAN_POINT('',(13.7728005,8.474939281209,0.));
#10274 = DIRECTION('',(0.,0.,1.));
#10275 = DIRECTION('',(-0.988094747399,-0.153846579951,0.));
#10276 = ORIENTED_EDGE('',*,*,#10277,.F.);
#10277 = EDGE_CURVE('',#10278,#10269,#10280,.T.);
#10278 = VERTEX_POINT('',#10279);
#10279 = CARTESIAN_POINT('',(12.488277,8.474939,0.));
#10280 = CIRCLE('',#10281,0.199950926707);
#10281 = AXIS2_PLACEMENT_3D('',#10282,#10283,#10284);
#10282 = CARTESIAN_POINT('',(12.48831902901,8.27498807771,0.));
#10283 = DIRECTION('',(0.,0.,-1.));
#10284 = DIRECTION('',(-2.101966275055E-04,0.999999977909,0.));
#10285 = ORIENTED_EDGE('',*,*,#10286,.F.);
#10286 = EDGE_CURVE('',#10287,#10278,#10289,.T.);
#10287 = VERTEX_POINT('',#10288);
#10288 = CARTESIAN_POINT('',(-4.942676,8.474939,0.));
#10289 = LINE('',#10290,#10291);
#10290 = CARTESIAN_POINT('',(-4.942676,8.474939,0.));
#10291 = VECTOR('',#10292,1.);
#10292 = DIRECTION('',(1.,0.,0.));
#10293 = ORIENTED_EDGE('',*,*,#10294,.F.);
#10294 = EDGE_CURVE('',#10025,#10287,#10295,.T.);
#10295 = CIRCLE('',#10296,0.200027323011);
#10296 = AXIS2_PLACEMENT_3D('',#10297,#10298,#10299);
#10297 = CARTESIAN_POINT('',(-4.942652604436,8.274911678357,0.));
#10298 = DIRECTION('',(0.,0.,-1.));
#10299 = DIRECTION('',(-0.988076991627,0.15396057488,0.));
#10300 = ORIENTED_EDGE('',*,*,#10032,.F.);
#10301 = FACE_BOUND('',#10302,.F.);
#10302 = EDGE_LOOP('',(#10303));
#10303 = ORIENTED_EDGE('',*,*,#10304,.T.);
#10304 = EDGE_CURVE('',#10305,#10305,#10307,.T.);
#10305 = VERTEX_POINT('',#10306);
#10306 = CARTESIAN_POINT('',(-23.53,-5.750061,0.));
#10307 = CIRCLE('',#10308,0.475);
#10308 = AXIS2_PLACEMENT_3D('',#10309,#10310,#10311);
#10309 = CARTESIAN_POINT('',(-23.53,-5.275061,0.));
#10310 = DIRECTION('',(-0.,0.,-1.));
#10311 = DIRECTION('',(-0.,-1.,0.));
#10312 = FACE_BOUND('',#10313,.F.);
#10313 = EDGE_LOOP('',(#10314));
#10314 = ORIENTED_EDGE('',*,*,#10315,.T.);
#10315 = EDGE_CURVE('',#10316,#10316,#10318,.T.);
#10316 = VERTEX_POINT('',#10317);
#10317 = CARTESIAN_POINT('',(-23.53,-3.250061,0.));
#10318 = CIRCLE('',#10319,0.475);
#10319 = AXIS2_PLACEMENT_3D('',#10320,#10321,#10322);
#10320 = CARTESIAN_POINT('',(-23.53,-2.775061,0.));
#10321 = DIRECTION('',(-0.,0.,-1.));
#10322 = DIRECTION('',(-0.,-1.,0.));
#10323 = FACE_BOUND('',#10324,.F.);
#10324 = EDGE_LOOP('',(#10325));
#10325 = ORIENTED_EDGE('',*,*,#10326,.T.);
#10326 = EDGE_CURVE('',#10327,#10327,#10329,.T.);
#10327 = VERTEX_POINT('',#10328);
#10328 = CARTESIAN_POINT('',(30.985,-3.275061,0.));
#10329 = CIRCLE('',#10330,0.5);
#10330 = AXIS2_PLACEMENT_3D('',#10331,#10332,#10333);
#10331 = CARTESIAN_POINT('',(30.985,-2.775061,0.));
#10332 = DIRECTION('',(-0.,0.,-1.));
#10333 = DIRECTION('',(-0.,-1.,0.));
#10334 = FACE_BOUND('',#10335,.F.);
#10335 = EDGE_LOOP('',(#10336));
#10336 = ORIENTED_EDGE('',*,*,#10337,.T.);
#10337 = EDGE_CURVE('',#10338,#10338,#10340,.T.);
#10338 = VERTEX_POINT('',#10339);
#10339 = CARTESIAN_POINT('',(-23.53,-0.750061,0.));
#10340 = CIRCLE('',#10341,0.475);
#10341 = AXIS2_PLACEMENT_3D('',#10342,#10343,#10344);
#10342 = CARTESIAN_POINT('',(-23.53,-0.275061,0.));
#10343 = DIRECTION('',(-0.,0.,-1.));
#10344 = DIRECTION('',(-0.,-1.,0.));
#10345 = FACE_BOUND('',#10346,.F.);
#10346 = EDGE_LOOP('',(#10347));
#10347 = ORIENTED_EDGE('',*,*,#10348,.T.);
#10348 = EDGE_CURVE('',#10349,#10349,#10351,.T.);
#10349 = VERTEX_POINT('',#10350);
#10350 = CARTESIAN_POINT('',(-23.53,1.749939,0.));
#10351 = CIRCLE('',#10352,0.475);
#10352 = AXIS2_PLACEMENT_3D('',#10353,#10354,#10355);
#10353 = CARTESIAN_POINT('',(-23.53,2.224939,0.));
#10354 = DIRECTION('',(-0.,0.,-1.));
#10355 = DIRECTION('',(-0.,-1.,0.));
#10356 = FACE_BOUND('',#10357,.F.);
#10357 = EDGE_LOOP('',(#10358));
#10358 = ORIENTED_EDGE('',*,*,#10359,.T.);
#10359 = EDGE_CURVE('',#10360,#10360,#10362,.T.);
#10360 = VERTEX_POINT('',#10361);
#10361 = CARTESIAN_POINT('',(30.985,-0.775061,0.));
#10362 = CIRCLE('',#10363,0.5);
#10363 = AXIS2_PLACEMENT_3D('',#10364,#10365,#10366);
#10364 = CARTESIAN_POINT('',(30.985,-0.275061,0.));
#10365 = DIRECTION('',(-0.,0.,-1.));
#10366 = DIRECTION('',(-0.,-1.,0.));
#10367 = PLANE('',#10368);
#10368 = AXIS2_PLACEMENT_3D('',#10369,#10370,#10371);
#10369 = CARTESIAN_POINT('',(0.,0.,0.));
#10370 = DIRECTION('',(0.,0.,1.));
#10371 = DIRECTION('',(1.,0.,-0.));
#10372 = ADVANCED_FACE('',(#10373,#10630,#10641,#10652,#10663,#10674,
    #10685),#10696,.T.);
#10373 = FACE_BOUND('',#10374,.T.);
#10374 = EDGE_LOOP('',(#10375,#10376,#10377,#10386,#10395,#10404,#10412,
    #10421,#10430,#10439,#10447,#10456,#10465,#10474,#10482,#10491,
    #10500,#10509,#10517,#10526,#10535,#10544,#10552,#10561,#10570,
    #10579,#10587,#10596,#10605,#10614,#10622,#10629));
#10375 = ORIENTED_EDGE('',*,*,#9951,.F.);
#10376 = ORIENTED_EDGE('',*,*,#9993,.F.);
#10377 = ORIENTED_EDGE('',*,*,#10378,.F.);
#10378 = EDGE_CURVE('',#10379,#9986,#10381,.T.);
#10379 = VERTEX_POINT('',#10380);
#10380 = CARTESIAN_POINT('',(-25.140295,8.305708,1.51));
#10381 = CIRCLE('',#10382,0.200027323011);
#10382 = AXIS2_PLACEMENT_3D('',#10383,#10384,#10385);
#10383 = CARTESIAN_POINT('',(-24.94265260443,8.274911678357,1.51));
#10384 = DIRECTION('',(0.,0.,-1.));
#10385 = DIRECTION('',(-0.988076991627,0.15396057488,0.));
#10386 = ORIENTED_EDGE('',*,*,#10387,.F.);
#10387 = EDGE_CURVE('',#10388,#10379,#10390,.T.);
#10388 = VERTEX_POINT('',#10389);
#10389 = CARTESIAN_POINT('',(-26.057969,7.388035,1.51));
#10390 = CIRCLE('',#10391,1.099998028863);
#10391 = AXIS2_PLACEMENT_3D('',#10392,#10393,#10394);
#10392 = CARTESIAN_POINT('',(-26.22719747329,8.474937657706,1.51));
#10393 = DIRECTION('',(0.,0.,1.));
#10394 = DIRECTION('',(0.153844342312,-0.988095095797,0.));
#10395 = ORIENTED_EDGE('',*,*,#10396,.F.);
#10396 = EDGE_CURVE('',#10397,#10388,#10399,.T.);
#10397 = VERTEX_POINT('',#10398);
#10398 = CARTESIAN_POINT('',(-26.227199,7.190416,1.51));
#10399 = CIRCLE('',#10400,0.199955697007);
#10400 = AXIS2_PLACEMENT_3D('',#10401,#10402,#10403);
#10401 = CARTESIAN_POINT('',(-26.02724330662,7.190454098767,1.51));
#10402 = DIRECTION('',(0.,0.,-1.));
#10403 = DIRECTION('',(-0.999999981848,-1.905360438677E-04,-0.));
#10404 = ORIENTED_EDGE('',*,*,#10405,.F.);
#10405 = EDGE_CURVE('',#10406,#10397,#10408,.T.);
#10406 = VERTEX_POINT('',#10407);
#10407 = CARTESIAN_POINT('',(-26.227199,-10.240538,1.51));
#10408 = LINE('',#10409,#10410);
#10409 = CARTESIAN_POINT('',(-26.227199,-10.240538,1.51));
#10410 = VECTOR('',#10411,1.);
#10411 = DIRECTION('',(0.,1.,0.));
#10412 = ORIENTED_EDGE('',*,*,#10413,.F.);
#10413 = EDGE_CURVE('',#10414,#10406,#10416,.T.);
#10414 = VERTEX_POINT('',#10415);
#10415 = CARTESIAN_POINT('',(-26.057969,-10.438157,1.51));
#10416 = CIRCLE('',#10417,0.200022842717);
#10417 = AXIS2_PLACEMENT_3D('',#10418,#10419,#10420);
#10418 = CARTESIAN_POINT('',(-26.02717615822,-10.24051859658,1.51));
#10419 = DIRECTION('',(0.,0.,-1.));
#10420 = DIRECTION('',(-0.153946626084,-0.988079165005,-0.));
#10421 = ORIENTED_EDGE('',*,*,#10422,.F.);
#10422 = EDGE_CURVE('',#10423,#10414,#10425,.T.);
#10423 = VERTEX_POINT('',#10424);
#10424 = CARTESIAN_POINT('',(-25.140295,-11.35583,1.51));
#10425 = CIRCLE('',#10426,1.100000994544);
#10426 = AXIS2_PLACEMENT_3D('',#10427,#10428,#10429);
#10427 = CARTESIAN_POINT('',(-26.22720007034,-11.52506225476,1.51));
#10428 = DIRECTION('',(0.,0.,1.));
#10429 = DIRECTION('',(0.988094625131,0.15384736523,-0.));
#10430 = ORIENTED_EDGE('',*,*,#10431,.F.);
#10431 = EDGE_CURVE('',#10432,#10423,#10434,.T.);
#10432 = VERTEX_POINT('',#10433);
#10433 = CARTESIAN_POINT('',(-24.942676,-11.525061,1.51));
#10434 = CIRCLE('',#10435,0.199950926707);
#10435 = AXIS2_PLACEMENT_3D('',#10436,#10437,#10438);
#10436 = CARTESIAN_POINT('',(-24.94271802901,-11.32511007771,1.51));
#10437 = DIRECTION('',(0.,0.,-1.));
#10438 = DIRECTION('',(2.101966274966E-04,-0.999999977909,0.));
#10439 = ORIENTED_EDGE('',*,*,#10440,.F.);
#10440 = EDGE_CURVE('',#10441,#10432,#10443,.T.);
#10441 = VERTEX_POINT('',#10442);
#10442 = CARTESIAN_POINT('',(-7.511723,-11.525061,1.51));
#10443 = LINE('',#10444,#10445);
#10444 = CARTESIAN_POINT('',(-7.511723,-11.525061,1.51));
#10445 = VECTOR('',#10446,1.);
#10446 = DIRECTION('',(-1.,0.,0.));
#10447 = ORIENTED_EDGE('',*,*,#10448,.F.);
#10448 = EDGE_CURVE('',#10449,#10441,#10451,.T.);
#10449 = VERTEX_POINT('',#10450);
#10450 = CARTESIAN_POINT('',(-7.314104,-11.35583,1.51));
#10451 = CIRCLE('',#10452,0.200022522504);
#10452 = AXIS2_PLACEMENT_3D('',#10453,#10454,#10455);
#10453 = CARTESIAN_POINT('',(-7.511742285026,-11.32503847842,1.51));
#10454 = DIRECTION('',(0.,0.,-1.));
#10455 = DIRECTION('',(0.988080154934,-0.153940272269,0.));
#10456 = ORIENTED_EDGE('',*,*,#10457,.F.);
#10457 = EDGE_CURVE('',#10458,#10449,#10460,.T.);
#10458 = VERTEX_POINT('',#10459);
#10459 = CARTESIAN_POINT('',(-5.140295,-11.35583,1.51));
#10460 = CIRCLE('',#10461,1.100000099391);
#10461 = AXIS2_PLACEMENT_3D('',#10462,#10463,#10464);
#10462 = CARTESIAN_POINT('',(-6.2271995,-11.52506009939,1.51));
#10463 = DIRECTION('',(0.,0.,1.));
#10464 = DIRECTION('',(0.98809491072,0.153845531,-0.));
#10465 = ORIENTED_EDGE('',*,*,#10466,.F.);
#10466 = EDGE_CURVE('',#10467,#10458,#10469,.T.);
#10467 = VERTEX_POINT('',#10468);
#10468 = CARTESIAN_POINT('',(-4.942676,-11.525061,1.51));
#10469 = CIRCLE('',#10470,0.199950926707);
#10470 = AXIS2_PLACEMENT_3D('',#10471,#10472,#10473);
#10471 = CARTESIAN_POINT('',(-4.94271802901,-11.32511007771,1.51));
#10472 = DIRECTION('',(0.,0.,-1.));
#10473 = DIRECTION('',(2.101966274788E-04,-0.999999977909,0.));
#10474 = ORIENTED_EDGE('',*,*,#10475,.F.);
#10475 = EDGE_CURVE('',#10476,#10467,#10478,.T.);
#10476 = VERTEX_POINT('',#10477);
#10477 = CARTESIAN_POINT('',(12.488277,-11.525061,1.51));
#10478 = LINE('',#10479,#10480);
#10479 = CARTESIAN_POINT('',(12.488277,-11.525061,1.51));
#10480 = VECTOR('',#10481,1.);
#10481 = DIRECTION('',(-1.,0.,0.));
#10482 = ORIENTED_EDGE('',*,*,#10483,.F.);
#10483 = EDGE_CURVE('',#10484,#10476,#10486,.T.);
#10484 = VERTEX_POINT('',#10485);
#10485 = CARTESIAN_POINT('',(12.685896,-11.35583,1.51));
#10486 = CIRCLE('',#10487,0.199917354245);
#10487 = AXIS2_PLACEMENT_3D('',#10488,#10489,#10490);
#10488 = CARTESIAN_POINT('',(12.488347785732,-11.32514365828,1.51));
#10489 = DIRECTION('',(0.,0.,-1.));
#10490 = DIRECTION('',(0.988149403109,-0.153495137175,0.));
#10491 = ORIENTED_EDGE('',*,*,#10492,.F.);
#10492 = EDGE_CURVE('',#10493,#10484,#10495,.T.);
#10493 = VERTEX_POINT('',#10494);
#10494 = CARTESIAN_POINT('',(14.859705,-11.35583,1.51));
#10495 = CIRCLE('',#10496,1.099999917574);
#10496 = AXIS2_PLACEMENT_3D('',#10497,#10498,#10499);
#10497 = CARTESIAN_POINT('',(13.7728005,-11.52505891757,1.51));
#10498 = DIRECTION('',(0.,0.,1.));
#10499 = DIRECTION('',(0.98809507404,0.15384448205,-0.));
#10500 = ORIENTED_EDGE('',*,*,#10501,.F.);
#10501 = EDGE_CURVE('',#10502,#10493,#10504,.T.);
#10502 = VERTEX_POINT('',#10503);
#10503 = CARTESIAN_POINT('',(15.057324,-11.525061,1.51));
#10504 = CIRCLE('',#10505,0.200027640236);
#10505 = AXIS2_PLACEMENT_3D('',#10506,#10507,#10508);
#10506 = CARTESIAN_POINT('',(15.057347667192,-11.32503336116,1.51));
#10507 = DIRECTION('',(0.,0.,-1.));
#10508 = DIRECTION('',(-1.183196082769E-04,-0.999999993,-0.));
#10509 = ORIENTED_EDGE('',*,*,#10510,.F.);
#10510 = EDGE_CURVE('',#10511,#10502,#10513,.T.);
#10511 = VERTEX_POINT('',#10512);
#10512 = CARTESIAN_POINT('',(32.488277,-11.525061,1.51));
#10513 = LINE('',#10514,#10515);
#10514 = CARTESIAN_POINT('',(32.488277,-11.525061,1.51));
#10515 = VECTOR('',#10516,1.);
#10516 = DIRECTION('',(-1.,0.,0.));
#10517 = ORIENTED_EDGE('',*,*,#10518,.F.);
#10518 = EDGE_CURVE('',#10519,#10511,#10521,.T.);
#10519 = VERTEX_POINT('',#10520);
#10520 = CARTESIAN_POINT('',(32.685896,-11.35583,1.51));
#10521 = CIRCLE('',#10522,0.199917354245);
#10522 = AXIS2_PLACEMENT_3D('',#10523,#10524,#10525);
#10523 = CARTESIAN_POINT('',(32.488347785732,-11.32514365828,1.51));
#10524 = DIRECTION('',(0.,0.,-1.));
#10525 = DIRECTION('',(0.988149403109,-0.153495137175,0.));
#10526 = ORIENTED_EDGE('',*,*,#10527,.F.);
#10527 = EDGE_CURVE('',#10528,#10519,#10530,.T.);
#10528 = VERTEX_POINT('',#10529);
#10529 = CARTESIAN_POINT('',(33.60357,-10.438157,1.51));
#10530 = CIRCLE('',#10531,1.100000994544);
#10531 = AXIS2_PLACEMENT_3D('',#10532,#10533,#10534);
#10532 = CARTESIAN_POINT('',(33.772801070347,-11.52506225476,1.51));
#10533 = DIRECTION('',(0.,0.,1.));
#10534 = DIRECTION('',(-0.153846288491,0.988094792779,0.));
#10535 = ORIENTED_EDGE('',*,*,#10536,.F.);
#10536 = EDGE_CURVE('',#10537,#10528,#10539,.T.);
#10537 = VERTEX_POINT('',#10538);
#10538 = CARTESIAN_POINT('',(33.772801,-10.240538,1.51));
#10539 = CIRCLE('',#10540,0.199948873509);
#10540 = AXIS2_PLACEMENT_3D('',#10541,#10542,#10543);
#10541 = CARTESIAN_POINT('',(33.572852131285,-10.24058178758,1.51));
#10542 = DIRECTION('',(0.,0.,-1.));
#10543 = DIRECTION('',(0.999999976021,2.18993927506E-04,0.));
#10544 = ORIENTED_EDGE('',*,*,#10545,.F.);
#10545 = EDGE_CURVE('',#10546,#10537,#10548,.T.);
#10546 = VERTEX_POINT('',#10547);
#10547 = CARTESIAN_POINT('',(33.772801,7.190416,1.51));
#10548 = LINE('',#10549,#10550);
#10549 = CARTESIAN_POINT('',(33.772801,7.190416,1.51));
#10550 = VECTOR('',#10551,1.);
#10551 = DIRECTION('',(0.,-1.,0.));
#10552 = ORIENTED_EDGE('',*,*,#10553,.F.);
#10553 = EDGE_CURVE('',#10554,#10546,#10556,.T.);
#10554 = VERTEX_POINT('',#10555);
#10555 = CARTESIAN_POINT('',(33.60357,7.388035,1.51));
#10556 = CIRCLE('',#10557,0.20011169577);
#10557 = AXIS2_PLACEMENT_3D('',#10558,#10559,#10560);
#10558 = CARTESIAN_POINT('',(33.57268932708,7.190320370233,1.51));
#10559 = DIRECTION('',(0.,0.,-1.));
#10560 = DIRECTION('',(0.154317181717,0.988021359803,0.));
#10561 = ORIENTED_EDGE('',*,*,#10562,.F.);
#10562 = EDGE_CURVE('',#10563,#10554,#10565,.T.);
#10563 = VERTEX_POINT('',#10564);
#10564 = CARTESIAN_POINT('',(32.685896,8.305708,1.51));
#10565 = CIRCLE('',#10566,1.100000994544);
#10566 = AXIS2_PLACEMENT_3D('',#10567,#10568,#10569);
#10567 = CARTESIAN_POINT('',(33.772801070347,8.474940254761,1.51));
#10568 = DIRECTION('',(0.,0.,1.));
#10569 = DIRECTION('',(-0.988094625131,-0.15384736523,0.));
#10570 = ORIENTED_EDGE('',*,*,#10571,.F.);
#10571 = EDGE_CURVE('',#10572,#10563,#10574,.T.);
#10572 = VERTEX_POINT('',#10573);
#10573 = CARTESIAN_POINT('',(32.488277,8.474939,1.51));
#10574 = CIRCLE('',#10575,0.199950926707);
#10575 = AXIS2_PLACEMENT_3D('',#10576,#10577,#10578);
#10576 = CARTESIAN_POINT('',(32.48831902901,8.27498807771,1.51));
#10577 = DIRECTION('',(0.,0.,-1.));
#10578 = DIRECTION('',(-2.101966274966E-04,0.999999977909,0.));
#10579 = ORIENTED_EDGE('',*,*,#10580,.F.);
#10580 = EDGE_CURVE('',#10581,#10572,#10583,.T.);
#10581 = VERTEX_POINT('',#10582);
#10582 = CARTESIAN_POINT('',(15.057324,8.474939,1.51));
#10583 = LINE('',#10584,#10585);
#10584 = CARTESIAN_POINT('',(15.057324,8.474939,1.51));
#10585 = VECTOR('',#10586,1.);
#10586 = DIRECTION('',(1.,0.,0.));
#10587 = ORIENTED_EDGE('',*,*,#10588,.F.);
#10588 = EDGE_CURVE('',#10589,#10581,#10591,.T.);
#10589 = VERTEX_POINT('',#10590);
#10590 = CARTESIAN_POINT('',(14.859705,8.305708,1.51));
#10591 = CIRCLE('',#10592,0.200027323011);
#10592 = AXIS2_PLACEMENT_3D('',#10593,#10594,#10595);
#10593 = CARTESIAN_POINT('',(15.057347395564,8.274911678357,1.51));
#10594 = DIRECTION('',(0.,0.,-1.));
#10595 = DIRECTION('',(-0.988076991627,0.15396057488,0.));
#10596 = ORIENTED_EDGE('',*,*,#10597,.F.);
#10597 = EDGE_CURVE('',#10598,#10589,#10600,.T.);
#10598 = VERTEX_POINT('',#10599);
#10599 = CARTESIAN_POINT('',(12.685896,8.305708,1.51));
#10600 = CIRCLE('',#10601,1.100000281209);
#10601 = AXIS2_PLACEMENT_3D('',#10602,#10603,#10604);
#10602 = CARTESIAN_POINT('',(13.7728005,8.474939281209,1.51));
#10603 = DIRECTION('',(0.,0.,1.));
#10604 = DIRECTION('',(-0.988094747399,-0.153846579951,0.));
#10605 = ORIENTED_EDGE('',*,*,#10606,.F.);
#10606 = EDGE_CURVE('',#10607,#10598,#10609,.T.);
#10607 = VERTEX_POINT('',#10608);
#10608 = CARTESIAN_POINT('',(12.488277,8.474939,1.51));
#10609 = CIRCLE('',#10610,0.199950926707);
#10610 = AXIS2_PLACEMENT_3D('',#10611,#10612,#10613);
#10611 = CARTESIAN_POINT('',(12.48831902901,8.27498807771,1.51));
#10612 = DIRECTION('',(0.,0.,-1.));
#10613 = DIRECTION('',(-2.101966275055E-04,0.999999977909,0.));
#10614 = ORIENTED_EDGE('',*,*,#10615,.F.);
#10615 = EDGE_CURVE('',#10616,#10607,#10618,.T.);
#10616 = VERTEX_POINT('',#10617);
#10617 = CARTESIAN_POINT('',(-4.942676,8.474939,1.51));
#10618 = LINE('',#10619,#10620);
#10619 = CARTESIAN_POINT('',(-4.942676,8.474939,1.51));
#10620 = VECTOR('',#10621,1.);
#10621 = DIRECTION('',(1.,0.,0.));
#10622 = ORIENTED_EDGE('',*,*,#10623,.F.);
#10623 = EDGE_CURVE('',#10016,#10616,#10624,.T.);
#10624 = CIRCLE('',#10625,0.200027323011);
#10625 = AXIS2_PLACEMENT_3D('',#10626,#10627,#10628);
#10626 = CARTESIAN_POINT('',(-4.942652604436,8.274911678357,1.51));
#10627 = DIRECTION('',(0.,0.,-1.));
#10628 = DIRECTION('',(-0.988076991627,0.15396057488,0.));
#10629 = ORIENTED_EDGE('',*,*,#10015,.F.);
#10630 = FACE_BOUND('',#10631,.T.);
#10631 = EDGE_LOOP('',(#10632));
#10632 = ORIENTED_EDGE('',*,*,#10633,.T.);
#10633 = EDGE_CURVE('',#10634,#10634,#10636,.T.);
#10634 = VERTEX_POINT('',#10635);
#10635 = CARTESIAN_POINT('',(-23.53,-5.750061,1.51));
#10636 = CIRCLE('',#10637,0.475);
#10637 = AXIS2_PLACEMENT_3D('',#10638,#10639,#10640);
#10638 = CARTESIAN_POINT('',(-23.53,-5.275061,1.51));
#10639 = DIRECTION('',(-0.,0.,-1.));
#10640 = DIRECTION('',(-0.,-1.,0.));
#10641 = FACE_BOUND('',#10642,.T.);
#10642 = EDGE_LOOP('',(#10643));
#10643 = ORIENTED_EDGE('',*,*,#10644,.T.);
#10644 = EDGE_CURVE('',#10645,#10645,#10647,.T.);
#10645 = VERTEX_POINT('',#10646);
#10646 = CARTESIAN_POINT('',(-23.53,-3.250061,1.51));
#10647 = CIRCLE('',#10648,0.475);
#10648 = AXIS2_PLACEMENT_3D('',#10649,#10650,#10651);
#10649 = CARTESIAN_POINT('',(-23.53,-2.775061,1.51));
#10650 = DIRECTION('',(-0.,0.,-1.));
#10651 = DIRECTION('',(-0.,-1.,0.));
#10652 = FACE_BOUND('',#10653,.T.);
#10653 = EDGE_LOOP('',(#10654));
#10654 = ORIENTED_EDGE('',*,*,#10655,.T.);
#10655 = EDGE_CURVE('',#10656,#10656,#10658,.T.);
#10656 = VERTEX_POINT('',#10657);
#10657 = CARTESIAN_POINT('',(30.985,-3.275061,1.51));
#10658 = CIRCLE('',#10659,0.5);
#10659 = AXIS2_PLACEMENT_3D('',#10660,#10661,#10662);
#10660 = CARTESIAN_POINT('',(30.985,-2.775061,1.51));
#10661 = DIRECTION('',(-0.,0.,-1.));
#10662 = DIRECTION('',(-0.,-1.,0.));
#10663 = FACE_BOUND('',#10664,.T.);
#10664 = EDGE_LOOP('',(#10665));
#10665 = ORIENTED_EDGE('',*,*,#10666,.T.);
#10666 = EDGE_CURVE('',#10667,#10667,#10669,.T.);
#10667 = VERTEX_POINT('',#10668);
#10668 = CARTESIAN_POINT('',(-23.53,-0.750061,1.51));
#10669 = CIRCLE('',#10670,0.475);
#10670 = AXIS2_PLACEMENT_3D('',#10671,#10672,#10673);
#10671 = CARTESIAN_POINT('',(-23.53,-0.275061,1.51));
#10672 = DIRECTION('',(-0.,0.,-1.));
#10673 = DIRECTION('',(-0.,-1.,0.));
#10674 = FACE_BOUND('',#10675,.T.);
#10675 = EDGE_LOOP('',(#10676));
#10676 = ORIENTED_EDGE('',*,*,#10677,.T.);
#10677 = EDGE_CURVE('',#10678,#10678,#10680,.T.);
#10678 = VERTEX_POINT('',#10679);
#10679 = CARTESIAN_POINT('',(-23.53,1.749939,1.51));
#10680 = CIRCLE('',#10681,0.475);
#10681 = AXIS2_PLACEMENT_3D('',#10682,#10683,#10684);
#10682 = CARTESIAN_POINT('',(-23.53,2.224939,1.51));
#10683 = DIRECTION('',(-0.,0.,-1.));
#10684 = DIRECTION('',(-0.,-1.,0.));
#10685 = FACE_BOUND('',#10686,.T.);
#10686 = EDGE_LOOP('',(#10687));
#10687 = ORIENTED_EDGE('',*,*,#10688,.T.);
#10688 = EDGE_CURVE('',#10689,#10689,#10691,.T.);
#10689 = VERTEX_POINT('',#10690);
#10690 = CARTESIAN_POINT('',(30.985,-0.775061,1.51));
#10691 = CIRCLE('',#10692,0.5);
#10692 = AXIS2_PLACEMENT_3D('',#10693,#10694,#10695);
#10693 = CARTESIAN_POINT('',(30.985,-0.275061,1.51));
#10694 = DIRECTION('',(-0.,0.,-1.));
#10695 = DIRECTION('',(-0.,-1.,0.));
#10696 = PLANE('',#10697);
#10697 = AXIS2_PLACEMENT_3D('',#10698,#10699,#10700);
#10698 = CARTESIAN_POINT('',(0.,0.,1.51));
#10699 = DIRECTION('',(0.,0.,1.));
#10700 = DIRECTION('',(1.,0.,-0.));
#10701 = ADVANCED_FACE('',(#10702),#10713,.T.);
#10702 = FACE_BOUND('',#10703,.T.);
#10703 = EDGE_LOOP('',(#10704,#10710,#10711,#10712));
#10704 = ORIENTED_EDGE('',*,*,#10705,.T.);
#10705 = EDGE_CURVE('',#10050,#10379,#10706,.T.);
#10706 = LINE('',#10707,#10708);
#10707 = CARTESIAN_POINT('',(-25.140295,8.305708,0.));
#10708 = VECTOR('',#10709,1.);
#10709 = DIRECTION('',(0.,0.,1.));
#10710 = ORIENTED_EDGE('',*,*,#10378,.T.);
#10711 = ORIENTED_EDGE('',*,*,#9983,.F.);
#10712 = ORIENTED_EDGE('',*,*,#10049,.F.);
#10713 = CYLINDRICAL_SURFACE('',#10714,0.200027323011);
#10714 = AXIS2_PLACEMENT_3D('',#10715,#10716,#10717);
#10715 = CARTESIAN_POINT('',(-24.94265260443,8.274911678357,0.));
#10716 = DIRECTION('',(0.,0.,-1.));
#10717 = DIRECTION('',(-0.988076991627,0.15396057488,0.));
#10718 = ADVANCED_FACE('',(#10719),#10730,.T.);
#10719 = FACE_BOUND('',#10720,.T.);
#10720 = EDGE_LOOP('',(#10721,#10722,#10723,#10729));
#10721 = ORIENTED_EDGE('',*,*,#10024,.T.);
#10722 = ORIENTED_EDGE('',*,*,#10623,.T.);
#10723 = ORIENTED_EDGE('',*,*,#10724,.F.);
#10724 = EDGE_CURVE('',#10287,#10616,#10725,.T.);
#10725 = LINE('',#10726,#10727);
#10726 = CARTESIAN_POINT('',(-4.942676,8.474939,0.));
#10727 = VECTOR('',#10728,1.);
#10728 = DIRECTION('',(0.,0.,1.));
#10729 = ORIENTED_EDGE('',*,*,#10294,.F.);
#10730 = CYLINDRICAL_SURFACE('',#10731,0.200027323011);
#10731 = AXIS2_PLACEMENT_3D('',#10732,#10733,#10734);
#10732 = CARTESIAN_POINT('',(-4.942652604436,8.274911678357,0.));
#10733 = DIRECTION('',(0.,0.,-1.));
#10734 = DIRECTION('',(-0.988076991627,0.15396057488,0.));
#10735 = ADVANCED_FACE('',(#10736),#10747,.F.);
#10736 = FACE_BOUND('',#10737,.T.);
#10737 = EDGE_LOOP('',(#10738,#10744,#10745,#10746));
#10738 = ORIENTED_EDGE('',*,*,#10739,.T.);
#10739 = EDGE_CURVE('',#10059,#10388,#10740,.T.);
#10740 = LINE('',#10741,#10742);
#10741 = CARTESIAN_POINT('',(-26.057969,7.388035,0.));
#10742 = VECTOR('',#10743,1.);
#10743 = DIRECTION('',(0.,0.,1.));
#10744 = ORIENTED_EDGE('',*,*,#10387,.T.);
#10745 = ORIENTED_EDGE('',*,*,#10705,.F.);
#10746 = ORIENTED_EDGE('',*,*,#10058,.F.);
#10747 = CYLINDRICAL_SURFACE('',#10748,1.099998028863);
#10748 = AXIS2_PLACEMENT_3D('',#10749,#10750,#10751);
#10749 = CARTESIAN_POINT('',(-26.22719747329,8.474937657706,0.));
#10750 = DIRECTION('',(-0.,-0.,-1.));
#10751 = DIRECTION('',(0.153844342312,-0.988095095797,0.));
#10752 = ADVANCED_FACE('',(#10753),#10764,.T.);
#10753 = FACE_BOUND('',#10754,.T.);
#10754 = EDGE_LOOP('',(#10755,#10756,#10757,#10763));
#10755 = ORIENTED_EDGE('',*,*,#10724,.T.);
#10756 = ORIENTED_EDGE('',*,*,#10615,.T.);
#10757 = ORIENTED_EDGE('',*,*,#10758,.F.);
#10758 = EDGE_CURVE('',#10278,#10607,#10759,.T.);
#10759 = LINE('',#10760,#10761);
#10760 = CARTESIAN_POINT('',(12.488277,8.474939,0.));
#10761 = VECTOR('',#10762,1.);
#10762 = DIRECTION('',(0.,0.,1.));
#10763 = ORIENTED_EDGE('',*,*,#10286,.F.);
#10764 = PLANE('',#10765);
#10765 = AXIS2_PLACEMENT_3D('',#10766,#10767,#10768);
#10766 = CARTESIAN_POINT('',(-4.942676,8.474939,0.));
#10767 = DIRECTION('',(0.,1.,0.));
#10768 = DIRECTION('',(1.,0.,0.));
#10769 = ADVANCED_FACE('',(#10770),#10781,.T.);
#10770 = FACE_BOUND('',#10771,.T.);
#10771 = EDGE_LOOP('',(#10772,#10778,#10779,#10780));
#10772 = ORIENTED_EDGE('',*,*,#10773,.T.);
#10773 = EDGE_CURVE('',#10068,#10397,#10774,.T.);
#10774 = LINE('',#10775,#10776);
#10775 = CARTESIAN_POINT('',(-26.227199,7.190416,0.));
#10776 = VECTOR('',#10777,1.);
#10777 = DIRECTION('',(0.,0.,1.));
#10778 = ORIENTED_EDGE('',*,*,#10396,.T.);
#10779 = ORIENTED_EDGE('',*,*,#10739,.F.);
#10780 = ORIENTED_EDGE('',*,*,#10067,.F.);
#10781 = CYLINDRICAL_SURFACE('',#10782,0.199955697007);
#10782 = AXIS2_PLACEMENT_3D('',#10783,#10784,#10785);
#10783 = CARTESIAN_POINT('',(-26.02724330662,7.190454098767,0.));
#10784 = DIRECTION('',(0.,0.,-1.));
#10785 = DIRECTION('',(-0.999999981848,-1.905360438677E-04,-0.));
#10786 = ADVANCED_FACE('',(#10787),#10798,.T.);
#10787 = FACE_BOUND('',#10788,.T.);
#10788 = EDGE_LOOP('',(#10789,#10790,#10791,#10797));
#10789 = ORIENTED_EDGE('',*,*,#10758,.T.);
#10790 = ORIENTED_EDGE('',*,*,#10606,.T.);
#10791 = ORIENTED_EDGE('',*,*,#10792,.F.);
#10792 = EDGE_CURVE('',#10269,#10598,#10793,.T.);
#10793 = LINE('',#10794,#10795);
#10794 = CARTESIAN_POINT('',(12.685896,8.305708,0.));
#10795 = VECTOR('',#10796,1.);
#10796 = DIRECTION('',(0.,0.,1.));
#10797 = ORIENTED_EDGE('',*,*,#10277,.F.);
#10798 = CYLINDRICAL_SURFACE('',#10799,0.199950926707);
#10799 = AXIS2_PLACEMENT_3D('',#10800,#10801,#10802);
#10800 = CARTESIAN_POINT('',(12.48831902901,8.27498807771,0.));
#10801 = DIRECTION('',(0.,0.,-1.));
#10802 = DIRECTION('',(-2.101966275055E-04,0.999999977909,0.));
#10803 = ADVANCED_FACE('',(#10804),#10815,.T.);
#10804 = FACE_BOUND('',#10805,.T.);
#10805 = EDGE_LOOP('',(#10806,#10812,#10813,#10814));
#10806 = ORIENTED_EDGE('',*,*,#10807,.T.);
#10807 = EDGE_CURVE('',#10077,#10406,#10808,.T.);
#10808 = LINE('',#10809,#10810);
#10809 = CARTESIAN_POINT('',(-26.227199,-10.240538,0.));
#10810 = VECTOR('',#10811,1.);
#10811 = DIRECTION('',(0.,0.,1.));
#10812 = ORIENTED_EDGE('',*,*,#10405,.T.);
#10813 = ORIENTED_EDGE('',*,*,#10773,.F.);
#10814 = ORIENTED_EDGE('',*,*,#10076,.F.);
#10815 = PLANE('',#10816);
#10816 = AXIS2_PLACEMENT_3D('',#10817,#10818,#10819);
#10817 = CARTESIAN_POINT('',(-26.227199,-10.240538,0.));
#10818 = DIRECTION('',(-1.,0.,0.));
#10819 = DIRECTION('',(0.,1.,0.));
#10820 = ADVANCED_FACE('',(#10821),#10832,.F.);
#10821 = FACE_BOUND('',#10822,.T.);
#10822 = EDGE_LOOP('',(#10823,#10824,#10825,#10831));
#10823 = ORIENTED_EDGE('',*,*,#10792,.T.);
#10824 = ORIENTED_EDGE('',*,*,#10597,.T.);
#10825 = ORIENTED_EDGE('',*,*,#10826,.F.);
#10826 = EDGE_CURVE('',#10260,#10589,#10827,.T.);
#10827 = LINE('',#10828,#10829);
#10828 = CARTESIAN_POINT('',(14.859705,8.305708,0.));
#10829 = VECTOR('',#10830,1.);
#10830 = DIRECTION('',(0.,0.,1.));
#10831 = ORIENTED_EDGE('',*,*,#10268,.F.);
#10832 = CYLINDRICAL_SURFACE('',#10833,1.100000281209);
#10833 = AXIS2_PLACEMENT_3D('',#10834,#10835,#10836);
#10834 = CARTESIAN_POINT('',(13.7728005,8.474939281209,0.));
#10835 = DIRECTION('',(-0.,-0.,-1.));
#10836 = DIRECTION('',(-0.988094747399,-0.153846579951,0.));
#10837 = ADVANCED_FACE('',(#10838),#10849,.T.);
#10838 = FACE_BOUND('',#10839,.T.);
#10839 = EDGE_LOOP('',(#10840,#10846,#10847,#10848));
#10840 = ORIENTED_EDGE('',*,*,#10841,.T.);
#10841 = EDGE_CURVE('',#10085,#10414,#10842,.T.);
#10842 = LINE('',#10843,#10844);
#10843 = CARTESIAN_POINT('',(-26.057969,-10.438157,0.));
#10844 = VECTOR('',#10845,1.);
#10845 = DIRECTION('',(0.,0.,1.));
#10846 = ORIENTED_EDGE('',*,*,#10413,.T.);
#10847 = ORIENTED_EDGE('',*,*,#10807,.F.);
#10848 = ORIENTED_EDGE('',*,*,#10084,.F.);
#10849 = CYLINDRICAL_SURFACE('',#10850,0.200022842717);
#10850 = AXIS2_PLACEMENT_3D('',#10851,#10852,#10853);
#10851 = CARTESIAN_POINT('',(-26.02717615822,-10.24051859658,0.));
#10852 = DIRECTION('',(0.,0.,-1.));
#10853 = DIRECTION('',(-0.153946626084,-0.988079165005,-0.));
#10854 = ADVANCED_FACE('',(#10855),#10866,.T.);
#10855 = FACE_BOUND('',#10856,.T.);
#10856 = EDGE_LOOP('',(#10857,#10858,#10859,#10865));
#10857 = ORIENTED_EDGE('',*,*,#10826,.T.);
#10858 = ORIENTED_EDGE('',*,*,#10588,.T.);
#10859 = ORIENTED_EDGE('',*,*,#10860,.F.);
#10860 = EDGE_CURVE('',#10252,#10581,#10861,.T.);
#10861 = LINE('',#10862,#10863);
#10862 = CARTESIAN_POINT('',(15.057324,8.474939,0.));
#10863 = VECTOR('',#10864,1.);
#10864 = DIRECTION('',(0.,0.,1.));
#10865 = ORIENTED_EDGE('',*,*,#10259,.F.);
#10866 = CYLINDRICAL_SURFACE('',#10867,0.200027323011);
#10867 = AXIS2_PLACEMENT_3D('',#10868,#10869,#10870);
#10868 = CARTESIAN_POINT('',(15.057347395564,8.274911678357,0.));
#10869 = DIRECTION('',(0.,0.,-1.));
#10870 = DIRECTION('',(-0.988076991627,0.15396057488,0.));
#10871 = ADVANCED_FACE('',(#10872),#10883,.F.);
#10872 = FACE_BOUND('',#10873,.T.);
#10873 = EDGE_LOOP('',(#10874,#10880,#10881,#10882));
#10874 = ORIENTED_EDGE('',*,*,#10875,.T.);
#10875 = EDGE_CURVE('',#10094,#10423,#10876,.T.);
#10876 = LINE('',#10877,#10878);
#10877 = CARTESIAN_POINT('',(-25.140295,-11.35583,0.));
#10878 = VECTOR('',#10879,1.);
#10879 = DIRECTION('',(0.,0.,1.));
#10880 = ORIENTED_EDGE('',*,*,#10422,.T.);
#10881 = ORIENTED_EDGE('',*,*,#10841,.F.);
#10882 = ORIENTED_EDGE('',*,*,#10093,.F.);
#10883 = CYLINDRICAL_SURFACE('',#10884,1.100000994544);
#10884 = AXIS2_PLACEMENT_3D('',#10885,#10886,#10887);
#10885 = CARTESIAN_POINT('',(-26.22720007034,-11.52506225476,0.));
#10886 = DIRECTION('',(-0.,-0.,-1.));
#10887 = DIRECTION('',(0.988094625131,0.15384736523,-0.));
#10888 = ADVANCED_FACE('',(#10889),#10900,.T.);
#10889 = FACE_BOUND('',#10890,.T.);
#10890 = EDGE_LOOP('',(#10891,#10892,#10893,#10899));
#10891 = ORIENTED_EDGE('',*,*,#10860,.T.);
#10892 = ORIENTED_EDGE('',*,*,#10580,.T.);
#10893 = ORIENTED_EDGE('',*,*,#10894,.F.);
#10894 = EDGE_CURVE('',#10243,#10572,#10895,.T.);
#10895 = LINE('',#10896,#10897);
#10896 = CARTESIAN_POINT('',(32.488277,8.474939,0.));
#10897 = VECTOR('',#10898,1.);
#10898 = DIRECTION('',(0.,0.,1.));
#10899 = ORIENTED_EDGE('',*,*,#10251,.F.);
#10900 = PLANE('',#10901);
#10901 = AXIS2_PLACEMENT_3D('',#10902,#10903,#10904);
#10902 = CARTESIAN_POINT('',(15.057324,8.474939,0.));
#10903 = DIRECTION('',(0.,1.,0.));
#10904 = DIRECTION('',(1.,0.,0.));
#10905 = ADVANCED_FACE('',(#10906),#10917,.T.);
#10906 = FACE_BOUND('',#10907,.T.);
#10907 = EDGE_LOOP('',(#10908,#10914,#10915,#10916));
#10908 = ORIENTED_EDGE('',*,*,#10909,.T.);
#10909 = EDGE_CURVE('',#10103,#10432,#10910,.T.);
#10910 = LINE('',#10911,#10912);
#10911 = CARTESIAN_POINT('',(-24.942676,-11.525061,0.));
#10912 = VECTOR('',#10913,1.);
#10913 = DIRECTION('',(0.,0.,1.));
#10914 = ORIENTED_EDGE('',*,*,#10431,.T.);
#10915 = ORIENTED_EDGE('',*,*,#10875,.F.);
#10916 = ORIENTED_EDGE('',*,*,#10102,.F.);
#10917 = CYLINDRICAL_SURFACE('',#10918,0.199950926707);
#10918 = AXIS2_PLACEMENT_3D('',#10919,#10920,#10921);
#10919 = CARTESIAN_POINT('',(-24.94271802901,-11.32511007771,0.));
#10920 = DIRECTION('',(0.,0.,-1.));
#10921 = DIRECTION('',(2.101966274966E-04,-0.999999977909,0.));
#10922 = ADVANCED_FACE('',(#10923),#10934,.T.);
#10923 = FACE_BOUND('',#10924,.T.);
#10924 = EDGE_LOOP('',(#10925,#10926,#10927,#10933));
#10925 = ORIENTED_EDGE('',*,*,#10894,.T.);
#10926 = ORIENTED_EDGE('',*,*,#10571,.T.);
#10927 = ORIENTED_EDGE('',*,*,#10928,.F.);
#10928 = EDGE_CURVE('',#10234,#10563,#10929,.T.);
#10929 = LINE('',#10930,#10931);
#10930 = CARTESIAN_POINT('',(32.685896,8.305708,0.));
#10931 = VECTOR('',#10932,1.);
#10932 = DIRECTION('',(0.,0.,1.));
#10933 = ORIENTED_EDGE('',*,*,#10242,.F.);
#10934 = CYLINDRICAL_SURFACE('',#10935,0.199950926707);
#10935 = AXIS2_PLACEMENT_3D('',#10936,#10937,#10938);
#10936 = CARTESIAN_POINT('',(32.48831902901,8.27498807771,0.));
#10937 = DIRECTION('',(0.,0.,-1.));
#10938 = DIRECTION('',(-2.101966274966E-04,0.999999977909,0.));
#10939 = ADVANCED_FACE('',(#10940),#10951,.T.);
#10940 = FACE_BOUND('',#10941,.T.);
#10941 = EDGE_LOOP('',(#10942,#10948,#10949,#10950));
#10942 = ORIENTED_EDGE('',*,*,#10943,.T.);
#10943 = EDGE_CURVE('',#10112,#10441,#10944,.T.);
#10944 = LINE('',#10945,#10946);
#10945 = CARTESIAN_POINT('',(-7.511723,-11.525061,0.));
#10946 = VECTOR('',#10947,1.);
#10947 = DIRECTION('',(0.,0.,1.));
#10948 = ORIENTED_EDGE('',*,*,#10440,.T.);
#10949 = ORIENTED_EDGE('',*,*,#10909,.F.);
#10950 = ORIENTED_EDGE('',*,*,#10111,.F.);
#10951 = PLANE('',#10952);
#10952 = AXIS2_PLACEMENT_3D('',#10953,#10954,#10955);
#10953 = CARTESIAN_POINT('',(-7.511723,-11.525061,0.));
#10954 = DIRECTION('',(0.,-1.,0.));
#10955 = DIRECTION('',(-1.,0.,0.));
#10956 = ADVANCED_FACE('',(#10957),#10968,.F.);
#10957 = FACE_BOUND('',#10958,.T.);
#10958 = EDGE_LOOP('',(#10959,#10960,#10961,#10967));
#10959 = ORIENTED_EDGE('',*,*,#10928,.T.);
#10960 = ORIENTED_EDGE('',*,*,#10562,.T.);
#10961 = ORIENTED_EDGE('',*,*,#10962,.F.);
#10962 = EDGE_CURVE('',#10225,#10554,#10963,.T.);
#10963 = LINE('',#10964,#10965);
#10964 = CARTESIAN_POINT('',(33.60357,7.388035,0.));
#10965 = VECTOR('',#10966,1.);
#10966 = DIRECTION('',(0.,0.,1.));
#10967 = ORIENTED_EDGE('',*,*,#10233,.F.);
#10968 = CYLINDRICAL_SURFACE('',#10969,1.100000994544);
#10969 = AXIS2_PLACEMENT_3D('',#10970,#10971,#10972);
#10970 = CARTESIAN_POINT('',(33.772801070347,8.474940254761,0.));
#10971 = DIRECTION('',(-0.,-0.,-1.));
#10972 = DIRECTION('',(-0.988094625131,-0.15384736523,0.));
#10973 = ADVANCED_FACE('',(#10974),#10985,.T.);
#10974 = FACE_BOUND('',#10975,.T.);
#10975 = EDGE_LOOP('',(#10976,#10982,#10983,#10984));
#10976 = ORIENTED_EDGE('',*,*,#10977,.T.);
#10977 = EDGE_CURVE('',#10120,#10449,#10978,.T.);
#10978 = LINE('',#10979,#10980);
#10979 = CARTESIAN_POINT('',(-7.314104,-11.35583,0.));
#10980 = VECTOR('',#10981,1.);
#10981 = DIRECTION('',(0.,0.,1.));
#10982 = ORIENTED_EDGE('',*,*,#10448,.T.);
#10983 = ORIENTED_EDGE('',*,*,#10943,.F.);
#10984 = ORIENTED_EDGE('',*,*,#10119,.F.);
#10985 = CYLINDRICAL_SURFACE('',#10986,0.200022522504);
#10986 = AXIS2_PLACEMENT_3D('',#10987,#10988,#10989);
#10987 = CARTESIAN_POINT('',(-7.511742285026,-11.32503847842,0.));
#10988 = DIRECTION('',(0.,0.,-1.));
#10989 = DIRECTION('',(0.988080154934,-0.153940272269,0.));
#10990 = ADVANCED_FACE('',(#10991),#11002,.T.);
#10991 = FACE_BOUND('',#10992,.T.);
#10992 = EDGE_LOOP('',(#10993,#10994,#10995,#11001));
#10993 = ORIENTED_EDGE('',*,*,#10962,.T.);
#10994 = ORIENTED_EDGE('',*,*,#10553,.T.);
#10995 = ORIENTED_EDGE('',*,*,#10996,.F.);
#10996 = EDGE_CURVE('',#10217,#10546,#10997,.T.);
#10997 = LINE('',#10998,#10999);
#10998 = CARTESIAN_POINT('',(33.772801,7.190416,0.));
#10999 = VECTOR('',#11000,1.);
#11000 = DIRECTION('',(0.,0.,1.));
#11001 = ORIENTED_EDGE('',*,*,#10224,.F.);
#11002 = CYLINDRICAL_SURFACE('',#11003,0.20011169577);
#11003 = AXIS2_PLACEMENT_3D('',#11004,#11005,#11006);
#11004 = CARTESIAN_POINT('',(33.57268932708,7.190320370233,0.));
#11005 = DIRECTION('',(0.,0.,-1.));
#11006 = DIRECTION('',(0.154317181717,0.988021359803,0.));
#11007 = ADVANCED_FACE('',(#11008),#11019,.F.);
#11008 = FACE_BOUND('',#11009,.T.);
#11009 = EDGE_LOOP('',(#11010,#11016,#11017,#11018));
#11010 = ORIENTED_EDGE('',*,*,#11011,.T.);
#11011 = EDGE_CURVE('',#10129,#10458,#11012,.T.);
#11012 = LINE('',#11013,#11014);
#11013 = CARTESIAN_POINT('',(-5.140295,-11.35583,0.));
#11014 = VECTOR('',#11015,1.);
#11015 = DIRECTION('',(0.,0.,1.));
#11016 = ORIENTED_EDGE('',*,*,#10457,.T.);
#11017 = ORIENTED_EDGE('',*,*,#10977,.F.);
#11018 = ORIENTED_EDGE('',*,*,#10128,.F.);
#11019 = CYLINDRICAL_SURFACE('',#11020,1.100000099391);
#11020 = AXIS2_PLACEMENT_3D('',#11021,#11022,#11023);
#11021 = CARTESIAN_POINT('',(-6.2271995,-11.52506009939,0.));
#11022 = DIRECTION('',(-0.,-0.,-1.));
#11023 = DIRECTION('',(0.98809491072,0.153845531,-0.));
#11024 = ADVANCED_FACE('',(#11025),#11036,.T.);
#11025 = FACE_BOUND('',#11026,.T.);
#11026 = EDGE_LOOP('',(#11027,#11028,#11029,#11035));
#11027 = ORIENTED_EDGE('',*,*,#10996,.T.);
#11028 = ORIENTED_EDGE('',*,*,#10545,.T.);
#11029 = ORIENTED_EDGE('',*,*,#11030,.F.);
#11030 = EDGE_CURVE('',#10208,#10537,#11031,.T.);
#11031 = LINE('',#11032,#11033);
#11032 = CARTESIAN_POINT('',(33.772801,-10.240538,0.));
#11033 = VECTOR('',#11034,1.);
#11034 = DIRECTION('',(0.,0.,1.));
#11035 = ORIENTED_EDGE('',*,*,#10216,.F.);
#11036 = PLANE('',#11037);
#11037 = AXIS2_PLACEMENT_3D('',#11038,#11039,#11040);
#11038 = CARTESIAN_POINT('',(33.772801,7.190416,0.));
#11039 = DIRECTION('',(1.,0.,-0.));
#11040 = DIRECTION('',(0.,-1.,0.));
#11041 = ADVANCED_FACE('',(#11042),#11053,.T.);
#11042 = FACE_BOUND('',#11043,.T.);
#11043 = EDGE_LOOP('',(#11044,#11050,#11051,#11052));
#11044 = ORIENTED_EDGE('',*,*,#11045,.T.);
#11045 = EDGE_CURVE('',#10138,#10467,#11046,.T.);
#11046 = LINE('',#11047,#11048);
#11047 = CARTESIAN_POINT('',(-4.942676,-11.525061,0.));
#11048 = VECTOR('',#11049,1.);
#11049 = DIRECTION('',(0.,0.,1.));
#11050 = ORIENTED_EDGE('',*,*,#10466,.T.);
#11051 = ORIENTED_EDGE('',*,*,#11011,.F.);
#11052 = ORIENTED_EDGE('',*,*,#10137,.F.);
#11053 = CYLINDRICAL_SURFACE('',#11054,0.199950926707);
#11054 = AXIS2_PLACEMENT_3D('',#11055,#11056,#11057);
#11055 = CARTESIAN_POINT('',(-4.94271802901,-11.32511007771,0.));
#11056 = DIRECTION('',(0.,0.,-1.));
#11057 = DIRECTION('',(2.101966274788E-04,-0.999999977909,0.));
#11058 = ADVANCED_FACE('',(#11059),#11070,.T.);
#11059 = FACE_BOUND('',#11060,.T.);
#11060 = EDGE_LOOP('',(#11061,#11062,#11063,#11069));
#11061 = ORIENTED_EDGE('',*,*,#11030,.T.);
#11062 = ORIENTED_EDGE('',*,*,#10536,.T.);
#11063 = ORIENTED_EDGE('',*,*,#11064,.F.);
#11064 = EDGE_CURVE('',#10199,#10528,#11065,.T.);
#11065 = LINE('',#11066,#11067);
#11066 = CARTESIAN_POINT('',(33.60357,-10.438157,0.));
#11067 = VECTOR('',#11068,1.);
#11068 = DIRECTION('',(0.,0.,1.));
#11069 = ORIENTED_EDGE('',*,*,#10207,.F.);
#11070 = CYLINDRICAL_SURFACE('',#11071,0.199948873509);
#11071 = AXIS2_PLACEMENT_3D('',#11072,#11073,#11074);
#11072 = CARTESIAN_POINT('',(33.572852131285,-10.24058178758,0.));
#11073 = DIRECTION('',(0.,0.,-1.));
#11074 = DIRECTION('',(0.999999976021,2.18993927506E-04,0.));
#11075 = ADVANCED_FACE('',(#11076),#11087,.T.);
#11076 = FACE_BOUND('',#11077,.T.);
#11077 = EDGE_LOOP('',(#11078,#11084,#11085,#11086));
#11078 = ORIENTED_EDGE('',*,*,#11079,.T.);
#11079 = EDGE_CURVE('',#10147,#10476,#11080,.T.);
#11080 = LINE('',#11081,#11082);
#11081 = CARTESIAN_POINT('',(12.488277,-11.525061,0.));
#11082 = VECTOR('',#11083,1.);
#11083 = DIRECTION('',(0.,0.,1.));
#11084 = ORIENTED_EDGE('',*,*,#10475,.T.);
#11085 = ORIENTED_EDGE('',*,*,#11045,.F.);
#11086 = ORIENTED_EDGE('',*,*,#10146,.F.);
#11087 = PLANE('',#11088);
#11088 = AXIS2_PLACEMENT_3D('',#11089,#11090,#11091);
#11089 = CARTESIAN_POINT('',(12.488277,-11.525061,0.));
#11090 = DIRECTION('',(0.,-1.,0.));
#11091 = DIRECTION('',(-1.,0.,0.));
#11092 = ADVANCED_FACE('',(#11093),#11104,.F.);
#11093 = FACE_BOUND('',#11094,.T.);
#11094 = EDGE_LOOP('',(#11095,#11096,#11097,#11103));
#11095 = ORIENTED_EDGE('',*,*,#11064,.T.);
#11096 = ORIENTED_EDGE('',*,*,#10527,.T.);
#11097 = ORIENTED_EDGE('',*,*,#11098,.F.);
#11098 = EDGE_CURVE('',#10190,#10519,#11099,.T.);
#11099 = LINE('',#11100,#11101);
#11100 = CARTESIAN_POINT('',(32.685896,-11.35583,0.));
#11101 = VECTOR('',#11102,1.);
#11102 = DIRECTION('',(0.,0.,1.));
#11103 = ORIENTED_EDGE('',*,*,#10198,.F.);
#11104 = CYLINDRICAL_SURFACE('',#11105,1.100000994544);
#11105 = AXIS2_PLACEMENT_3D('',#11106,#11107,#11108);
#11106 = CARTESIAN_POINT('',(33.772801070347,-11.52506225476,0.));
#11107 = DIRECTION('',(-0.,-0.,-1.));
#11108 = DIRECTION('',(-0.153846288491,0.988094792779,0.));
#11109 = ADVANCED_FACE('',(#11110),#11121,.T.);
#11110 = FACE_BOUND('',#11111,.T.);
#11111 = EDGE_LOOP('',(#11112,#11118,#11119,#11120));
#11112 = ORIENTED_EDGE('',*,*,#11113,.T.);
#11113 = EDGE_CURVE('',#10155,#10484,#11114,.T.);
#11114 = LINE('',#11115,#11116);
#11115 = CARTESIAN_POINT('',(12.685896,-11.35583,0.));
#11116 = VECTOR('',#11117,1.);
#11117 = DIRECTION('',(0.,0.,1.));
#11118 = ORIENTED_EDGE('',*,*,#10483,.T.);
#11119 = ORIENTED_EDGE('',*,*,#11079,.F.);
#11120 = ORIENTED_EDGE('',*,*,#10154,.F.);
#11121 = CYLINDRICAL_SURFACE('',#11122,0.199917354245);
#11122 = AXIS2_PLACEMENT_3D('',#11123,#11124,#11125);
#11123 = CARTESIAN_POINT('',(12.488347785732,-11.32514365828,0.));
#11124 = DIRECTION('',(0.,0.,-1.));
#11125 = DIRECTION('',(0.988149403109,-0.153495137175,0.));
#11126 = ADVANCED_FACE('',(#11127),#11138,.T.);
#11127 = FACE_BOUND('',#11128,.T.);
#11128 = EDGE_LOOP('',(#11129,#11130,#11131,#11137));
#11129 = ORIENTED_EDGE('',*,*,#11098,.T.);
#11130 = ORIENTED_EDGE('',*,*,#10518,.T.);
#11131 = ORIENTED_EDGE('',*,*,#11132,.F.);
#11132 = EDGE_CURVE('',#10182,#10511,#11133,.T.);
#11133 = LINE('',#11134,#11135);
#11134 = CARTESIAN_POINT('',(32.488277,-11.525061,0.));
#11135 = VECTOR('',#11136,1.);
#11136 = DIRECTION('',(0.,0.,1.));
#11137 = ORIENTED_EDGE('',*,*,#10189,.F.);
#11138 = CYLINDRICAL_SURFACE('',#11139,0.199917354245);
#11139 = AXIS2_PLACEMENT_3D('',#11140,#11141,#11142);
#11140 = CARTESIAN_POINT('',(32.488347785732,-11.32514365828,0.));
#11141 = DIRECTION('',(0.,0.,-1.));
#11142 = DIRECTION('',(0.988149403109,-0.153495137175,0.));
#11143 = ADVANCED_FACE('',(#11144),#11155,.F.);
#11144 = FACE_BOUND('',#11145,.T.);
#11145 = EDGE_LOOP('',(#11146,#11152,#11153,#11154));
#11146 = ORIENTED_EDGE('',*,*,#11147,.T.);
#11147 = EDGE_CURVE('',#10164,#10493,#11148,.T.);
#11148 = LINE('',#11149,#11150);
#11149 = CARTESIAN_POINT('',(14.859705,-11.35583,0.));
#11150 = VECTOR('',#11151,1.);
#11151 = DIRECTION('',(0.,0.,1.));
#11152 = ORIENTED_EDGE('',*,*,#10492,.T.);
#11153 = ORIENTED_EDGE('',*,*,#11113,.F.);
#11154 = ORIENTED_EDGE('',*,*,#10163,.F.);
#11155 = CYLINDRICAL_SURFACE('',#11156,1.099999917574);
#11156 = AXIS2_PLACEMENT_3D('',#11157,#11158,#11159);
#11157 = CARTESIAN_POINT('',(13.7728005,-11.52505891757,0.));
#11158 = DIRECTION('',(-0.,-0.,-1.));
#11159 = DIRECTION('',(0.98809507404,0.15384448205,-0.));
#11160 = ADVANCED_FACE('',(#11161),#11172,.T.);
#11161 = FACE_BOUND('',#11162,.T.);
#11162 = EDGE_LOOP('',(#11163,#11164,#11165,#11171));
#11163 = ORIENTED_EDGE('',*,*,#11132,.T.);
#11164 = ORIENTED_EDGE('',*,*,#10510,.T.);
#11165 = ORIENTED_EDGE('',*,*,#11166,.F.);
#11166 = EDGE_CURVE('',#10173,#10502,#11167,.T.);
#11167 = LINE('',#11168,#11169);
#11168 = CARTESIAN_POINT('',(15.057324,-11.525061,0.));
#11169 = VECTOR('',#11170,1.);
#11170 = DIRECTION('',(0.,0.,1.));
#11171 = ORIENTED_EDGE('',*,*,#10181,.F.);
#11172 = PLANE('',#11173);
#11173 = AXIS2_PLACEMENT_3D('',#11174,#11175,#11176);
#11174 = CARTESIAN_POINT('',(32.488277,-11.525061,0.));
#11175 = DIRECTION('',(0.,-1.,0.));
#11176 = DIRECTION('',(-1.,0.,0.));
#11177 = ADVANCED_FACE('',(#11178),#11184,.T.);
#11178 = FACE_BOUND('',#11179,.T.);
#11179 = EDGE_LOOP('',(#11180,#11181,#11182,#11183));
#11180 = ORIENTED_EDGE('',*,*,#11166,.T.);
#11181 = ORIENTED_EDGE('',*,*,#10501,.T.);
#11182 = ORIENTED_EDGE('',*,*,#11147,.F.);
#11183 = ORIENTED_EDGE('',*,*,#10172,.F.);
#11184 = CYLINDRICAL_SURFACE('',#11185,0.200027640236);
#11185 = AXIS2_PLACEMENT_3D('',#11186,#11187,#11188);
#11186 = CARTESIAN_POINT('',(15.057347667192,-11.32503336116,0.));
#11187 = DIRECTION('',(0.,0.,-1.));
#11188 = DIRECTION('',(-1.183196082769E-04,-0.999999993,-0.));
#11189 = ADVANCED_FACE('',(#11190),#11201,.F.);
#11190 = FACE_BOUND('',#11191,.T.);
#11191 = EDGE_LOOP('',(#11192,#11193,#11199,#11200));
#11192 = ORIENTED_EDGE('',*,*,#10304,.T.);
#11193 = ORIENTED_EDGE('',*,*,#11194,.T.);
#11194 = EDGE_CURVE('',#10305,#10634,#11195,.T.);
#11195 = LINE('',#11196,#11197);
#11196 = CARTESIAN_POINT('',(-23.53,-5.750061,-4.6E-02));
#11197 = VECTOR('',#11198,1.);
#11198 = DIRECTION('',(0.,0.,1.));
#11199 = ORIENTED_EDGE('',*,*,#10633,.F.);
#11200 = ORIENTED_EDGE('',*,*,#11194,.F.);
#11201 = CYLINDRICAL_SURFACE('',#11202,0.475);
#11202 = AXIS2_PLACEMENT_3D('',#11203,#11204,#11205);
#11203 = CARTESIAN_POINT('',(-23.53,-5.275061,-4.6E-02));
#11204 = DIRECTION('',(-0.,-0.,-1.));
#11205 = DIRECTION('',(-0.,-1.,0.));
#11206 = ADVANCED_FACE('',(#11207),#11218,.F.);
#11207 = FACE_BOUND('',#11208,.T.);
#11208 = EDGE_LOOP('',(#11209,#11210,#11216,#11217));
#11209 = ORIENTED_EDGE('',*,*,#10315,.T.);
#11210 = ORIENTED_EDGE('',*,*,#11211,.T.);
#11211 = EDGE_CURVE('',#10316,#10645,#11212,.T.);
#11212 = LINE('',#11213,#11214);
#11213 = CARTESIAN_POINT('',(-23.53,-3.250061,-4.6E-02));
#11214 = VECTOR('',#11215,1.);
#11215 = DIRECTION('',(0.,0.,1.));
#11216 = ORIENTED_EDGE('',*,*,#10644,.F.);
#11217 = ORIENTED_EDGE('',*,*,#11211,.F.);
#11218 = CYLINDRICAL_SURFACE('',#11219,0.475);
#11219 = AXIS2_PLACEMENT_3D('',#11220,#11221,#11222);
#11220 = CARTESIAN_POINT('',(-23.53,-2.775061,-4.6E-02));
#11221 = DIRECTION('',(-0.,-0.,-1.));
#11222 = DIRECTION('',(-0.,-1.,0.));
#11223 = ADVANCED_FACE('',(#11224),#11235,.F.);
#11224 = FACE_BOUND('',#11225,.T.);
#11225 = EDGE_LOOP('',(#11226,#11227,#11233,#11234));
#11226 = ORIENTED_EDGE('',*,*,#10326,.T.);
#11227 = ORIENTED_EDGE('',*,*,#11228,.T.);
#11228 = EDGE_CURVE('',#10327,#10656,#11229,.T.);
#11229 = LINE('',#11230,#11231);
#11230 = CARTESIAN_POINT('',(30.985,-3.275061,-4.6E-02));
#11231 = VECTOR('',#11232,1.);
#11232 = DIRECTION('',(0.,0.,1.));
#11233 = ORIENTED_EDGE('',*,*,#10655,.F.);
#11234 = ORIENTED_EDGE('',*,*,#11228,.F.);
#11235 = CYLINDRICAL_SURFACE('',#11236,0.5);
#11236 = AXIS2_PLACEMENT_3D('',#11237,#11238,#11239);
#11237 = CARTESIAN_POINT('',(30.985,-2.775061,-4.6E-02));
#11238 = DIRECTION('',(-0.,-0.,-1.));
#11239 = DIRECTION('',(-0.,-1.,0.));
#11240 = ADVANCED_FACE('',(#11241),#11252,.F.);
#11241 = FACE_BOUND('',#11242,.T.);
#11242 = EDGE_LOOP('',(#11243,#11244,#11250,#11251));
#11243 = ORIENTED_EDGE('',*,*,#10337,.T.);
#11244 = ORIENTED_EDGE('',*,*,#11245,.T.);
#11245 = EDGE_CURVE('',#10338,#10667,#11246,.T.);
#11246 = LINE('',#11247,#11248);
#11247 = CARTESIAN_POINT('',(-23.53,-0.750061,-4.6E-02));
#11248 = VECTOR('',#11249,1.);
#11249 = DIRECTION('',(0.,0.,1.));
#11250 = ORIENTED_EDGE('',*,*,#10666,.F.);
#11251 = ORIENTED_EDGE('',*,*,#11245,.F.);
#11252 = CYLINDRICAL_SURFACE('',#11253,0.475);
#11253 = AXIS2_PLACEMENT_3D('',#11254,#11255,#11256);
#11254 = CARTESIAN_POINT('',(-23.53,-0.275061,-4.6E-02));
#11255 = DIRECTION('',(-0.,-0.,-1.));
#11256 = DIRECTION('',(-0.,-1.,0.));
#11257 = ADVANCED_FACE('',(#11258),#11269,.F.);
#11258 = FACE_BOUND('',#11259,.T.);
#11259 = EDGE_LOOP('',(#11260,#11261,#11267,#11268));
#11260 = ORIENTED_EDGE('',*,*,#10348,.T.);
#11261 = ORIENTED_EDGE('',*,*,#11262,.T.);
#11262 = EDGE_CURVE('',#10349,#10678,#11263,.T.);
#11263 = LINE('',#11264,#11265);
#11264 = CARTESIAN_POINT('',(-23.53,1.749939,-4.6E-02));
#11265 = VECTOR('',#11266,1.);
#11266 = DIRECTION('',(0.,0.,1.));
#11267 = ORIENTED_EDGE('',*,*,#10677,.F.);
#11268 = ORIENTED_EDGE('',*,*,#11262,.F.);
#11269 = CYLINDRICAL_SURFACE('',#11270,0.475);
#11270 = AXIS2_PLACEMENT_3D('',#11271,#11272,#11273);
#11271 = CARTESIAN_POINT('',(-23.53,2.224939,-4.6E-02));
#11272 = DIRECTION('',(-0.,-0.,-1.));
#11273 = DIRECTION('',(-0.,-1.,0.));
#11274 = ADVANCED_FACE('',(#11275),#11286,.F.);
#11275 = FACE_BOUND('',#11276,.T.);
#11276 = EDGE_LOOP('',(#11277,#11278,#11284,#11285));
#11277 = ORIENTED_EDGE('',*,*,#10359,.T.);
#11278 = ORIENTED_EDGE('',*,*,#11279,.T.);
#11279 = EDGE_CURVE('',#10360,#10689,#11280,.T.);
#11280 = LINE('',#11281,#11282);
#11281 = CARTESIAN_POINT('',(30.985,-0.775061,-4.6E-02));
#11282 = VECTOR('',#11283,1.);
#11283 = DIRECTION('',(0.,0.,1.));
#11284 = ORIENTED_EDGE('',*,*,#10688,.F.);
#11285 = ORIENTED_EDGE('',*,*,#11279,.F.);
#11286 = CYLINDRICAL_SURFACE('',#11287,0.5);
#11287 = AXIS2_PLACEMENT_3D('',#11288,#11289,#11290);
#11288 = CARTESIAN_POINT('',(30.985,-0.275061,-4.6E-02));
#11289 = DIRECTION('',(-0.,-0.,-1.));
#11290 = DIRECTION('',(-0.,-1.,0.));
#11291 = ( GEOMETRIC_REPRESENTATION_CONTEXT(3) 
GLOBAL_UNCERTAINTY_ASSIGNED_CONTEXT((#11295)) 
GLOBAL_UNIT_ASSIGNED_CONTEXT((#11292,#11293,#11294)) 
REPRESENTATION_CONTEXT('Context #1',
  '3D Context with UNIT and UNCERTAINTY') );
#11292 = ( LENGTH_UNIT() NAMED_UNIT(*) SI_UNIT(.MILLI.,.METRE.) );
#11293 = ( NAMED_UNIT(*) PLANE_ANGLE_UNIT() SI_UNIT($,.RADIAN.) );
#11294 = ( NAMED_UNIT(*) SI_UNIT($,.STERADIAN.) SOLID_ANGLE_UNIT() );
#11295 = UNCERTAINTY_MEASURE_WITH_UNIT(LENGTH_MEASURE(1.E-07),#11292,
  'distance_accuracy_value','confusion accuracy');
#11296 = CONTEXT_DEPENDENT_SHAPE_REPRESENTATION(#11297,#11299);
#11297 = ( REPRESENTATION_RELATIONSHIP('','',#9934,#10) 
REPRESENTATION_RELATIONSHIP_WITH_TRANSFORMATION(#11298) 
SHAPE_REPRESENTATION_RELATIONSHIP() );
#11298 = ITEM_DEFINED_TRANSFORMATION('','',#11,#87);
#11299 = PRODUCT_DEFINITION_SHAPE('Placement','Placement of an item',
  #11300);
#11300 = NEXT_ASSEMBLY_USAGE_OCCURRENCE('32','=>[0:1:1:23]','',#5,#9929,
  $);
#11301 = PRODUCT_RELATED_PRODUCT_CATEGORY('part',$,(#9931));
#11302 = MECHANICAL_DESIGN_GEOMETRIC_PRESENTATION_REPRESENTATION('',(
    #11303,#11313,#11322,#11331,#11340,#11349,#11358,#11367),#6341);
#11303 = STYLED_ITEM('color',(#11304),#3245);
#11304 = PRESENTATION_STYLE_ASSIGNMENT((#11305,#11311));
#11305 = SURFACE_STYLE_USAGE(.BOTH.,#11306);
#11306 = SURFACE_SIDE_STYLE('',(#11307));
#11307 = SURFACE_STYLE_FILL_AREA(#11308);
#11308 = FILL_AREA_STYLE('',(#11309));
#11309 = FILL_AREA_STYLE_COLOUR('',#11310);
#11310 = COLOUR_RGB('',0.734000028196,0.773000013638,0.796999989372);
#11311 = CURVE_STYLE('',#11312,POSITIVE_LENGTH_MEASURE(0.1),#11310);
#11312 = DRAUGHTING_PRE_DEFINED_CURVE_FONT('continuous');
#11313 = STYLED_ITEM('color',(#11314),#3632);
#11314 = PRESENTATION_STYLE_ASSIGNMENT((#11315,#11320));
#11315 = SURFACE_STYLE_USAGE(.BOTH.,#11316);
#11316 = SURFACE_SIDE_STYLE('',(#11317));
#11317 = SURFACE_STYLE_FILL_AREA(#11318);
#11318 = FILL_AREA_STYLE('',(#11319));
#11319 = FILL_AREA_STYLE_COLOUR('',#11310);
#11320 = CURVE_STYLE('',#11321,POSITIVE_LENGTH_MEASURE(0.1),#11310);
#11321 = DRAUGHTING_PRE_DEFINED_CURVE_FONT('continuous');
#11322 = STYLED_ITEM('color',(#11323),#4019);
#11323 = PRESENTATION_STYLE_ASSIGNMENT((#11324,#11329));
#11324 = SURFACE_STYLE_USAGE(.BOTH.,#11325);
#11325 = SURFACE_SIDE_STYLE('',(#11326));
#11326 = SURFACE_STYLE_FILL_AREA(#11327);
#11327 = FILL_AREA_STYLE('',(#11328));
#11328 = FILL_AREA_STYLE_COLOUR('',#11310);
#11329 = CURVE_STYLE('',#11330,POSITIVE_LENGTH_MEASURE(0.1),#11310);
#11330 = DRAUGHTING_PRE_DEFINED_CURVE_FONT('continuous');
#11331 = STYLED_ITEM('color',(#11332),#4406);
#11332 = PRESENTATION_STYLE_ASSIGNMENT((#11333,#11338));
#11333 = SURFACE_STYLE_USAGE(.BOTH.,#11334);
#11334 = SURFACE_SIDE_STYLE('',(#11335));
#11335 = SURFACE_STYLE_FILL_AREA(#11336);
#11336 = FILL_AREA_STYLE('',(#11337));
#11337 = FILL_AREA_STYLE_COLOUR('',#11310);
#11338 = CURVE_STYLE('',#11339,POSITIVE_LENGTH_MEASURE(0.1),#11310);
#11339 = DRAUGHTING_PRE_DEFINED_CURVE_FONT('continuous');
#11340 = STYLED_ITEM('color',(#11341),#4793);
#11341 = PRESENTATION_STYLE_ASSIGNMENT((#11342,#11347));
#11342 = SURFACE_STYLE_USAGE(.BOTH.,#11343);
#11343 = SURFACE_SIDE_STYLE('',(#11344));
#11344 = SURFACE_STYLE_FILL_AREA(#11345);
#11345 = FILL_AREA_STYLE('',(#11346));
#11346 = FILL_AREA_STYLE_COLOUR('',#11310);
#11347 = CURVE_STYLE('',#11348,POSITIVE_LENGTH_MEASURE(0.1),#11310);
#11348 = DRAUGHTING_PRE_DEFINED_CURVE_FONT('continuous');
#11349 = STYLED_ITEM('color',(#11350),#5180);
#11350 = PRESENTATION_STYLE_ASSIGNMENT((#11351,#11356));
#11351 = SURFACE_STYLE_USAGE(.BOTH.,#11352);
#11352 = SURFACE_SIDE_STYLE('',(#11353));
#11353 = SURFACE_STYLE_FILL_AREA(#11354);
#11354 = FILL_AREA_STYLE('',(#11355));
#11355 = FILL_AREA_STYLE_COLOUR('',#11310);
#11356 = CURVE_STYLE('',#11357,POSITIVE_LENGTH_MEASURE(0.1),#11310);
#11357 = DRAUGHTING_PRE_DEFINED_CURVE_FONT('continuous');
#11358 = STYLED_ITEM('color',(#11359),#5567);
#11359 = PRESENTATION_STYLE_ASSIGNMENT((#11360,#11365));
#11360 = SURFACE_STYLE_USAGE(.BOTH.,#11361);
#11361 = SURFACE_SIDE_STYLE('',(#11362));
#11362 = SURFACE_STYLE_FILL_AREA(#11363);
#11363 = FILL_AREA_STYLE('',(#11364));
#11364 = FILL_AREA_STYLE_COLOUR('',#11310);
#11365 = CURVE_STYLE('',#11366,POSITIVE_LENGTH_MEASURE(0.1),#11310);
#11366 = DRAUGHTING_PRE_DEFINED_CURVE_FONT('continuous');
#11367 = STYLED_ITEM('color',(#11368),#5954);
#11368 = PRESENTATION_STYLE_ASSIGNMENT((#11369,#11374));
#11369 = SURFACE_STYLE_USAGE(.BOTH.,#11370);
#11370 = SURFACE_SIDE_STYLE('',(#11371));
#11371 = SURFACE_STYLE_FILL_AREA(#11372);
#11372 = FILL_AREA_STYLE('',(#11373));
#11373 = FILL_AREA_STYLE_COLOUR('',#11310);
#11374 = CURVE_STYLE('',#11375,POSITIVE_LENGTH_MEASURE(0.1),#11310);
#11375 = DRAUGHTING_PRE_DEFINED_CURVE_FONT('continuous');
#11376 = MECHANICAL_DESIGN_GEOMETRIC_PRESENTATION_REPRESENTATION('',(
    #11377,#11385,#11392,#11399,#11406,#11413,#11420,#11427,#11435,
    #11442,#11449,#11456,#11463,#11470,#11478,#11485,#11492,#11499,
    #11506,#11513,#11520,#11527,#11534,#11541,#11548,#11555),#7342);
#11377 = STYLED_ITEM('color',(#11378),#6554);
#11378 = PRESENTATION_STYLE_ASSIGNMENT((#11379));
#11379 = SURFACE_STYLE_USAGE(.BOTH.,#11380);
#11380 = SURFACE_SIDE_STYLE('',(#11381));
#11381 = SURFACE_STYLE_FILL_AREA(#11382);
#11382 = FILL_AREA_STYLE('',(#11383));
#11383 = FILL_AREA_STYLE_COLOUR('',#11384);
#11384 = COLOUR_RGB('',0.823999987314,0.819999987296,0.781000009244);
#11385 = STYLED_ITEM('color',(#11386),#6594);
#11386 = PRESENTATION_STYLE_ASSIGNMENT((#11387));
#11387 = SURFACE_STYLE_USAGE(.BOTH.,#11388);
#11388 = SURFACE_SIDE_STYLE('',(#11389));
#11389 = SURFACE_STYLE_FILL_AREA(#11390);
#11390 = FILL_AREA_STYLE('',(#11391));
#11391 = FILL_AREA_STYLE_COLOUR('',#11384);
#11392 = STYLED_ITEM('color',(#11393),#6677);
#11393 = PRESENTATION_STYLE_ASSIGNMENT((#11394));
#11394 = SURFACE_STYLE_USAGE(.BOTH.,#11395);
#11395 = SURFACE_SIDE_STYLE('',(#11396));
#11396 = SURFACE_STYLE_FILL_AREA(#11397);
#11397 = FILL_AREA_STYLE('',(#11398));
#11398 = FILL_AREA_STYLE_COLOUR('',#11384);
#11399 = STYLED_ITEM('color',(#11400),#6702);
#11400 = PRESENTATION_STYLE_ASSIGNMENT((#11401));
#11401 = SURFACE_STYLE_USAGE(.BOTH.,#11402);
#11402 = SURFACE_SIDE_STYLE('',(#11403));
#11403 = SURFACE_STYLE_FILL_AREA(#11404);
#11404 = FILL_AREA_STYLE('',(#11405));
#11405 = FILL_AREA_STYLE_COLOUR('',#11384);
#11406 = STYLED_ITEM('color',(#11407),#6727);
#11407 = PRESENTATION_STYLE_ASSIGNMENT((#11408));
#11408 = SURFACE_STYLE_USAGE(.BOTH.,#11409);
#11409 = SURFACE_SIDE_STYLE('',(#11410));
#11410 = SURFACE_STYLE_FILL_AREA(#11411);
#11411 = FILL_AREA_STYLE('',(#11412));
#11412 = FILL_AREA_STYLE_COLOUR('',#11384);
#11413 = STYLED_ITEM('color',(#11414),#6794);
#11414 = PRESENTATION_STYLE_ASSIGNMENT((#11415));
#11415 = SURFACE_STYLE_USAGE(.BOTH.,#11416);
#11416 = SURFACE_SIDE_STYLE('',(#11417));
#11417 = SURFACE_STYLE_FILL_AREA(#11418);
#11418 = FILL_AREA_STYLE('',(#11419));
#11419 = FILL_AREA_STYLE_COLOUR('',#11384);
#11420 = STYLED_ITEM('color',(#11421),#6811);
#11421 = PRESENTATION_STYLE_ASSIGNMENT((#11422));
#11422 = SURFACE_STYLE_USAGE(.BOTH.,#11423);
#11423 = SURFACE_SIDE_STYLE('',(#11424));
#11424 = SURFACE_STYLE_FILL_AREA(#11425);
#11425 = FILL_AREA_STYLE('',(#11426));
#11426 = FILL_AREA_STYLE_COLOUR('',#11384);
#11427 = STYLED_ITEM('color',(#11428),#6828);
#11428 = PRESENTATION_STYLE_ASSIGNMENT((#11429));
#11429 = SURFACE_STYLE_USAGE(.BOTH.,#11430);
#11430 = SURFACE_SIDE_STYLE('',(#11431));
#11431 = SURFACE_STYLE_FILL_AREA(#11432);
#11432 = FILL_AREA_STYLE('',(#11433));
#11433 = FILL_AREA_STYLE_COLOUR('',#11434);
#11434 = COLOUR_RGB('',0.894999966383,0.890999961016,0.813000030345);
#11435 = STYLED_ITEM('color',(#11436),#6877);
#11436 = PRESENTATION_STYLE_ASSIGNMENT((#11437));
#11437 = SURFACE_STYLE_USAGE(.BOTH.,#11438);
#11438 = SURFACE_SIDE_STYLE('',(#11439));
#11439 = SURFACE_STYLE_FILL_AREA(#11440);
#11440 = FILL_AREA_STYLE('',(#11441));
#11441 = FILL_AREA_STYLE_COLOUR('',#11384);
#11442 = STYLED_ITEM('color',(#11443),#6894);
#11443 = PRESENTATION_STYLE_ASSIGNMENT((#11444));
#11444 = SURFACE_STYLE_USAGE(.BOTH.,#11445);
#11445 = SURFACE_SIDE_STYLE('',(#11446));
#11446 = SURFACE_STYLE_FILL_AREA(#11447);
#11447 = FILL_AREA_STYLE('',(#11448));
#11448 = FILL_AREA_STYLE_COLOUR('',#11384);
#11449 = STYLED_ITEM('color',(#11450),#6911);
#11450 = PRESENTATION_STYLE_ASSIGNMENT((#11451));
#11451 = SURFACE_STYLE_USAGE(.BOTH.,#11452);
#11452 = SURFACE_SIDE_STYLE('',(#11453));
#11453 = SURFACE_STYLE_FILL_AREA(#11454);
#11454 = FILL_AREA_STYLE('',(#11455));
#11455 = FILL_AREA_STYLE_COLOUR('',#11434);
#11456 = STYLED_ITEM('color',(#11457),#6960);
#11457 = PRESENTATION_STYLE_ASSIGNMENT((#11458));
#11458 = SURFACE_STYLE_USAGE(.BOTH.,#11459);
#11459 = SURFACE_SIDE_STYLE('',(#11460));
#11460 = SURFACE_STYLE_FILL_AREA(#11461);
#11461 = FILL_AREA_STYLE('',(#11462));
#11462 = FILL_AREA_STYLE_COLOUR('',#11434);
#11463 = STYLED_ITEM('color',(#11464),#6977);
#11464 = PRESENTATION_STYLE_ASSIGNMENT((#11465));
#11465 = SURFACE_STYLE_USAGE(.BOTH.,#11466);
#11466 = SURFACE_SIDE_STYLE('',(#11467));
#11467 = SURFACE_STYLE_FILL_AREA(#11468);
#11468 = FILL_AREA_STYLE('',(#11469));
#11469 = FILL_AREA_STYLE_COLOUR('',#11384);
#11470 = STYLED_ITEM('color',(#11471),#7046);
#11471 = PRESENTATION_STYLE_ASSIGNMENT((#11472));
#11472 = SURFACE_STYLE_USAGE(.BOTH.,#11473);
#11473 = SURFACE_SIDE_STYLE('',(#11474));
#11474 = SURFACE_STYLE_FILL_AREA(#11475);
#11475 = FILL_AREA_STYLE('',(#11476));
#11476 = FILL_AREA_STYLE_COLOUR('',#11477);
#11477 = COLOUR_RGB('',8.200000279077E-02,8.600000121357E-02,
  9.399999706163E-02);
#11478 = STYLED_ITEM('color',(#11479),#7077);
#11479 = PRESENTATION_STYLE_ASSIGNMENT((#11480));
#11480 = SURFACE_STYLE_USAGE(.BOTH.,#11481);
#11481 = SURFACE_SIDE_STYLE('',(#11482));
#11482 = SURFACE_STYLE_FILL_AREA(#11483);
#11483 = FILL_AREA_STYLE('',(#11484));
#11484 = FILL_AREA_STYLE_COLOUR('',#11477);
#11485 = STYLED_ITEM('color',(#11486),#7101);
#11486 = PRESENTATION_STYLE_ASSIGNMENT((#11487));
#11487 = SURFACE_STYLE_USAGE(.BOTH.,#11488);
#11488 = SURFACE_SIDE_STYLE('',(#11489));
#11489 = SURFACE_STYLE_FILL_AREA(#11490);
#11490 = FILL_AREA_STYLE('',(#11491));
#11491 = FILL_AREA_STYLE_COLOUR('',#11384);
#11492 = STYLED_ITEM('color',(#11493),#7170);
#11493 = PRESENTATION_STYLE_ASSIGNMENT((#11494));
#11494 = SURFACE_STYLE_USAGE(.BOTH.,#11495);
#11495 = SURFACE_SIDE_STYLE('',(#11496));
#11496 = SURFACE_STYLE_FILL_AREA(#11497);
#11497 = FILL_AREA_STYLE('',(#11498));
#11498 = FILL_AREA_STYLE_COLOUR('',#11477);
#11499 = STYLED_ITEM('color',(#11500),#7194);
#11500 = PRESENTATION_STYLE_ASSIGNMENT((#11501));
#11501 = SURFACE_STYLE_USAGE(.BOTH.,#11502);
#11502 = SURFACE_SIDE_STYLE('',(#11503));
#11503 = SURFACE_STYLE_FILL_AREA(#11504);
#11504 = FILL_AREA_STYLE('',(#11505));
#11505 = FILL_AREA_STYLE_COLOUR('',#11384);
#11506 = STYLED_ITEM('color',(#11507),#7211);
#11507 = PRESENTATION_STYLE_ASSIGNMENT((#11508));
#11508 = SURFACE_STYLE_USAGE(.BOTH.,#11509);
#11509 = SURFACE_SIDE_STYLE('',(#11510));
#11510 = SURFACE_STYLE_FILL_AREA(#11511);
#11511 = FILL_AREA_STYLE('',(#11512));
#11512 = FILL_AREA_STYLE_COLOUR('',#11384);
#11513 = STYLED_ITEM('color',(#11514),#7228);
#11514 = PRESENTATION_STYLE_ASSIGNMENT((#11515));
#11515 = SURFACE_STYLE_USAGE(.BOTH.,#11516);
#11516 = SURFACE_SIDE_STYLE('',(#11517));
#11517 = SURFACE_STYLE_FILL_AREA(#11518);
#11518 = FILL_AREA_STYLE('',(#11519));
#11519 = FILL_AREA_STYLE_COLOUR('',#11384);
#11520 = STYLED_ITEM('color',(#11521),#7245);
#11521 = PRESENTATION_STYLE_ASSIGNMENT((#11522));
#11522 = SURFACE_STYLE_USAGE(.BOTH.,#11523);
#11523 = SURFACE_SIDE_STYLE('',(#11524));
#11524 = SURFACE_STYLE_FILL_AREA(#11525);
#11525 = FILL_AREA_STYLE('',(#11526));
#11526 = FILL_AREA_STYLE_COLOUR('',#11384);
#11527 = STYLED_ITEM('color',(#11528),#7262);
#11528 = PRESENTATION_STYLE_ASSIGNMENT((#11529));
#11529 = SURFACE_STYLE_USAGE(.BOTH.,#11530);
#11530 = SURFACE_SIDE_STYLE('',(#11531));
#11531 = SURFACE_STYLE_FILL_AREA(#11532);
#11532 = FILL_AREA_STYLE('',(#11533));
#11533 = FILL_AREA_STYLE_COLOUR('',#11384);
#11534 = STYLED_ITEM('color',(#11535),#7279);
#11535 = PRESENTATION_STYLE_ASSIGNMENT((#11536));
#11536 = SURFACE_STYLE_USAGE(.BOTH.,#11537);
#11537 = SURFACE_SIDE_STYLE('',(#11538));
#11538 = SURFACE_STYLE_FILL_AREA(#11539);
#11539 = FILL_AREA_STYLE('',(#11540));
#11540 = FILL_AREA_STYLE_COLOUR('',#11384);
#11541 = STYLED_ITEM('color',(#11542),#7296);
#11542 = PRESENTATION_STYLE_ASSIGNMENT((#11543));
#11543 = SURFACE_STYLE_USAGE(.BOTH.,#11544);
#11544 = SURFACE_SIDE_STYLE('',(#11545));
#11545 = SURFACE_STYLE_FILL_AREA(#11546);
#11546 = FILL_AREA_STYLE('',(#11547));
#11547 = FILL_AREA_STYLE_COLOUR('',#11384);
#11548 = STYLED_ITEM('color',(#11549),#7313);
#11549 = PRESENTATION_STYLE_ASSIGNMENT((#11550));
#11550 = SURFACE_STYLE_USAGE(.BOTH.,#11551);
#11551 = SURFACE_SIDE_STYLE('',(#11552));
#11552 = SURFACE_STYLE_FILL_AREA(#11553);
#11553 = FILL_AREA_STYLE('',(#11554));
#11554 = FILL_AREA_STYLE_COLOUR('',#11477);
#11555 = STYLED_ITEM('color',(#11556),#7330);
#11556 = PRESENTATION_STYLE_ASSIGNMENT((#11557));
#11557 = SURFACE_STYLE_USAGE(.BOTH.,#11558);
#11558 = SURFACE_SIDE_STYLE('',(#11559));
#11559 = SURFACE_STYLE_FILL_AREA(#11560);
#11560 = FILL_AREA_STYLE('',(#11561));
#11561 = FILL_AREA_STYLE_COLOUR('',#11477);
#11562 = MECHANICAL_DESIGN_GEOMETRIC_PRESENTATION_REPRESENTATION('',(
    #11563,#11570,#11577,#11584,#11591,#11598,#11605,#11612,#11619,
    #11626,#11633,#11640,#11647,#11654,#11661,#11668,#11675,#11682,
    #11689,#11696,#11703,#11710,#11717,#11724,#11731,#11738),#9916);
#11563 = STYLED_ITEM('color',(#11564),#9128);
#11564 = PRESENTATION_STYLE_ASSIGNMENT((#11565));
#11565 = SURFACE_STYLE_USAGE(.BOTH.,#11566);
#11566 = SURFACE_SIDE_STYLE('',(#11567));
#11567 = SURFACE_STYLE_FILL_AREA(#11568);
#11568 = FILL_AREA_STYLE('',(#11569));
#11569 = FILL_AREA_STYLE_COLOUR('',#11384);
#11570 = STYLED_ITEM('color',(#11571),#9168);
#11571 = PRESENTATION_STYLE_ASSIGNMENT((#11572));
#11572 = SURFACE_STYLE_USAGE(.BOTH.,#11573);
#11573 = SURFACE_SIDE_STYLE('',(#11574));
#11574 = SURFACE_STYLE_FILL_AREA(#11575);
#11575 = FILL_AREA_STYLE('',(#11576));
#11576 = FILL_AREA_STYLE_COLOUR('',#11384);
#11577 = STYLED_ITEM('color',(#11578),#9251);
#11578 = PRESENTATION_STYLE_ASSIGNMENT((#11579));
#11579 = SURFACE_STYLE_USAGE(.BOTH.,#11580);
#11580 = SURFACE_SIDE_STYLE('',(#11581));
#11581 = SURFACE_STYLE_FILL_AREA(#11582);
#11582 = FILL_AREA_STYLE('',(#11583));
#11583 = FILL_AREA_STYLE_COLOUR('',#11384);
#11584 = STYLED_ITEM('color',(#11585),#9276);
#11585 = PRESENTATION_STYLE_ASSIGNMENT((#11586));
#11586 = SURFACE_STYLE_USAGE(.BOTH.,#11587);
#11587 = SURFACE_SIDE_STYLE('',(#11588));
#11588 = SURFACE_STYLE_FILL_AREA(#11589);
#11589 = FILL_AREA_STYLE('',(#11590));
#11590 = FILL_AREA_STYLE_COLOUR('',#11384);
#11591 = STYLED_ITEM('color',(#11592),#9301);
#11592 = PRESENTATION_STYLE_ASSIGNMENT((#11593));
#11593 = SURFACE_STYLE_USAGE(.BOTH.,#11594);
#11594 = SURFACE_SIDE_STYLE('',(#11595));
#11595 = SURFACE_STYLE_FILL_AREA(#11596);
#11596 = FILL_AREA_STYLE('',(#11597));
#11597 = FILL_AREA_STYLE_COLOUR('',#11384);
#11598 = STYLED_ITEM('color',(#11599),#9368);
#11599 = PRESENTATION_STYLE_ASSIGNMENT((#11600));
#11600 = SURFACE_STYLE_USAGE(.BOTH.,#11601);
#11601 = SURFACE_SIDE_STYLE('',(#11602));
#11602 = SURFACE_STYLE_FILL_AREA(#11603);
#11603 = FILL_AREA_STYLE('',(#11604));
#11604 = FILL_AREA_STYLE_COLOUR('',#11384);
#11605 = STYLED_ITEM('color',(#11606),#9385);
#11606 = PRESENTATION_STYLE_ASSIGNMENT((#11607));
#11607 = SURFACE_STYLE_USAGE(.BOTH.,#11608);
#11608 = SURFACE_SIDE_STYLE('',(#11609));
#11609 = SURFACE_STYLE_FILL_AREA(#11610);
#11610 = FILL_AREA_STYLE('',(#11611));
#11611 = FILL_AREA_STYLE_COLOUR('',#11384);
#11612 = STYLED_ITEM('color',(#11613),#9402);
#11613 = PRESENTATION_STYLE_ASSIGNMENT((#11614));
#11614 = SURFACE_STYLE_USAGE(.BOTH.,#11615);
#11615 = SURFACE_SIDE_STYLE('',(#11616));
#11616 = SURFACE_STYLE_FILL_AREA(#11617);
#11617 = FILL_AREA_STYLE('',(#11618));
#11618 = FILL_AREA_STYLE_COLOUR('',#11434);
#11619 = STYLED_ITEM('color',(#11620),#9451);
#11620 = PRESENTATION_STYLE_ASSIGNMENT((#11621));
#11621 = SURFACE_STYLE_USAGE(.BOTH.,#11622);
#11622 = SURFACE_SIDE_STYLE('',(#11623));
#11623 = SURFACE_STYLE_FILL_AREA(#11624);
#11624 = FILL_AREA_STYLE('',(#11625));
#11625 = FILL_AREA_STYLE_COLOUR('',#11384);
#11626 = STYLED_ITEM('color',(#11627),#9468);
#11627 = PRESENTATION_STYLE_ASSIGNMENT((#11628));
#11628 = SURFACE_STYLE_USAGE(.BOTH.,#11629);
#11629 = SURFACE_SIDE_STYLE('',(#11630));
#11630 = SURFACE_STYLE_FILL_AREA(#11631);
#11631 = FILL_AREA_STYLE('',(#11632));
#11632 = FILL_AREA_STYLE_COLOUR('',#11384);
#11633 = STYLED_ITEM('color',(#11634),#9485);
#11634 = PRESENTATION_STYLE_ASSIGNMENT((#11635));
#11635 = SURFACE_STYLE_USAGE(.BOTH.,#11636);
#11636 = SURFACE_SIDE_STYLE('',(#11637));
#11637 = SURFACE_STYLE_FILL_AREA(#11638);
#11638 = FILL_AREA_STYLE('',(#11639));
#11639 = FILL_AREA_STYLE_COLOUR('',#11434);
#11640 = STYLED_ITEM('color',(#11641),#9534);
#11641 = PRESENTATION_STYLE_ASSIGNMENT((#11642));
#11642 = SURFACE_STYLE_USAGE(.BOTH.,#11643);
#11643 = SURFACE_SIDE_STYLE('',(#11644));
#11644 = SURFACE_STYLE_FILL_AREA(#11645);
#11645 = FILL_AREA_STYLE('',(#11646));
#11646 = FILL_AREA_STYLE_COLOUR('',#11434);
#11647 = STYLED_ITEM('color',(#11648),#9551);
#11648 = PRESENTATION_STYLE_ASSIGNMENT((#11649));
#11649 = SURFACE_STYLE_USAGE(.BOTH.,#11650);
#11650 = SURFACE_SIDE_STYLE('',(#11651));
#11651 = SURFACE_STYLE_FILL_AREA(#11652);
#11652 = FILL_AREA_STYLE('',(#11653));
#11653 = FILL_AREA_STYLE_COLOUR('',#11384);
#11654 = STYLED_ITEM('color',(#11655),#9620);
#11655 = PRESENTATION_STYLE_ASSIGNMENT((#11656));
#11656 = SURFACE_STYLE_USAGE(.BOTH.,#11657);
#11657 = SURFACE_SIDE_STYLE('',(#11658));
#11658 = SURFACE_STYLE_FILL_AREA(#11659);
#11659 = FILL_AREA_STYLE('',(#11660));
#11660 = FILL_AREA_STYLE_COLOUR('',#11477);
#11661 = STYLED_ITEM('color',(#11662),#9651);
#11662 = PRESENTATION_STYLE_ASSIGNMENT((#11663));
#11663 = SURFACE_STYLE_USAGE(.BOTH.,#11664);
#11664 = SURFACE_SIDE_STYLE('',(#11665));
#11665 = SURFACE_STYLE_FILL_AREA(#11666);
#11666 = FILL_AREA_STYLE('',(#11667));
#11667 = FILL_AREA_STYLE_COLOUR('',#11477);
#11668 = STYLED_ITEM('color',(#11669),#9675);
#11669 = PRESENTATION_STYLE_ASSIGNMENT((#11670));
#11670 = SURFACE_STYLE_USAGE(.BOTH.,#11671);
#11671 = SURFACE_SIDE_STYLE('',(#11672));
#11672 = SURFACE_STYLE_FILL_AREA(#11673);
#11673 = FILL_AREA_STYLE('',(#11674));
#11674 = FILL_AREA_STYLE_COLOUR('',#11384);
#11675 = STYLED_ITEM('color',(#11676),#9744);
#11676 = PRESENTATION_STYLE_ASSIGNMENT((#11677));
#11677 = SURFACE_STYLE_USAGE(.BOTH.,#11678);
#11678 = SURFACE_SIDE_STYLE('',(#11679));
#11679 = SURFACE_STYLE_FILL_AREA(#11680);
#11680 = FILL_AREA_STYLE('',(#11681));
#11681 = FILL_AREA_STYLE_COLOUR('',#11477);
#11682 = STYLED_ITEM('color',(#11683),#9768);
#11683 = PRESENTATION_STYLE_ASSIGNMENT((#11684));
#11684 = SURFACE_STYLE_USAGE(.BOTH.,#11685);
#11685 = SURFACE_SIDE_STYLE('',(#11686));
#11686 = SURFACE_STYLE_FILL_AREA(#11687);
#11687 = FILL_AREA_STYLE('',(#11688));
#11688 = FILL_AREA_STYLE_COLOUR('',#11384);
#11689 = STYLED_ITEM('color',(#11690),#9785);
#11690 = PRESENTATION_STYLE_ASSIGNMENT((#11691));
#11691 = SURFACE_STYLE_USAGE(.BOTH.,#11692);
#11692 = SURFACE_SIDE_STYLE('',(#11693));
#11693 = SURFACE_STYLE_FILL_AREA(#11694);
#11694 = FILL_AREA_STYLE('',(#11695));
#11695 = FILL_AREA_STYLE_COLOUR('',#11384);
#11696 = STYLED_ITEM('color',(#11697),#9802);
#11697 = PRESENTATION_STYLE_ASSIGNMENT((#11698));
#11698 = SURFACE_STYLE_USAGE(.BOTH.,#11699);
#11699 = SURFACE_SIDE_STYLE('',(#11700));
#11700 = SURFACE_STYLE_FILL_AREA(#11701);
#11701 = FILL_AREA_STYLE('',(#11702));
#11702 = FILL_AREA_STYLE_COLOUR('',#11384);
#11703 = STYLED_ITEM('color',(#11704),#9819);
#11704 = PRESENTATION_STYLE_ASSIGNMENT((#11705));
#11705 = SURFACE_STYLE_USAGE(.BOTH.,#11706);
#11706 = SURFACE_SIDE_STYLE('',(#11707));
#11707 = SURFACE_STYLE_FILL_AREA(#11708);
#11708 = FILL_AREA_STYLE('',(#11709));
#11709 = FILL_AREA_STYLE_COLOUR('',#11384);
#11710 = STYLED_ITEM('color',(#11711),#9836);
#11711 = PRESENTATION_STYLE_ASSIGNMENT((#11712));
#11712 = SURFACE_STYLE_USAGE(.BOTH.,#11713);
#11713 = SURFACE_SIDE_STYLE('',(#11714));
#11714 = SURFACE_STYLE_FILL_AREA(#11715);
#11715 = FILL_AREA_STYLE('',(#11716));
#11716 = FILL_AREA_STYLE_COLOUR('',#11384);
#11717 = STYLED_ITEM('color',(#11718),#9853);
#11718 = PRESENTATION_STYLE_ASSIGNMENT((#11719));
#11719 = SURFACE_STYLE_USAGE(.BOTH.,#11720);
#11720 = SURFACE_SIDE_STYLE('',(#11721));
#11721 = SURFACE_STYLE_FILL_AREA(#11722);
#11722 = FILL_AREA_STYLE('',(#11723));
#11723 = FILL_AREA_STYLE_COLOUR('',#11384);
#11724 = STYLED_ITEM('color',(#11725),#9870);
#11725 = PRESENTATION_STYLE_ASSIGNMENT((#11726));
#11726 = SURFACE_STYLE_USAGE(.BOTH.,#11727);
#11727 = SURFACE_SIDE_STYLE('',(#11728));
#11728 = SURFACE_STYLE_FILL_AREA(#11729);
#11729 = FILL_AREA_STYLE('',(#11730));
#11730 = FILL_AREA_STYLE_COLOUR('',#11384);
#11731 = STYLED_ITEM('color',(#11732),#9887);
#11732 = PRESENTATION_STYLE_ASSIGNMENT((#11733));
#11733 = SURFACE_STYLE_USAGE(.BOTH.,#11734);
#11734 = SURFACE_SIDE_STYLE('',(#11735));
#11735 = SURFACE_STYLE_FILL_AREA(#11736);
#11736 = FILL_AREA_STYLE('',(#11737));
#11737 = FILL_AREA_STYLE_COLOUR('',#11477);
#11738 = STYLED_ITEM('color',(#11739),#9904);
#11739 = PRESENTATION_STYLE_ASSIGNMENT((#11740));
#11740 = SURFACE_STYLE_USAGE(.BOTH.,#11741);
#11741 = SURFACE_SIDE_STYLE('',(#11742));
#11742 = SURFACE_STYLE_FILL_AREA(#11743);
#11743 = FILL_AREA_STYLE('',(#11744));
#11744 = FILL_AREA_STYLE_COLOUR('',#11477);
#11745 = MECHANICAL_DESIGN_GEOMETRIC_PRESENTATION_REPRESENTATION('',(
    #11746,#11753,#11760,#11767,#11774,#11781,#11788,#11795,#11802,
    #11809,#11816,#11824,#11831,#11838,#11845,#11852,#11859,#11866,
    #11873,#11880,#11887,#11894,#11901,#11908,#11915,#11922,#11929,
    #11936),#2566);
#11746 = STYLED_ITEM('color',(#11747),#1714);
#11747 = PRESENTATION_STYLE_ASSIGNMENT((#11748));
#11748 = SURFACE_STYLE_USAGE(.BOTH.,#11749);
#11749 = SURFACE_SIDE_STYLE('',(#11750));
#11750 = SURFACE_STYLE_FILL_AREA(#11751);
#11751 = FILL_AREA_STYLE('',(#11752));
#11752 = FILL_AREA_STYLE_COLOUR('',#11384);
#11753 = STYLED_ITEM('color',(#11754),#1790);
#11754 = PRESENTATION_STYLE_ASSIGNMENT((#11755));
#11755 = SURFACE_STYLE_USAGE(.BOTH.,#11756);
#11756 = SURFACE_SIDE_STYLE('',(#11757));
#11757 = SURFACE_STYLE_FILL_AREA(#11758);
#11758 = FILL_AREA_STYLE('',(#11759));
#11759 = FILL_AREA_STYLE_COLOUR('',#11384);
#11760 = STYLED_ITEM('color',(#11761),#1821);
#11761 = PRESENTATION_STYLE_ASSIGNMENT((#11762));
#11762 = SURFACE_STYLE_USAGE(.BOTH.,#11763);
#11763 = SURFACE_SIDE_STYLE('',(#11764));
#11764 = SURFACE_STYLE_FILL_AREA(#11765);
#11765 = FILL_AREA_STYLE('',(#11766));
#11766 = FILL_AREA_STYLE_COLOUR('',#11384);
#11767 = STYLED_ITEM('color',(#11768),#1846);
#11768 = PRESENTATION_STYLE_ASSIGNMENT((#11769));
#11769 = SURFACE_STYLE_USAGE(.BOTH.,#11770);
#11770 = SURFACE_SIDE_STYLE('',(#11771));
#11771 = SURFACE_STYLE_FILL_AREA(#11772);
#11772 = FILL_AREA_STYLE('',(#11773));
#11773 = FILL_AREA_STYLE_COLOUR('',#11384);
#11774 = STYLED_ITEM('color',(#11775),#1871);
#11775 = PRESENTATION_STYLE_ASSIGNMENT((#11776));
#11776 = SURFACE_STYLE_USAGE(.BOTH.,#11777);
#11777 = SURFACE_SIDE_STYLE('',(#11778));
#11778 = SURFACE_STYLE_FILL_AREA(#11779);
#11779 = FILL_AREA_STYLE('',(#11780));
#11780 = FILL_AREA_STYLE_COLOUR('',#11384);
#11781 = STYLED_ITEM('color',(#11782),#1895);
#11782 = PRESENTATION_STYLE_ASSIGNMENT((#11783));
#11783 = SURFACE_STYLE_USAGE(.BOTH.,#11784);
#11784 = SURFACE_SIDE_STYLE('',(#11785));
#11785 = SURFACE_STYLE_FILL_AREA(#11786);
#11786 = FILL_AREA_STYLE('',(#11787));
#11787 = FILL_AREA_STYLE_COLOUR('',#11384);
#11788 = STYLED_ITEM('color',(#11789),#1919);
#11789 = PRESENTATION_STYLE_ASSIGNMENT((#11790));
#11790 = SURFACE_STYLE_USAGE(.BOTH.,#11791);
#11791 = SURFACE_SIDE_STYLE('',(#11792));
#11792 = SURFACE_STYLE_FILL_AREA(#11793);
#11793 = FILL_AREA_STYLE('',(#11794));
#11794 = FILL_AREA_STYLE_COLOUR('',#11384);
#11795 = STYLED_ITEM('color',(#11796),#1944);
#11796 = PRESENTATION_STYLE_ASSIGNMENT((#11797));
#11797 = SURFACE_STYLE_USAGE(.BOTH.,#11798);
#11798 = SURFACE_SIDE_STYLE('',(#11799));
#11799 = SURFACE_STYLE_FILL_AREA(#11800);
#11800 = FILL_AREA_STYLE('',(#11801));
#11801 = FILL_AREA_STYLE_COLOUR('',#11384);
#11802 = STYLED_ITEM('color',(#11803),#1969);
#11803 = PRESENTATION_STYLE_ASSIGNMENT((#11804));
#11804 = SURFACE_STYLE_USAGE(.BOTH.,#11805);
#11805 = SURFACE_SIDE_STYLE('',(#11806));
#11806 = SURFACE_STYLE_FILL_AREA(#11807);
#11807 = FILL_AREA_STYLE('',(#11808));
#11808 = FILL_AREA_STYLE_COLOUR('',#11384);
#11809 = STYLED_ITEM('color',(#11810),#1986);
#11810 = PRESENTATION_STYLE_ASSIGNMENT((#11811));
#11811 = SURFACE_STYLE_USAGE(.BOTH.,#11812);
#11812 = SURFACE_SIDE_STYLE('',(#11813));
#11813 = SURFACE_STYLE_FILL_AREA(#11814);
#11814 = FILL_AREA_STYLE('',(#11815));
#11815 = FILL_AREA_STYLE_COLOUR('',#11384);
#11816 = STYLED_ITEM('color',(#11817),#2072);
#11817 = PRESENTATION_STYLE_ASSIGNMENT((#11818));
#11818 = SURFACE_STYLE_USAGE(.BOTH.,#11819);
#11819 = SURFACE_SIDE_STYLE('',(#11820));
#11820 = SURFACE_STYLE_FILL_AREA(#11821);
#11821 = FILL_AREA_STYLE('',(#11822));
#11822 = FILL_AREA_STYLE_COLOUR('',#11823);
#11823 = COLOUR_RGB('',0.379000005575,0.270000008848,0.214999999939);
#11824 = STYLED_ITEM('color',(#11825),#2104);
#11825 = PRESENTATION_STYLE_ASSIGNMENT((#11826));
#11826 = SURFACE_STYLE_USAGE(.BOTH.,#11827);
#11827 = SURFACE_SIDE_STYLE('',(#11828));
#11828 = SURFACE_STYLE_FILL_AREA(#11829);
#11829 = FILL_AREA_STYLE('',(#11830));
#11830 = FILL_AREA_STYLE_COLOUR('',#11823);
#11831 = STYLED_ITEM('color',(#11832),#2128);
#11832 = PRESENTATION_STYLE_ASSIGNMENT((#11833));
#11833 = SURFACE_STYLE_USAGE(.BOTH.,#11834);
#11834 = SURFACE_SIDE_STYLE('',(#11835));
#11835 = SURFACE_STYLE_FILL_AREA(#11836);
#11836 = FILL_AREA_STYLE('',(#11837));
#11837 = FILL_AREA_STYLE_COLOUR('',#11823);
#11838 = STYLED_ITEM('color',(#11839),#2153);
#11839 = PRESENTATION_STYLE_ASSIGNMENT((#11840));
#11840 = SURFACE_STYLE_USAGE(.BOTH.,#11841);
#11841 = SURFACE_SIDE_STYLE('',(#11842));
#11842 = SURFACE_STYLE_FILL_AREA(#11843);
#11843 = FILL_AREA_STYLE('',(#11844));
#11844 = FILL_AREA_STYLE_COLOUR('',#11823);
#11845 = STYLED_ITEM('color',(#11846),#2177);
#11846 = PRESENTATION_STYLE_ASSIGNMENT((#11847));
#11847 = SURFACE_STYLE_USAGE(.BOTH.,#11848);
#11848 = SURFACE_SIDE_STYLE('',(#11849));
#11849 = SURFACE_STYLE_FILL_AREA(#11850);
#11850 = FILL_AREA_STYLE('',(#11851));
#11851 = FILL_AREA_STYLE_COLOUR('',#11823);
#11852 = STYLED_ITEM('color',(#11853),#2202);
#11853 = PRESENTATION_STYLE_ASSIGNMENT((#11854));
#11854 = SURFACE_STYLE_USAGE(.BOTH.,#11855);
#11855 = SURFACE_SIDE_STYLE('',(#11856));
#11856 = SURFACE_STYLE_FILL_AREA(#11857);
#11857 = FILL_AREA_STYLE('',(#11858));
#11858 = FILL_AREA_STYLE_COLOUR('',#11823);
#11859 = STYLED_ITEM('color',(#11860),#2226);
#11860 = PRESENTATION_STYLE_ASSIGNMENT((#11861));
#11861 = SURFACE_STYLE_USAGE(.BOTH.,#11862);
#11862 = SURFACE_SIDE_STYLE('',(#11863));
#11863 = SURFACE_STYLE_FILL_AREA(#11864);
#11864 = FILL_AREA_STYLE('',(#11865));
#11865 = FILL_AREA_STYLE_COLOUR('',#11823);
#11866 = STYLED_ITEM('color',(#11867),#2251);
#11867 = PRESENTATION_STYLE_ASSIGNMENT((#11868));
#11868 = SURFACE_STYLE_USAGE(.BOTH.,#11869);
#11869 = SURFACE_SIDE_STYLE('',(#11870));
#11870 = SURFACE_STYLE_FILL_AREA(#11871);
#11871 = FILL_AREA_STYLE('',(#11872));
#11872 = FILL_AREA_STYLE_COLOUR('',#11823);
#11873 = STYLED_ITEM('color',(#11874),#2268);
#11874 = PRESENTATION_STYLE_ASSIGNMENT((#11875));
#11875 = SURFACE_STYLE_USAGE(.BOTH.,#11876);
#11876 = SURFACE_SIDE_STYLE('',(#11877));
#11877 = SURFACE_STYLE_FILL_AREA(#11878);
#11878 = FILL_AREA_STYLE('',(#11879));
#11879 = FILL_AREA_STYLE_COLOUR('',#11384);
#11880 = STYLED_ITEM('color',(#11881),#2354);
#11881 = PRESENTATION_STYLE_ASSIGNMENT((#11882));
#11882 = SURFACE_STYLE_USAGE(.BOTH.,#11883);
#11883 = SURFACE_SIDE_STYLE('',(#11884));
#11884 = SURFACE_STYLE_FILL_AREA(#11885);
#11885 = FILL_AREA_STYLE('',(#11886));
#11886 = FILL_AREA_STYLE_COLOUR('',#11384);
#11887 = STYLED_ITEM('color',(#11888),#2385);
#11888 = PRESENTATION_STYLE_ASSIGNMENT((#11889));
#11889 = SURFACE_STYLE_USAGE(.BOTH.,#11890);
#11890 = SURFACE_SIDE_STYLE('',(#11891));
#11891 = SURFACE_STYLE_FILL_AREA(#11892);
#11892 = FILL_AREA_STYLE('',(#11893));
#11893 = FILL_AREA_STYLE_COLOUR('',#11384);
#11894 = STYLED_ITEM('color',(#11895),#2410);
#11895 = PRESENTATION_STYLE_ASSIGNMENT((#11896));
#11896 = SURFACE_STYLE_USAGE(.BOTH.,#11897);
#11897 = SURFACE_SIDE_STYLE('',(#11898));
#11898 = SURFACE_STYLE_FILL_AREA(#11899);
#11899 = FILL_AREA_STYLE('',(#11900));
#11900 = FILL_AREA_STYLE_COLOUR('',#11384);
#11901 = STYLED_ITEM('color',(#11902),#2435);
#11902 = PRESENTATION_STYLE_ASSIGNMENT((#11903));
#11903 = SURFACE_STYLE_USAGE(.BOTH.,#11904);
#11904 = SURFACE_SIDE_STYLE('',(#11905));
#11905 = SURFACE_STYLE_FILL_AREA(#11906);
#11906 = FILL_AREA_STYLE('',(#11907));
#11907 = FILL_AREA_STYLE_COLOUR('',#11384);
#11908 = STYLED_ITEM('color',(#11909),#2459);
#11909 = PRESENTATION_STYLE_ASSIGNMENT((#11910));
#11910 = SURFACE_STYLE_USAGE(.BOTH.,#11911);
#11911 = SURFACE_SIDE_STYLE('',(#11912));
#11912 = SURFACE_STYLE_FILL_AREA(#11913);
#11913 = FILL_AREA_STYLE('',(#11914));
#11914 = FILL_AREA_STYLE_COLOUR('',#11384);
#11915 = STYLED_ITEM('color',(#11916),#2483);
#11916 = PRESENTATION_STYLE_ASSIGNMENT((#11917));
#11917 = SURFACE_STYLE_USAGE(.BOTH.,#11918);
#11918 = SURFACE_SIDE_STYLE('',(#11919));
#11919 = SURFACE_STYLE_FILL_AREA(#11920);
#11920 = FILL_AREA_STYLE('',(#11921));
#11921 = FILL_AREA_STYLE_COLOUR('',#11384);
#11922 = STYLED_ITEM('color',(#11923),#2508);
#11923 = PRESENTATION_STYLE_ASSIGNMENT((#11924));
#11924 = SURFACE_STYLE_USAGE(.BOTH.,#11925);
#11925 = SURFACE_SIDE_STYLE('',(#11926));
#11926 = SURFACE_STYLE_FILL_AREA(#11927);
#11927 = FILL_AREA_STYLE('',(#11928));
#11928 = FILL_AREA_STYLE_COLOUR('',#11384);
#11929 = STYLED_ITEM('color',(#11930),#2533);
#11930 = PRESENTATION_STYLE_ASSIGNMENT((#11931));
#11931 = SURFACE_STYLE_USAGE(.BOTH.,#11932);
#11932 = SURFACE_SIDE_STYLE('',(#11933));
#11933 = SURFACE_STYLE_FILL_AREA(#11934);
#11934 = FILL_AREA_STYLE('',(#11935));
#11935 = FILL_AREA_STYLE_COLOUR('',#11384);
#11936 = STYLED_ITEM('color',(#11937),#2550);
#11937 = PRESENTATION_STYLE_ASSIGNMENT((#11938));
#11938 = SURFACE_STYLE_USAGE(.BOTH.,#11939);
#11939 = SURFACE_SIDE_STYLE('',(#11940));
#11940 = SURFACE_STYLE_FILL_AREA(#11941);
#11941 = FILL_AREA_STYLE('',(#11942));
#11942 = FILL_AREA_STYLE_COLOUR('',#11384);
#11943 = MECHANICAL_DESIGN_GEOMETRIC_PRESENTATION_REPRESENTATION('',(
    #11944),#1201);
#11944 = STYLED_ITEM('color',(#11945),#1051);
#11945 = PRESENTATION_STYLE_ASSIGNMENT((#11946,#11952));
#11946 = SURFACE_STYLE_USAGE(.BOTH.,#11947);
#11947 = SURFACE_SIDE_STYLE('',(#11948));
#11948 = SURFACE_STYLE_FILL_AREA(#11949);
#11949 = FILL_AREA_STYLE('',(#11950));
#11950 = FILL_AREA_STYLE_COLOUR('',#11951);
#11951 = COLOUR_RGB('',0.300000011149,0.300000011149,0.300000011149);
#11952 = CURVE_STYLE('',#11953,POSITIVE_LENGTH_MEASURE(0.1),#11951);
#11953 = DRAUGHTING_PRE_DEFINED_CURVE_FONT('continuous');
#11954 = MECHANICAL_DESIGN_GEOMETRIC_PRESENTATION_REPRESENTATION('',(
    #11955),#11291);
#11955 = STYLED_ITEM('color',(#11956),#9935);
#11956 = PRESENTATION_STYLE_ASSIGNMENT((#11957));
#11957 = SURFACE_STYLE_USAGE(.BOTH.,#11958);
#11958 = SURFACE_SIDE_STYLE('',(#11959));
#11959 = SURFACE_STYLE_FILL_AREA(#11960);
#11960 = FILL_AREA_STYLE('',(#11961));
#11961 = FILL_AREA_STYLE_COLOUR('',#11962);
#11962 = COLOUR_RGB('',0.313304153717,0.484529207832,0.410020903123);
#11963 = MECHANICAL_DESIGN_GEOMETRIC_PRESENTATION_REPRESENTATION('',(
    #11964,#11974,#11983,#11992,#12001,#12010,#12019,#12028,#12037,
    #12046,#12055,#12064,#12073,#12082,#12091,#12100,#12109,#12118,
    #12127,#12136,#12145,#12154,#12163,#12172,#12181,#12190,#12199,
    #12208),#9074);
#11964 = STYLED_ITEM('color',(#11965),#8322);
#11965 = PRESENTATION_STYLE_ASSIGNMENT((#11966,#11972));
#11966 = SURFACE_STYLE_USAGE(.BOTH.,#11967);
#11967 = SURFACE_SIDE_STYLE('',(#11968));
#11968 = SURFACE_STYLE_FILL_AREA(#11969);
#11969 = FILL_AREA_STYLE('',(#11970));
#11970 = FILL_AREA_STYLE_COLOUR('',#11971);
#11971 = COLOUR_RGB('',0.250000000672,0.261999998232,0.280999994281);
#11972 = CURVE_STYLE('',#11973,POSITIVE_LENGTH_MEASURE(0.1),#11971);
#11973 = DRAUGHTING_PRE_DEFINED_CURVE_FONT('continuous');
#11974 = STYLED_ITEM('color',(#11975),#8386);
#11975 = PRESENTATION_STYLE_ASSIGNMENT((#11976,#11981));
#11976 = SURFACE_STYLE_USAGE(.BOTH.,#11977);
#11977 = SURFACE_SIDE_STYLE('',(#11978));
#11978 = SURFACE_STYLE_FILL_AREA(#11979);
#11979 = FILL_AREA_STYLE('',(#11980));
#11980 = FILL_AREA_STYLE_COLOUR('',#11971);
#11981 = CURVE_STYLE('',#11982,POSITIVE_LENGTH_MEASURE(0.1),#11971);
#11982 = DRAUGHTING_PRE_DEFINED_CURVE_FONT('continuous');
#11983 = STYLED_ITEM('color',(#11984),#8418);
#11984 = PRESENTATION_STYLE_ASSIGNMENT((#11985,#11990));
#11985 = SURFACE_STYLE_USAGE(.BOTH.,#11986);
#11986 = SURFACE_SIDE_STYLE('',(#11987));
#11987 = SURFACE_STYLE_FILL_AREA(#11988);
#11988 = FILL_AREA_STYLE('',(#11989));
#11989 = FILL_AREA_STYLE_COLOUR('',#11971);
#11990 = CURVE_STYLE('',#11991,POSITIVE_LENGTH_MEASURE(0.1),#11971);
#11991 = DRAUGHTING_PRE_DEFINED_CURVE_FONT('continuous');
#11992 = STYLED_ITEM('color',(#11993),#8450);
#11993 = PRESENTATION_STYLE_ASSIGNMENT((#11994,#11999));
#11994 = SURFACE_STYLE_USAGE(.BOTH.,#11995);
#11995 = SURFACE_SIDE_STYLE('',(#11996));
#11996 = SURFACE_STYLE_FILL_AREA(#11997);
#11997 = FILL_AREA_STYLE('',(#11998));
#11998 = FILL_AREA_STYLE_COLOUR('',#11971);
#11999 = CURVE_STYLE('',#12000,POSITIVE_LENGTH_MEASURE(0.1),#11971);
#12000 = DRAUGHTING_PRE_DEFINED_CURVE_FONT('continuous');
#12001 = STYLED_ITEM('color',(#12002),#8551);
#12002 = PRESENTATION_STYLE_ASSIGNMENT((#12003,#12008));
#12003 = SURFACE_STYLE_USAGE(.BOTH.,#12004);
#12004 = SURFACE_SIDE_STYLE('',(#12005));
#12005 = SURFACE_STYLE_FILL_AREA(#12006);
#12006 = FILL_AREA_STYLE('',(#12007));
#12007 = FILL_AREA_STYLE_COLOUR('',#11384);
#12008 = CURVE_STYLE('',#12009,POSITIVE_LENGTH_MEASURE(0.1),#11384);
#12009 = DRAUGHTING_PRE_DEFINED_CURVE_FONT('continuous');
#12010 = STYLED_ITEM('color',(#12011),#8579);
#12011 = PRESENTATION_STYLE_ASSIGNMENT((#12012,#12017));
#12012 = SURFACE_STYLE_USAGE(.BOTH.,#12013);
#12013 = SURFACE_SIDE_STYLE('',(#12014));
#12014 = SURFACE_STYLE_FILL_AREA(#12015);
#12015 = FILL_AREA_STYLE('',(#12016));
#12016 = FILL_AREA_STYLE_COLOUR('',#11384);
#12017 = CURVE_STYLE('',#12018,POSITIVE_LENGTH_MEASURE(0.1),#11384);
#12018 = DRAUGHTING_PRE_DEFINED_CURVE_FONT('continuous');
#12019 = STYLED_ITEM('color',(#12020),#8601);
#12020 = PRESENTATION_STYLE_ASSIGNMENT((#12021,#12026));
#12021 = SURFACE_STYLE_USAGE(.BOTH.,#12022);
#12022 = SURFACE_SIDE_STYLE('',(#12023));
#12023 = SURFACE_STYLE_FILL_AREA(#12024);
#12024 = FILL_AREA_STYLE('',(#12025));
#12025 = FILL_AREA_STYLE_COLOUR('',#11384);
#12026 = CURVE_STYLE('',#12027,POSITIVE_LENGTH_MEASURE(0.1),#11384);
#12027 = DRAUGHTING_PRE_DEFINED_CURVE_FONT('continuous');
#12028 = STYLED_ITEM('color',(#12029),#8623);
#12029 = PRESENTATION_STYLE_ASSIGNMENT((#12030,#12035));
#12030 = SURFACE_STYLE_USAGE(.BOTH.,#12031);
#12031 = SURFACE_SIDE_STYLE('',(#12032));
#12032 = SURFACE_STYLE_FILL_AREA(#12033);
#12033 = FILL_AREA_STYLE('',(#12034));
#12034 = FILL_AREA_STYLE_COLOUR('',#11971);
#12035 = CURVE_STYLE('',#12036,POSITIVE_LENGTH_MEASURE(0.1),#11971);
#12036 = DRAUGHTING_PRE_DEFINED_CURVE_FONT('continuous');
#12037 = STYLED_ITEM('color',(#12038),#8648);
#12038 = PRESENTATION_STYLE_ASSIGNMENT((#12039,#12044));
#12039 = SURFACE_STYLE_USAGE(.BOTH.,#12040);
#12040 = SURFACE_SIDE_STYLE('',(#12041));
#12041 = SURFACE_STYLE_FILL_AREA(#12042);
#12042 = FILL_AREA_STYLE('',(#12043));
#12043 = FILL_AREA_STYLE_COLOUR('',#11971);
#12044 = CURVE_STYLE('',#12045,POSITIVE_LENGTH_MEASURE(0.1),#11971);
#12045 = DRAUGHTING_PRE_DEFINED_CURVE_FONT('continuous');
#12046 = STYLED_ITEM('color',(#12047),#8669);
#12047 = PRESENTATION_STYLE_ASSIGNMENT((#12048,#12053));
#12048 = SURFACE_STYLE_USAGE(.BOTH.,#12049);
#12049 = SURFACE_SIDE_STYLE('',(#12050));
#12050 = SURFACE_STYLE_FILL_AREA(#12051);
#12051 = FILL_AREA_STYLE('',(#12052));
#12052 = FILL_AREA_STYLE_COLOUR('',#11971);
#12053 = CURVE_STYLE('',#12054,POSITIVE_LENGTH_MEASURE(0.1),#11971);
#12054 = DRAUGHTING_PRE_DEFINED_CURVE_FONT('continuous');
#12055 = STYLED_ITEM('color',(#12056),#8697);
#12056 = PRESENTATION_STYLE_ASSIGNMENT((#12057,#12062));
#12057 = SURFACE_STYLE_USAGE(.BOTH.,#12058);
#12058 = SURFACE_SIDE_STYLE('',(#12059));
#12059 = SURFACE_STYLE_FILL_AREA(#12060);
#12060 = FILL_AREA_STYLE('',(#12061));
#12061 = FILL_AREA_STYLE_COLOUR('',#11971);
#12062 = CURVE_STYLE('',#12063,POSITIVE_LENGTH_MEASURE(0.1),#11971);
#12063 = DRAUGHTING_PRE_DEFINED_CURVE_FONT('continuous');
#12064 = STYLED_ITEM('color',(#12065),#8718);
#12065 = PRESENTATION_STYLE_ASSIGNMENT((#12066,#12071));
#12066 = SURFACE_STYLE_USAGE(.BOTH.,#12067);
#12067 = SURFACE_SIDE_STYLE('',(#12068));
#12068 = SURFACE_STYLE_FILL_AREA(#12069);
#12069 = FILL_AREA_STYLE('',(#12070));
#12070 = FILL_AREA_STYLE_COLOUR('',#11971);
#12071 = CURVE_STYLE('',#12072,POSITIVE_LENGTH_MEASURE(0.1),#11971);
#12072 = DRAUGHTING_PRE_DEFINED_CURVE_FONT('continuous');
#12073 = STYLED_ITEM('color',(#12074),#8740);
#12074 = PRESENTATION_STYLE_ASSIGNMENT((#12075,#12080));
#12075 = SURFACE_STYLE_USAGE(.BOTH.,#12076);
#12076 = SURFACE_SIDE_STYLE('',(#12077));
#12077 = SURFACE_STYLE_FILL_AREA(#12078);
#12078 = FILL_AREA_STYLE('',(#12079));
#12079 = FILL_AREA_STYLE_COLOUR('',#11384);
#12080 = CURVE_STYLE('',#12081,POSITIVE_LENGTH_MEASURE(0.1),#11384);
#12081 = DRAUGHTING_PRE_DEFINED_CURVE_FONT('continuous');
#12082 = STYLED_ITEM('color',(#12083),#8758);
#12083 = PRESENTATION_STYLE_ASSIGNMENT((#12084,#12089));
#12084 = SURFACE_STYLE_USAGE(.BOTH.,#12085);
#12085 = SURFACE_SIDE_STYLE('',(#12086));
#12086 = SURFACE_STYLE_FILL_AREA(#12087);
#12087 = FILL_AREA_STYLE('',(#12088));
#12088 = FILL_AREA_STYLE_COLOUR('',#11971);
#12089 = CURVE_STYLE('',#12090,POSITIVE_LENGTH_MEASURE(0.1),#11971);
#12090 = DRAUGHTING_PRE_DEFINED_CURVE_FONT('continuous');
#12091 = STYLED_ITEM('color',(#12092),#8783);
#12092 = PRESENTATION_STYLE_ASSIGNMENT((#12093,#12098));
#12093 = SURFACE_STYLE_USAGE(.BOTH.,#12094);
#12094 = SURFACE_SIDE_STYLE('',(#12095));
#12095 = SURFACE_STYLE_FILL_AREA(#12096);
#12096 = FILL_AREA_STYLE('',(#12097));
#12097 = FILL_AREA_STYLE_COLOUR('',#11971);
#12098 = CURVE_STYLE('',#12099,POSITIVE_LENGTH_MEASURE(0.1),#11971);
#12099 = DRAUGHTING_PRE_DEFINED_CURVE_FONT('continuous');
#12100 = STYLED_ITEM('color',(#12101),#8825);
#12101 = PRESENTATION_STYLE_ASSIGNMENT((#12102,#12107));
#12102 = SURFACE_STYLE_USAGE(.BOTH.,#12103);
#12103 = SURFACE_SIDE_STYLE('',(#12104));
#12104 = SURFACE_STYLE_FILL_AREA(#12105);
#12105 = FILL_AREA_STYLE('',(#12106));
#12106 = FILL_AREA_STYLE_COLOUR('',#11384);
#12107 = CURVE_STYLE('',#12108,POSITIVE_LENGTH_MEASURE(0.1),#11384);
#12108 = DRAUGHTING_PRE_DEFINED_CURVE_FONT('continuous');
#12109 = STYLED_ITEM('color',(#12110),#8855);
#12110 = PRESENTATION_STYLE_ASSIGNMENT((#12111,#12116));
#12111 = SURFACE_STYLE_USAGE(.BOTH.,#12112);
#12112 = SURFACE_SIDE_STYLE('',(#12113));
#12113 = SURFACE_STYLE_FILL_AREA(#12114);
#12114 = FILL_AREA_STYLE('',(#12115));
#12115 = FILL_AREA_STYLE_COLOUR('',#11971);
#12116 = CURVE_STYLE('',#12117,POSITIVE_LENGTH_MEASURE(0.1),#11971);
#12117 = DRAUGHTING_PRE_DEFINED_CURVE_FONT('continuous');
#12118 = STYLED_ITEM('color',(#12119),#8880);
#12119 = PRESENTATION_STYLE_ASSIGNMENT((#12120,#12125));
#12120 = SURFACE_STYLE_USAGE(.BOTH.,#12121);
#12121 = SURFACE_SIDE_STYLE('',(#12122));
#12122 = SURFACE_STYLE_FILL_AREA(#12123);
#12123 = FILL_AREA_STYLE('',(#12124));
#12124 = FILL_AREA_STYLE_COLOUR('',#11971);
#12125 = CURVE_STYLE('',#12126,POSITIVE_LENGTH_MEASURE(0.1),#11971);
#12126 = DRAUGHTING_PRE_DEFINED_CURVE_FONT('continuous');
#12127 = STYLED_ITEM('color',(#12128),#8896);
#12128 = PRESENTATION_STYLE_ASSIGNMENT((#12129,#12134));
#12129 = SURFACE_STYLE_USAGE(.BOTH.,#12130);
#12130 = SURFACE_SIDE_STYLE('',(#12131));
#12131 = SURFACE_STYLE_FILL_AREA(#12132);
#12132 = FILL_AREA_STYLE('',(#12133));
#12133 = FILL_AREA_STYLE_COLOUR('',#11384);
#12134 = CURVE_STYLE('',#12135,POSITIVE_LENGTH_MEASURE(0.1),#11384);
#12135 = DRAUGHTING_PRE_DEFINED_CURVE_FONT('continuous');
#12136 = STYLED_ITEM('color',(#12137),#8908);
#12137 = PRESENTATION_STYLE_ASSIGNMENT((#12138,#12143));
#12138 = SURFACE_STYLE_USAGE(.BOTH.,#12139);
#12139 = SURFACE_SIDE_STYLE('',(#12140));
#12140 = SURFACE_STYLE_FILL_AREA(#12141);
#12141 = FILL_AREA_STYLE('',(#12142));
#12142 = FILL_AREA_STYLE_COLOUR('',#11971);
#12143 = CURVE_STYLE('',#12144,POSITIVE_LENGTH_MEASURE(0.1),#11971);
#12144 = DRAUGHTING_PRE_DEFINED_CURVE_FONT('continuous');
#12145 = STYLED_ITEM('color',(#12146),#8927);
#12146 = PRESENTATION_STYLE_ASSIGNMENT((#12147,#12152));
#12147 = SURFACE_STYLE_USAGE(.BOTH.,#12148);
#12148 = SURFACE_SIDE_STYLE('',(#12149));
#12149 = SURFACE_STYLE_FILL_AREA(#12150);
#12150 = FILL_AREA_STYLE('',(#12151));
#12151 = FILL_AREA_STYLE_COLOUR('',#11971);
#12152 = CURVE_STYLE('',#12153,POSITIVE_LENGTH_MEASURE(0.1),#11971);
#12153 = DRAUGHTING_PRE_DEFINED_CURVE_FONT('continuous');
#12154 = STYLED_ITEM('color',(#12155),#8946);
#12155 = PRESENTATION_STYLE_ASSIGNMENT((#12156,#12161));
#12156 = SURFACE_STYLE_USAGE(.BOTH.,#12157);
#12157 = SURFACE_SIDE_STYLE('',(#12158));
#12158 = SURFACE_STYLE_FILL_AREA(#12159);
#12159 = FILL_AREA_STYLE('',(#12160));
#12160 = FILL_AREA_STYLE_COLOUR('',#11971);
#12161 = CURVE_STYLE('',#12162,POSITIVE_LENGTH_MEASURE(0.1),#11971);
#12162 = DRAUGHTING_PRE_DEFINED_CURVE_FONT('continuous');
#12163 = STYLED_ITEM('color',(#12164),#8970);
#12164 = PRESENTATION_STYLE_ASSIGNMENT((#12165,#12170));
#12165 = SURFACE_STYLE_USAGE(.BOTH.,#12166);
#12166 = SURFACE_SIDE_STYLE('',(#12167));
#12167 = SURFACE_STYLE_FILL_AREA(#12168);
#12168 = FILL_AREA_STYLE('',(#12169));
#12169 = FILL_AREA_STYLE_COLOUR('',#11971);
#12170 = CURVE_STYLE('',#12171,POSITIVE_LENGTH_MEASURE(0.1),#11971);
#12171 = DRAUGHTING_PRE_DEFINED_CURVE_FONT('continuous');
#12172 = STYLED_ITEM('color',(#12173),#8986);
#12173 = PRESENTATION_STYLE_ASSIGNMENT((#12174,#12179));
#12174 = SURFACE_STYLE_USAGE(.BOTH.,#12175);
#12175 = SURFACE_SIDE_STYLE('',(#12176));
#12176 = SURFACE_STYLE_FILL_AREA(#12177);
#12177 = FILL_AREA_STYLE('',(#12178));
#12178 = FILL_AREA_STYLE_COLOUR('',#11384);
#12179 = CURVE_STYLE('',#12180,POSITIVE_LENGTH_MEASURE(0.1),#11384);
#12180 = DRAUGHTING_PRE_DEFINED_CURVE_FONT('continuous');
#12181 = STYLED_ITEM('color',(#12182),#9008);
#12182 = PRESENTATION_STYLE_ASSIGNMENT((#12183,#12188));
#12183 = SURFACE_STYLE_USAGE(.BOTH.,#12184);
#12184 = SURFACE_SIDE_STYLE('',(#12185));
#12185 = SURFACE_STYLE_FILL_AREA(#12186);
#12186 = FILL_AREA_STYLE('',(#12187));
#12187 = FILL_AREA_STYLE_COLOUR('',#11384);
#12188 = CURVE_STYLE('',#12189,POSITIVE_LENGTH_MEASURE(0.1),#11384);
#12189 = DRAUGHTING_PRE_DEFINED_CURVE_FONT('continuous');
#12190 = STYLED_ITEM('color',(#12191),#9030);
#12191 = PRESENTATION_STYLE_ASSIGNMENT((#12192,#12197));
#12192 = SURFACE_STYLE_USAGE(.BOTH.,#12193);
#12193 = SURFACE_SIDE_STYLE('',(#12194));
#12194 = SURFACE_STYLE_FILL_AREA(#12195);
#12195 = FILL_AREA_STYLE('',(#12196));
#12196 = FILL_AREA_STYLE_COLOUR('',#11384);
#12197 = CURVE_STYLE('',#12198,POSITIVE_LENGTH_MEASURE(0.1),#11384);
#12198 = DRAUGHTING_PRE_DEFINED_CURVE_FONT('continuous');
#12199 = STYLED_ITEM('color',(#12200),#9046);
#12200 = PRESENTATION_STYLE_ASSIGNMENT((#12201,#12206));
#12201 = SURFACE_STYLE_USAGE(.BOTH.,#12202);
#12202 = SURFACE_SIDE_STYLE('',(#12203));
#12203 = SURFACE_STYLE_FILL_AREA(#12204);
#12204 = FILL_AREA_STYLE('',(#12205));
#12205 = FILL_AREA_STYLE_COLOUR('',#11384);
#12206 = CURVE_STYLE('',#12207,POSITIVE_LENGTH_MEASURE(0.1),#11384);
#12207 = DRAUGHTING_PRE_DEFINED_CURVE_FONT('continuous');
#12208 = STYLED_ITEM('color',(#12209),#9058);
#12209 = PRESENTATION_STYLE_ASSIGNMENT((#12210,#12215));
#12210 = SURFACE_STYLE_USAGE(.BOTH.,#12211);
#12211 = SURFACE_SIDE_STYLE('',(#12212));
#12212 = SURFACE_STYLE_FILL_AREA(#12213);
#12213 = FILL_AREA_STYLE('',(#12214));
#12214 = FILL_AREA_STYLE_COLOUR('',#11971);
#12215 = CURVE_STYLE('',#12216,POSITIVE_LENGTH_MEASURE(0.1),#11971);
#12216 = DRAUGHTING_PRE_DEFINED_CURVE_FONT('continuous');
#12217 = MECHANICAL_DESIGN_GEOMETRIC_PRESENTATION_REPRESENTATION('',(
    #12218,#12225,#12232,#12239,#12246,#12253,#12260,#12267,#12274,
    #12281,#12288,#12295,#12302,#12309,#12316,#12323,#12330,#12337,
    #12344,#12351,#12358,#12365,#12372,#12379,#12386,#12393,#12400,
    #12407),#982);
#12218 = STYLED_ITEM('color',(#12219),#130);
#12219 = PRESENTATION_STYLE_ASSIGNMENT((#12220));
#12220 = SURFACE_STYLE_USAGE(.BOTH.,#12221);
#12221 = SURFACE_SIDE_STYLE('',(#12222));
#12222 = SURFACE_STYLE_FILL_AREA(#12223);
#12223 = FILL_AREA_STYLE('',(#12224));
#12224 = FILL_AREA_STYLE_COLOUR('',#11384);
#12225 = STYLED_ITEM('color',(#12226),#206);
#12226 = PRESENTATION_STYLE_ASSIGNMENT((#12227));
#12227 = SURFACE_STYLE_USAGE(.BOTH.,#12228);
#12228 = SURFACE_SIDE_STYLE('',(#12229));
#12229 = SURFACE_STYLE_FILL_AREA(#12230);
#12230 = FILL_AREA_STYLE('',(#12231));
#12231 = FILL_AREA_STYLE_COLOUR('',#11384);
#12232 = STYLED_ITEM('color',(#12233),#237);
#12233 = PRESENTATION_STYLE_ASSIGNMENT((#12234));
#12234 = SURFACE_STYLE_USAGE(.BOTH.,#12235);
#12235 = SURFACE_SIDE_STYLE('',(#12236));
#12236 = SURFACE_STYLE_FILL_AREA(#12237);
#12237 = FILL_AREA_STYLE('',(#12238));
#12238 = FILL_AREA_STYLE_COLOUR('',#11384);
#12239 = STYLED_ITEM('color',(#12240),#262);
#12240 = PRESENTATION_STYLE_ASSIGNMENT((#12241));
#12241 = SURFACE_STYLE_USAGE(.BOTH.,#12242);
#12242 = SURFACE_SIDE_STYLE('',(#12243));
#12243 = SURFACE_STYLE_FILL_AREA(#12244);
#12244 = FILL_AREA_STYLE('',(#12245));
#12245 = FILL_AREA_STYLE_COLOUR('',#11384);
#12246 = STYLED_ITEM('color',(#12247),#287);
#12247 = PRESENTATION_STYLE_ASSIGNMENT((#12248));
#12248 = SURFACE_STYLE_USAGE(.BOTH.,#12249);
#12249 = SURFACE_SIDE_STYLE('',(#12250));
#12250 = SURFACE_STYLE_FILL_AREA(#12251);
#12251 = FILL_AREA_STYLE('',(#12252));
#12252 = FILL_AREA_STYLE_COLOUR('',#11384);
#12253 = STYLED_ITEM('color',(#12254),#311);
#12254 = PRESENTATION_STYLE_ASSIGNMENT((#12255));
#12255 = SURFACE_STYLE_USAGE(.BOTH.,#12256);
#12256 = SURFACE_SIDE_STYLE('',(#12257));
#12257 = SURFACE_STYLE_FILL_AREA(#12258);
#12258 = FILL_AREA_STYLE('',(#12259));
#12259 = FILL_AREA_STYLE_COLOUR('',#11384);
#12260 = STYLED_ITEM('color',(#12261),#335);
#12261 = PRESENTATION_STYLE_ASSIGNMENT((#12262));
#12262 = SURFACE_STYLE_USAGE(.BOTH.,#12263);
#12263 = SURFACE_SIDE_STYLE('',(#12264));
#12264 = SURFACE_STYLE_FILL_AREA(#12265);
#12265 = FILL_AREA_STYLE('',(#12266));
#12266 = FILL_AREA_STYLE_COLOUR('',#11384);
#12267 = STYLED_ITEM('color',(#12268),#360);
#12268 = PRESENTATION_STYLE_ASSIGNMENT((#12269));
#12269 = SURFACE_STYLE_USAGE(.BOTH.,#12270);
#12270 = SURFACE_SIDE_STYLE('',(#12271));
#12271 = SURFACE_STYLE_FILL_AREA(#12272);
#12272 = FILL_AREA_STYLE('',(#12273));
#12273 = FILL_AREA_STYLE_COLOUR('',#11384);
#12274 = STYLED_ITEM('color',(#12275),#385);
#12275 = PRESENTATION_STYLE_ASSIGNMENT((#12276));
#12276 = SURFACE_STYLE_USAGE(.BOTH.,#12277);
#12277 = SURFACE_SIDE_STYLE('',(#12278));
#12278 = SURFACE_STYLE_FILL_AREA(#12279);
#12279 = FILL_AREA_STYLE('',(#12280));
#12280 = FILL_AREA_STYLE_COLOUR('',#11384);
#12281 = STYLED_ITEM('color',(#12282),#402);
#12282 = PRESENTATION_STYLE_ASSIGNMENT((#12283));
#12283 = SURFACE_STYLE_USAGE(.BOTH.,#12284);
#12284 = SURFACE_SIDE_STYLE('',(#12285));
#12285 = SURFACE_STYLE_FILL_AREA(#12286);
#12286 = FILL_AREA_STYLE('',(#12287));
#12287 = FILL_AREA_STYLE_COLOUR('',#11384);
#12288 = STYLED_ITEM('color',(#12289),#488);
#12289 = PRESENTATION_STYLE_ASSIGNMENT((#12290));
#12290 = SURFACE_STYLE_USAGE(.BOTH.,#12291);
#12291 = SURFACE_SIDE_STYLE('',(#12292));
#12292 = SURFACE_STYLE_FILL_AREA(#12293);
#12293 = FILL_AREA_STYLE('',(#12294));
#12294 = FILL_AREA_STYLE_COLOUR('',#11823);
#12295 = STYLED_ITEM('color',(#12296),#520);
#12296 = PRESENTATION_STYLE_ASSIGNMENT((#12297));
#12297 = SURFACE_STYLE_USAGE(.BOTH.,#12298);
#12298 = SURFACE_SIDE_STYLE('',(#12299));
#12299 = SURFACE_STYLE_FILL_AREA(#12300);
#12300 = FILL_AREA_STYLE('',(#12301));
#12301 = FILL_AREA_STYLE_COLOUR('',#11823);
#12302 = STYLED_ITEM('color',(#12303),#544);
#12303 = PRESENTATION_STYLE_ASSIGNMENT((#12304));
#12304 = SURFACE_STYLE_USAGE(.BOTH.,#12305);
#12305 = SURFACE_SIDE_STYLE('',(#12306));
#12306 = SURFACE_STYLE_FILL_AREA(#12307);
#12307 = FILL_AREA_STYLE('',(#12308));
#12308 = FILL_AREA_STYLE_COLOUR('',#11823);
#12309 = STYLED_ITEM('color',(#12310),#569);
#12310 = PRESENTATION_STYLE_ASSIGNMENT((#12311));
#12311 = SURFACE_STYLE_USAGE(.BOTH.,#12312);
#12312 = SURFACE_SIDE_STYLE('',(#12313));
#12313 = SURFACE_STYLE_FILL_AREA(#12314);
#12314 = FILL_AREA_STYLE('',(#12315));
#12315 = FILL_AREA_STYLE_COLOUR('',#11823);
#12316 = STYLED_ITEM('color',(#12317),#593);
#12317 = PRESENTATION_STYLE_ASSIGNMENT((#12318));
#12318 = SURFACE_STYLE_USAGE(.BOTH.,#12319);
#12319 = SURFACE_SIDE_STYLE('',(#12320));
#12320 = SURFACE_STYLE_FILL_AREA(#12321);
#12321 = FILL_AREA_STYLE('',(#12322));
#12322 = FILL_AREA_STYLE_COLOUR('',#11823);
#12323 = STYLED_ITEM('color',(#12324),#618);
#12324 = PRESENTATION_STYLE_ASSIGNMENT((#12325));
#12325 = SURFACE_STYLE_USAGE(.BOTH.,#12326);
#12326 = SURFACE_SIDE_STYLE('',(#12327));
#12327 = SURFACE_STYLE_FILL_AREA(#12328);
#12328 = FILL_AREA_STYLE('',(#12329));
#12329 = FILL_AREA_STYLE_COLOUR('',#11823);
#12330 = STYLED_ITEM('color',(#12331),#642);
#12331 = PRESENTATION_STYLE_ASSIGNMENT((#12332));
#12332 = SURFACE_STYLE_USAGE(.BOTH.,#12333);
#12333 = SURFACE_SIDE_STYLE('',(#12334));
#12334 = SURFACE_STYLE_FILL_AREA(#12335);
#12335 = FILL_AREA_STYLE('',(#12336));
#12336 = FILL_AREA_STYLE_COLOUR('',#11823);
#12337 = STYLED_ITEM('color',(#12338),#667);
#12338 = PRESENTATION_STYLE_ASSIGNMENT((#12339));
#12339 = SURFACE_STYLE_USAGE(.BOTH.,#12340);
#12340 = SURFACE_SIDE_STYLE('',(#12341));
#12341 = SURFACE_STYLE_FILL_AREA(#12342);
#12342 = FILL_AREA_STYLE('',(#12343));
#12343 = FILL_AREA_STYLE_COLOUR('',#11823);
#12344 = STYLED_ITEM('color',(#12345),#684);
#12345 = PRESENTATION_STYLE_ASSIGNMENT((#12346));
#12346 = SURFACE_STYLE_USAGE(.BOTH.,#12347);
#12347 = SURFACE_SIDE_STYLE('',(#12348));
#12348 = SURFACE_STYLE_FILL_AREA(#12349);
#12349 = FILL_AREA_STYLE('',(#12350));
#12350 = FILL_AREA_STYLE_COLOUR('',#11384);
#12351 = STYLED_ITEM('color',(#12352),#770);
#12352 = PRESENTATION_STYLE_ASSIGNMENT((#12353));
#12353 = SURFACE_STYLE_USAGE(.BOTH.,#12354);
#12354 = SURFACE_SIDE_STYLE('',(#12355));
#12355 = SURFACE_STYLE_FILL_AREA(#12356);
#12356 = FILL_AREA_STYLE('',(#12357));
#12357 = FILL_AREA_STYLE_COLOUR('',#11384);
#12358 = STYLED_ITEM('color',(#12359),#801);
#12359 = PRESENTATION_STYLE_ASSIGNMENT((#12360));
#12360 = SURFACE_STYLE_USAGE(.BOTH.,#12361);
#12361 = SURFACE_SIDE_STYLE('',(#12362));
#12362 = SURFACE_STYLE_FILL_AREA(#12363);
#12363 = FILL_AREA_STYLE('',(#12364));
#12364 = FILL_AREA_STYLE_COLOUR('',#11384);
#12365 = STYLED_ITEM('color',(#12366),#826);
#12366 = PRESENTATION_STYLE_ASSIGNMENT((#12367));
#12367 = SURFACE_STYLE_USAGE(.BOTH.,#12368);
#12368 = SURFACE_SIDE_STYLE('',(#12369));
#12369 = SURFACE_STYLE_FILL_AREA(#12370);
#12370 = FILL_AREA_STYLE('',(#12371));
#12371 = FILL_AREA_STYLE_COLOUR('',#11384);
#12372 = STYLED_ITEM('color',(#12373),#851);
#12373 = PRESENTATION_STYLE_ASSIGNMENT((#12374));
#12374 = SURFACE_STYLE_USAGE(.BOTH.,#12375);
#12375 = SURFACE_SIDE_STYLE('',(#12376));
#12376 = SURFACE_STYLE_FILL_AREA(#12377);
#12377 = FILL_AREA_STYLE('',(#12378));
#12378 = FILL_AREA_STYLE_COLOUR('',#11384);
#12379 = STYLED_ITEM('color',(#12380),#875);
#12380 = PRESENTATION_STYLE_ASSIGNMENT((#12381));
#12381 = SURFACE_STYLE_USAGE(.BOTH.,#12382);
#12382 = SURFACE_SIDE_STYLE('',(#12383));
#12383 = SURFACE_STYLE_FILL_AREA(#12384);
#12384 = FILL_AREA_STYLE('',(#12385));
#12385 = FILL_AREA_STYLE_COLOUR('',#11384);
#12386 = STYLED_ITEM('color',(#12387),#899);
#12387 = PRESENTATION_STYLE_ASSIGNMENT((#12388));
#12388 = SURFACE_STYLE_USAGE(.BOTH.,#12389);
#12389 = SURFACE_SIDE_STYLE('',(#12390));
#12390 = SURFACE_STYLE_FILL_AREA(#12391);
#12391 = FILL_AREA_STYLE('',(#12392));
#12392 = FILL_AREA_STYLE_COLOUR('',#11384);
#12393 = STYLED_ITEM('color',(#12394),#924);
#12394 = PRESENTATION_STYLE_ASSIGNMENT((#12395));
#12395 = SURFACE_STYLE_USAGE(.BOTH.,#12396);
#12396 = SURFACE_SIDE_STYLE('',(#12397));
#12397 = SURFACE_STYLE_FILL_AREA(#12398);
#12398 = FILL_AREA_STYLE('',(#12399));
#12399 = FILL_AREA_STYLE_COLOUR('',#11384);
#12400 = STYLED_ITEM('color',(#12401),#949);
#12401 = PRESENTATION_STYLE_ASSIGNMENT((#12402));
#12402 = SURFACE_STYLE_USAGE(.BOTH.,#12403);
#12403 = SURFACE_SIDE_STYLE('',(#12404));
#12404 = SURFACE_STYLE_FILL_AREA(#12405);
#12405 = FILL_AREA_STYLE('',(#12406));
#12406 = FILL_AREA_STYLE_COLOUR('',#11384);
#12407 = STYLED_ITEM('color',(#12408),#966);
#12408 = PRESENTATION_STYLE_ASSIGNMENT((#12409));
#12409 = SURFACE_STYLE_USAGE(.BOTH.,#12410);
#12410 = SURFACE_SIDE_STYLE('',(#12411));
#12411 = SURFACE_STYLE_FILL_AREA(#12412);
#12412 = FILL_AREA_STYLE('',(#12413));
#12413 = FILL_AREA_STYLE_COLOUR('',#11384);
#12414 = MECHANICAL_DESIGN_GEOMETRIC_PRESENTATION_REPRESENTATION('',(
    #12415,#12422,#12429,#12436,#12443,#12450,#12457,#12464,#12471,
    #12478,#12485,#12492,#12499,#12506,#12513,#12520,#12527,#12534,
    #12541,#12548,#12555,#12562,#12569,#12576,#12583,#12590,#12597,
    #12604),#8258);
#12415 = STYLED_ITEM('color',(#12416),#7406);
#12416 = PRESENTATION_STYLE_ASSIGNMENT((#12417));
#12417 = SURFACE_STYLE_USAGE(.BOTH.,#12418);
#12418 = SURFACE_SIDE_STYLE('',(#12419));
#12419 = SURFACE_STYLE_FILL_AREA(#12420);
#12420 = FILL_AREA_STYLE('',(#12421));
#12421 = FILL_AREA_STYLE_COLOUR('',#11384);
#12422 = STYLED_ITEM('color',(#12423),#7482);
#12423 = PRESENTATION_STYLE_ASSIGNMENT((#12424));
#12424 = SURFACE_STYLE_USAGE(.BOTH.,#12425);
#12425 = SURFACE_SIDE_STYLE('',(#12426));
#12426 = SURFACE_STYLE_FILL_AREA(#12427);
#12427 = FILL_AREA_STYLE('',(#12428));
#12428 = FILL_AREA_STYLE_COLOUR('',#11384);
#12429 = STYLED_ITEM('color',(#12430),#7513);
#12430 = PRESENTATION_STYLE_ASSIGNMENT((#12431));
#12431 = SURFACE_STYLE_USAGE(.BOTH.,#12432);
#12432 = SURFACE_SIDE_STYLE('',(#12433));
#12433 = SURFACE_STYLE_FILL_AREA(#12434);
#12434 = FILL_AREA_STYLE('',(#12435));
#12435 = FILL_AREA_STYLE_COLOUR('',#11384);
#12436 = STYLED_ITEM('color',(#12437),#7538);
#12437 = PRESENTATION_STYLE_ASSIGNMENT((#12438));
#12438 = SURFACE_STYLE_USAGE(.BOTH.,#12439);
#12439 = SURFACE_SIDE_STYLE('',(#12440));
#12440 = SURFACE_STYLE_FILL_AREA(#12441);
#12441 = FILL_AREA_STYLE('',(#12442));
#12442 = FILL_AREA_STYLE_COLOUR('',#11384);
#12443 = STYLED_ITEM('color',(#12444),#7563);
#12444 = PRESENTATION_STYLE_ASSIGNMENT((#12445));
#12445 = SURFACE_STYLE_USAGE(.BOTH.,#12446);
#12446 = SURFACE_SIDE_STYLE('',(#12447));
#12447 = SURFACE_STYLE_FILL_AREA(#12448);
#12448 = FILL_AREA_STYLE('',(#12449));
#12449 = FILL_AREA_STYLE_COLOUR('',#11384);
#12450 = STYLED_ITEM('color',(#12451),#7587);
#12451 = PRESENTATION_STYLE_ASSIGNMENT((#12452));
#12452 = SURFACE_STYLE_USAGE(.BOTH.,#12453);
#12453 = SURFACE_SIDE_STYLE('',(#12454));
#12454 = SURFACE_STYLE_FILL_AREA(#12455);
#12455 = FILL_AREA_STYLE('',(#12456));
#12456 = FILL_AREA_STYLE_COLOUR('',#11384);
#12457 = STYLED_ITEM('color',(#12458),#7611);
#12458 = PRESENTATION_STYLE_ASSIGNMENT((#12459));
#12459 = SURFACE_STYLE_USAGE(.BOTH.,#12460);
#12460 = SURFACE_SIDE_STYLE('',(#12461));
#12461 = SURFACE_STYLE_FILL_AREA(#12462);
#12462 = FILL_AREA_STYLE('',(#12463));
#12463 = FILL_AREA_STYLE_COLOUR('',#11384);
#12464 = STYLED_ITEM('color',(#12465),#7636);
#12465 = PRESENTATION_STYLE_ASSIGNMENT((#12466));
#12466 = SURFACE_STYLE_USAGE(.BOTH.,#12467);
#12467 = SURFACE_SIDE_STYLE('',(#12468));
#12468 = SURFACE_STYLE_FILL_AREA(#12469);
#12469 = FILL_AREA_STYLE('',(#12470));
#12470 = FILL_AREA_STYLE_COLOUR('',#11384);
#12471 = STYLED_ITEM('color',(#12472),#7661);
#12472 = PRESENTATION_STYLE_ASSIGNMENT((#12473));
#12473 = SURFACE_STYLE_USAGE(.BOTH.,#12474);
#12474 = SURFACE_SIDE_STYLE('',(#12475));
#12475 = SURFACE_STYLE_FILL_AREA(#12476);
#12476 = FILL_AREA_STYLE('',(#12477));
#12477 = FILL_AREA_STYLE_COLOUR('',#11384);
#12478 = STYLED_ITEM('color',(#12479),#7678);
#12479 = PRESENTATION_STYLE_ASSIGNMENT((#12480));
#12480 = SURFACE_STYLE_USAGE(.BOTH.,#12481);
#12481 = SURFACE_SIDE_STYLE('',(#12482));
#12482 = SURFACE_STYLE_FILL_AREA(#12483);
#12483 = FILL_AREA_STYLE('',(#12484));
#12484 = FILL_AREA_STYLE_COLOUR('',#11384);
#12485 = STYLED_ITEM('color',(#12486),#7764);
#12486 = PRESENTATION_STYLE_ASSIGNMENT((#12487));
#12487 = SURFACE_STYLE_USAGE(.BOTH.,#12488);
#12488 = SURFACE_SIDE_STYLE('',(#12489));
#12489 = SURFACE_STYLE_FILL_AREA(#12490);
#12490 = FILL_AREA_STYLE('',(#12491));
#12491 = FILL_AREA_STYLE_COLOUR('',#11823);
#12492 = STYLED_ITEM('color',(#12493),#7796);
#12493 = PRESENTATION_STYLE_ASSIGNMENT((#12494));
#12494 = SURFACE_STYLE_USAGE(.BOTH.,#12495);
#12495 = SURFACE_SIDE_STYLE('',(#12496));
#12496 = SURFACE_STYLE_FILL_AREA(#12497);
#12497 = FILL_AREA_STYLE('',(#12498));
#12498 = FILL_AREA_STYLE_COLOUR('',#11823);
#12499 = STYLED_ITEM('color',(#12500),#7820);
#12500 = PRESENTATION_STYLE_ASSIGNMENT((#12501));
#12501 = SURFACE_STYLE_USAGE(.BOTH.,#12502);
#12502 = SURFACE_SIDE_STYLE('',(#12503));
#12503 = SURFACE_STYLE_FILL_AREA(#12504);
#12504 = FILL_AREA_STYLE('',(#12505));
#12505 = FILL_AREA_STYLE_COLOUR('',#11823);
#12506 = STYLED_ITEM('color',(#12507),#7845);
#12507 = PRESENTATION_STYLE_ASSIGNMENT((#12508));
#12508 = SURFACE_STYLE_USAGE(.BOTH.,#12509);
#12509 = SURFACE_SIDE_STYLE('',(#12510));
#12510 = SURFACE_STYLE_FILL_AREA(#12511);
#12511 = FILL_AREA_STYLE('',(#12512));
#12512 = FILL_AREA_STYLE_COLOUR('',#11823);
#12513 = STYLED_ITEM('color',(#12514),#7869);
#12514 = PRESENTATION_STYLE_ASSIGNMENT((#12515));
#12515 = SURFACE_STYLE_USAGE(.BOTH.,#12516);
#12516 = SURFACE_SIDE_STYLE('',(#12517));
#12517 = SURFACE_STYLE_FILL_AREA(#12518);
#12518 = FILL_AREA_STYLE('',(#12519));
#12519 = FILL_AREA_STYLE_COLOUR('',#11823);
#12520 = STYLED_ITEM('color',(#12521),#7894);
#12521 = PRESENTATION_STYLE_ASSIGNMENT((#12522));
#12522 = SURFACE_STYLE_USAGE(.BOTH.,#12523);
#12523 = SURFACE_SIDE_STYLE('',(#12524));
#12524 = SURFACE_STYLE_FILL_AREA(#12525);
#12525 = FILL_AREA_STYLE('',(#12526));
#12526 = FILL_AREA_STYLE_COLOUR('',#11823);
#12527 = STYLED_ITEM('color',(#12528),#7918);
#12528 = PRESENTATION_STYLE_ASSIGNMENT((#12529));
#12529 = SURFACE_STYLE_USAGE(.BOTH.,#12530);
#12530 = SURFACE_SIDE_STYLE('',(#12531));
#12531 = SURFACE_STYLE_FILL_AREA(#12532);
#12532 = FILL_AREA_STYLE('',(#12533));
#12533 = FILL_AREA_STYLE_COLOUR('',#11823);
#12534 = STYLED_ITEM('color',(#12535),#7943);
#12535 = PRESENTATION_STYLE_ASSIGNMENT((#12536));
#12536 = SURFACE_STYLE_USAGE(.BOTH.,#12537);
#12537 = SURFACE_SIDE_STYLE('',(#12538));
#12538 = SURFACE_STYLE_FILL_AREA(#12539);
#12539 = FILL_AREA_STYLE('',(#12540));
#12540 = FILL_AREA_STYLE_COLOUR('',#11823);
#12541 = STYLED_ITEM('color',(#12542),#7960);
#12542 = PRESENTATION_STYLE_ASSIGNMENT((#12543));
#12543 = SURFACE_STYLE_USAGE(.BOTH.,#12544);
#12544 = SURFACE_SIDE_STYLE('',(#12545));
#12545 = SURFACE_STYLE_FILL_AREA(#12546);
#12546 = FILL_AREA_STYLE('',(#12547));
#12547 = FILL_AREA_STYLE_COLOUR('',#11384);
#12548 = STYLED_ITEM('color',(#12549),#8046);
#12549 = PRESENTATION_STYLE_ASSIGNMENT((#12550));
#12550 = SURFACE_STYLE_USAGE(.BOTH.,#12551);
#12551 = SURFACE_SIDE_STYLE('',(#12552));
#12552 = SURFACE_STYLE_FILL_AREA(#12553);
#12553 = FILL_AREA_STYLE('',(#12554));
#12554 = FILL_AREA_STYLE_COLOUR('',#11384);
#12555 = STYLED_ITEM('color',(#12556),#8077);
#12556 = PRESENTATION_STYLE_ASSIGNMENT((#12557));
#12557 = SURFACE_STYLE_USAGE(.BOTH.,#12558);
#12558 = SURFACE_SIDE_STYLE('',(#12559));
#12559 = SURFACE_STYLE_FILL_AREA(#12560);
#12560 = FILL_AREA_STYLE('',(#12561));
#12561 = FILL_AREA_STYLE_COLOUR('',#11384);
#12562 = STYLED_ITEM('color',(#12563),#8102);
#12563 = PRESENTATION_STYLE_ASSIGNMENT((#12564));
#12564 = SURFACE_STYLE_USAGE(.BOTH.,#12565);
#12565 = SURFACE_SIDE_STYLE('',(#12566));
#12566 = SURFACE_STYLE_FILL_AREA(#12567);
#12567 = FILL_AREA_STYLE('',(#12568));
#12568 = FILL_AREA_STYLE_COLOUR('',#11384);
#12569 = STYLED_ITEM('color',(#12570),#8127);
#12570 = PRESENTATION_STYLE_ASSIGNMENT((#12571));
#12571 = SURFACE_STYLE_USAGE(.BOTH.,#12572);
#12572 = SURFACE_SIDE_STYLE('',(#12573));
#12573 = SURFACE_STYLE_FILL_AREA(#12574);
#12574 = FILL_AREA_STYLE('',(#12575));
#12575 = FILL_AREA_STYLE_COLOUR('',#11384);
#12576 = STYLED_ITEM('color',(#12577),#8151);
#12577 = PRESENTATION_STYLE_ASSIGNMENT((#12578));
#12578 = SURFACE_STYLE_USAGE(.BOTH.,#12579);
#12579 = SURFACE_SIDE_STYLE('',(#12580));
#12580 = SURFACE_STYLE_FILL_AREA(#12581);
#12581 = FILL_AREA_STYLE('',(#12582));
#12582 = FILL_AREA_STYLE_COLOUR('',#11384);
#12583 = STYLED_ITEM('color',(#12584),#8175);
#12584 = PRESENTATION_STYLE_ASSIGNMENT((#12585));
#12585 = SURFACE_STYLE_USAGE(.BOTH.,#12586);
#12586 = SURFACE_SIDE_STYLE('',(#12587));
#12587 = SURFACE_STYLE_FILL_AREA(#12588);
#12588 = FILL_AREA_STYLE('',(#12589));
#12589 = FILL_AREA_STYLE_COLOUR('',#11384);
#12590 = STYLED_ITEM('color',(#12591),#8200);
#12591 = PRESENTATION_STYLE_ASSIGNMENT((#12592));
#12592 = SURFACE_STYLE_USAGE(.BOTH.,#12593);
#12593 = SURFACE_SIDE_STYLE('',(#12594));
#12594 = SURFACE_STYLE_FILL_AREA(#12595);
#12595 = FILL_AREA_STYLE('',(#12596));
#12596 = FILL_AREA_STYLE_COLOUR('',#11384);
#12597 = STYLED_ITEM('color',(#12598),#8225);
#12598 = PRESENTATION_STYLE_ASSIGNMENT((#12599));
#12599 = SURFACE_STYLE_USAGE(.BOTH.,#12600);
#12600 = SURFACE_SIDE_STYLE('',(#12601));
#12601 = SURFACE_STYLE_FILL_AREA(#12602);
#12602 = FILL_AREA_STYLE('',(#12603));
#12603 = FILL_AREA_STYLE_COLOUR('',#11384);
#12604 = STYLED_ITEM('color',(#12605),#8242);
#12605 = PRESENTATION_STYLE_ASSIGNMENT((#12606));
#12606 = SURFACE_STYLE_USAGE(.BOTH.,#12607);
#12607 = SURFACE_SIDE_STYLE('',(#12608));
#12608 = SURFACE_STYLE_FILL_AREA(#12609);
#12609 = FILL_AREA_STYLE('',(#12610));
#12610 = FILL_AREA_STYLE_COLOUR('',#11384);
#12611 = MECHANICAL_DESIGN_GEOMETRIC_PRESENTATION_REPRESENTATION('',(
    #12612),#6510);
#12612 = STYLED_ITEM('color',(#12613),#6360);
#12613 = PRESENTATION_STYLE_ASSIGNMENT((#12614,#12619));
#12614 = SURFACE_STYLE_USAGE(.BOTH.,#12615);
#12615 = SURFACE_SIDE_STYLE('',(#12616));
#12616 = SURFACE_STYLE_FILL_AREA(#12617);
#12617 = FILL_AREA_STYLE('',(#12618));
#12618 = FILL_AREA_STYLE_COLOUR('',#11310);
#12619 = CURVE_STYLE('',#12620,POSITIVE_LENGTH_MEASURE(0.1),#11310);
#12620 = DRAUGHTING_PRE_DEFINED_CURVE_FONT('continuous');
#12621 = MECHANICAL_DESIGN_GEOMETRIC_PRESENTATION_REPRESENTATION('',(
    #12622,#12631,#12640),#1670);
#12622 = STYLED_ITEM('color',(#12623),#1220);
#12623 = PRESENTATION_STYLE_ASSIGNMENT((#12624,#12629));
#12624 = SURFACE_STYLE_USAGE(.BOTH.,#12625);
#12625 = SURFACE_SIDE_STYLE('',(#12626));
#12626 = SURFACE_STYLE_FILL_AREA(#12627);
#12627 = FILL_AREA_STYLE('',(#12628));
#12628 = FILL_AREA_STYLE_COLOUR('',#11310);
#12629 = CURVE_STYLE('',#12630,POSITIVE_LENGTH_MEASURE(0.1),#11310);
#12630 = DRAUGHTING_PRE_DEFINED_CURVE_FONT('continuous');
#12631 = STYLED_ITEM('color',(#12632),#1370);
#12632 = PRESENTATION_STYLE_ASSIGNMENT((#12633,#12638));
#12633 = SURFACE_STYLE_USAGE(.BOTH.,#12634);
#12634 = SURFACE_SIDE_STYLE('',(#12635));
#12635 = SURFACE_STYLE_FILL_AREA(#12636);
#12636 = FILL_AREA_STYLE('',(#12637));
#12637 = FILL_AREA_STYLE_COLOUR('',#11310);
#12638 = CURVE_STYLE('',#12639,POSITIVE_LENGTH_MEASURE(0.1),#11310);
#12639 = DRAUGHTING_PRE_DEFINED_CURVE_FONT('continuous');
#12640 = STYLED_ITEM('color',(#12641),#1520);
#12641 = PRESENTATION_STYLE_ASSIGNMENT((#12642,#12647));
#12642 = SURFACE_STYLE_USAGE(.BOTH.,#12643);
#12643 = SURFACE_SIDE_STYLE('',(#12644));
#12644 = SURFACE_STYLE_FILL_AREA(#12645);
#12645 = FILL_AREA_STYLE('',(#12646));
#12646 = FILL_AREA_STYLE_COLOUR('',#11310);
#12647 = CURVE_STYLE('',#12648,POSITIVE_LENGTH_MEASURE(0.1),#11310);
#12648 = DRAUGHTING_PRE_DEFINED_CURVE_FONT('continuous');
#12649 = MECHANICAL_DESIGN_GEOMETRIC_PRESENTATION_REPRESENTATION('',(
    #12650),#3226);
#12650 = STYLED_ITEM('color',(#12651),#2639);
#12651 = PRESENTATION_STYLE_ASSIGNMENT((#12652,#12657));
#12652 = SURFACE_STYLE_USAGE(.BOTH.,#12653);
#12653 = SURFACE_SIDE_STYLE('',(#12654));
#12654 = SURFACE_STYLE_FILL_AREA(#12655);
#12655 = FILL_AREA_STYLE('',(#12656));
#12656 = FILL_AREA_STYLE_COLOUR('',#11951);
#12657 = CURVE_STYLE('',#12658,POSITIVE_LENGTH_MEASURE(0.1),#11951);
#12658 = DRAUGHTING_PRE_DEFINED_CURVE_FONT('continuous');
ENDSEC;
END-ISO-10303-21;
